id_partida,jugador,mapa,modo,personaje,rol,kills,asistencias,muertes,headshots,compañeros,rango,subrango,composición,acs,fb,fd,racha,rondas_ganadas,rondas_perdidas,fecha,fecha_legible
ab8fb01d-d149-400e-bcb7-b2e25c8ee7fd,PREDA,Ascent,Competitive,Chamber,Centinela,13,2,15,6,"['Bino Rebolante', 'Zynax', 'nik', 'MIBR ASPAS']",Diamond,3.0,"['Brimstone', 'Sova', 'Chamber', 'Phoenix', 'Jett']",186.55,1,0,0,7,13,,
8a08045c-41d4-4e1a-aebc-059bd791cb45,PREDA,Ascent,Competitive,Chamber,Centinela,15,2,14,9,"['Cατα', 'THN DANONINO', 'Aim Enjoyerツ', 'ssssss']",Diamond,3.0,"['Sage', 'Chamber', 'Omen', 'Sova', 'Jett']",186.273,1,1,1,13,9,,
3839b5be-7d37-45e5-aecb-36864c969d47,PREDA,Haven,Competitive,Reyna,Duelista,20,4,15,13,"['bikiniBottomfrag', 'Stark', 'Farmangar', 'cherche egirl']",Diamond,3.0,"['Reyna', 'Jett', 'Sova', 'Chamber', 'Clove']",264.857,3,0,2,13,8,,
f53ab275-f2c5-44c1-b886-bc5ba13ea350,PREDA,Lotus,Competitive,Neon,Duelista,14,9,20,6,"['dragaomts', 'lima', 'NRG Opy', 'katsa']",Diamond,3.0,"['Reyna', 'Neon', 'Omen', 'Vyse', 'Fade']",174.846,4,2,0,12,14,,
23631cb0-fd7b-4887-809e-d4bd4163f7a6,PREDA,Breeze,Competitive,Reyna,Duelista,22,2,17,13,"['Ashx', '0 AIM', 'EN1GM4', 'NRG Opy']",Diamond,3.0,"['Reyna', 'Tejo', 'Chamber', 'Jett', 'Viper']",262.435,3,2,1,13,10,,
5596dd4a-2027-4957-9a4b-29fe63efa003,PREDA,Split,Competitive,Reyna,Duelista,22,3,17,19,"['Stepsister', 'dArk', 'simiotactico', 'OPYfps']",Diamond,3.0,"['Reyna', 'Sage', 'Jett', 'Skye', 'Clove']",301.045,4,1,0,9,13,1781294571.0,"Friday, June 12, 2026 08:02 PM"
d0212736-b037-429f-95af-0605f0363f42,PREDA,Skirmish A,Custom Game,Phoenix,Duelista,10,3,9,0,['OPYfps'],Unrated,,"['Jett', 'Phoenix']",163.846,5,3,1,10,3,1781294122.0,"Friday, June 12, 2026 07:55 PM"
a154bdd2-0eb0-4b8d-b1da-982487e0c795,PREDA,Pearl,Competitive,Chamber,Centinela,6,4,11,2,"['rom3ro', 'iuli', 'Lotus', 'OPYfps']",Diamond,3.0,"['Killjoy', 'Jett', 'Sova', 'Clove', 'Chamber']",132.429,0,2,0,1,11,1781292428.0,"Friday, June 12, 2026 07:27 PM"
c99b6c99-02fd-4cb1-8fd5-67dad6689622,PREDA,Breeze,Competitive,Chamber,Centinela,14,7,19,8,"['ELMESÍAS9002', 'MIBR sacy', 'Sad 純', 'OPYfps']",Diamond,3.0,"['Reyna', 'Jett', 'Sova', 'Harbor', 'Chamber']",168.5,2,3,1,13,11,1781289914.0,"Friday, June 12, 2026 06:45 PM"
4708da8b-9816-446a-a17e-741405878925,PREDA,Pearl,Competitive,Chamber,Centinela,20,6,14,13,"['shadowserx', 'Guiiito', 'Its Aiden', 'Piuadowski']",Diamond,3.0,"['Jett', 'Killjoy', 'Fade', 'Miks', 'Chamber']",255.381,0,1,2,13,8,1781287294.0,"Friday, June 12, 2026 06:01 PM"
c7bf25c1-707a-403b-b51b-13aabbf6fb15,PREDA,Split,Competitive,Reyna,Duelista,19,2,16,11,"['Spectralcry', 'Thanatos', 'OPYfps', 'SpuFyX    々']",Diamond,3.0,"['Reyna', 'Skye', 'Veto', 'Clove', 'Jett']",215.261,3,2,0,10,13,1781380372.0,"Saturday, June 13, 2026 07:52 PM"
e4920482-8024-4bda-a151-2eb0a9c56a70,PREDA,Skirmish A,Custom Game,Jett,Duelista,13,2,12,0,['KATANA'],Unrated,,"['Jett', 'Sage']",221.062,6,5,1,10,6,1781378139.0,"Saturday, June 13, 2026 07:15 PM"
a42cf60e-e045-438a-bd8a-c42f9cf2fcb7,PREDA,Skirmish D,Custom Game,Jett,Duelista,8,1,12,0,['Hijano95'],Unrated,,"['Breach', 'Jett']",121.938,5,4,0,6,10,1781376499.0,"Saturday, June 13, 2026 06:48 PM"
ee859ba0-218e-419c-9cc1-95fef497c89c,PREDA,Fracture,Competitive,Reyna,Duelista,15,3,15,9,"['Blondes Lover', 'Jqel05', 'SpaceVbar', 'Intermarche']",Diamond,3.0,"['Chamber', 'Jett', 'Reyna', 'Killjoy', 'Clove']",198.75,1,3,1,13,7,1781373188.0,"Saturday, June 13, 2026 05:53 PM"
d41f9339-f83f-4984-a144-4bffc7eeb238,PREDA,District,Team Deathmatch,Jett,Duelista,20,9,25,16,"['Jalal', 'ESPAÑAFRANQUISTA', 'Michi', 'KeTeVoteTxapote']",Unrated,,"['Jett', 'Phoenix', 'Fade', 'Reyna', 'Raze']",5940.0,0,0,0,96,100,1781457860.0,"Sunday, June 14, 2026 05:24 PM"
e4012e8b-12e5-4f22-aa1e-82d14d59f6d0,PREDA,Fracture,Competitive,Chamber,Centinela,10,1,14,6,"['Патрионикс', 'GabrielRufian', 'OPYfps', 'PropiedadDeValu']",Diamond,3.0,"['Astra', 'Reyna', 'Chamber', 'Tejo', 'Jett']",184.875,0,2,0,3,13,1781466867.0,"Sunday, June 14, 2026 07:54 PM"
5563f4ff-38a3-4f23-afba-e324c1e026b5,PREDA,Lotus,Competitive,Reyna,Duelista,15,8,15,10,"['OPYfps', 'Desde las Rías', 'Hasta la costa ツ', 'LeviConKuronami']",Diamond,3.0,"['Reyna', 'Omen', 'Chamber', 'Sage', 'Fade']",278.882,1,4,1,13,4,1781464916.0,"Sunday, June 14, 2026 07:21 PM"
82d2fff6-9fb0-4d45-91c1-80bd0129eb72,PREDA,Breeze,Competitive,Reyna,Duelista,17,1,13,8,"['SoloQDarius', 'ImSWEETbutCRAZY', 'Veritucienta', 'OPYfps']",Diamond,3.0,"['Breach', 'Reyna', 'Jett', 'Sage', 'Viper']",259.824,1,1,2,13,4,1781463062.0,"Sunday, June 14, 2026 06:51 PM"
c1d3fe19-6125-4ad3-8675-62c771bdc99b,PREDA,Skirmish C,Custom Game,Phoenix,Duelista,2,1,11,0,['OPYfps'],Unrated,,"['Phoenix', 'Jett']",64.429,2,7,0,4,10,1781461617.0,"Sunday, June 14, 2026 06:26 PM"
19a7300d-2a8b-4d5d-9b6f-14d9332157ae,PREDA,Skirmish C,Custom Game,Jett,Duelista,10,3,12,0,['OPYfps'],Unrated,,"['Phoenix', 'Jett']",153.0,6,5,0,8,10,1781461084.0,"Sunday, June 14, 2026 06:18 PM"
fdc6113c-f3c4-4ecf-8784-9d0fbadbd77c,PREDA,Haven,Competitive,Chamber,Centinela,19,1,13,15,"['unsafe fn aim', 'OPYfps', 'SpuFyX    々', 'Barrage']",Diamond,3.0,"['Omen', 'Chamber', 'Sova', 'Jett', 'Phoenix']",229.87,4,2,1,13,10,1781540251.0,"Monday, June 15, 2026 04:17 PM"
acf13fbd-78ea-44fb-9880-20383ced482c,PREDA,Lotus,Competitive,Reyna,Duelista,13,3,7,10,"['The Rizzler', 'Akari', 'OPYfps', 'Manguinho']",Diamond,3.0,"['Gekko', 'Miks', 'Reyna', 'Omen', 'Chamber']",271.692,4,1,2,13,0,1781538485.0,"Monday, June 15, 2026 03:48 PM"
9e611015-2cda-4e6a-a60b-b9e1a4eb6727,PREDA,Pearl,Competitive,Chamber,Centinela,29,3,15,15,"['sanamundi', 'OPYfps', 'Mugi', 'Tranzit']",Diamond,3.0,"['Fade', 'Chamber', 'Clove', 'Jett', 'Reyna']",290.857,4,0,0,13,15,1781535035.0,"Monday, June 15, 2026 02:50 PM"
617155f9-f635-4c28-9211-45925a73f1ae,PREDA,Ascent,Competitive,Chamber,Centinela,12,4,15,7,"['bbys al dm', 'OPYfps', '999', 'espanol28']",Diamond,3.0,"['Chamber', 'Jett', 'Sova', 'Phoenix', 'Omen']",192.278,2,4,0,5,13,1781533022.0,"Monday, June 15, 2026 02:17 PM"
379f62a2-51b9-45ca-971a-b993109a55f1,PREDA,Pearl,Competitive,Chamber,Centinela,18,3,11,7,"['naylem', 'あなたはゲイです', 'flicks ツ', 'ポール']",Diamond,3.0,"['Phoenix', 'Omen', 'Chamber', 'Jett', 'Fade']",255.0,4,2,1,13,7,1781628675.0,"Tuesday, June 16, 2026 04:51 PM"
d9895253-4515-471e-8d5c-54265bf474fb,PREDA,Split,Competitive,Chamber,Centinela,22,1,18,11,"['OPYfps', 'BiscuitPOire', 'МНЗГО', 'Dr Headshot']",Diamond,3.0,"['KAY/O', 'Reyna', 'Chamber', 'Jett', 'Clove']",243.217,4,0,2,13,10,1781626230.0,"Tuesday, June 16, 2026 04:10 PM"
bc85da53-247e-418a-8c66-8a2031dda40c,PREDA,Pearl,Competitive,Chamber,Centinela,11,0,19,6,"['goofy boy', 'OPYfps', 'МНЗГО', 'xusmi on detox']",Diamond,3.0,"['Jett', 'Clove', 'Gekko', 'Chamber', 'Reyna']",140.364,2,3,0,9,13,1781623761.0,"Tuesday, June 16, 2026 03:29 PM"
16553cd0-adbf-43dc-ba37-dcdc4b37af9e,PREDA,Ascent,Competitive,Chamber,Centinela,32,3,21,18,"['PSOE9002', 'VOX9002', 'OPYfps', 'МНЗГО']",Diamond,3.0,"['Clove', 'Phoenix', 'Sova', 'Jett', 'Chamber']",308.75,5,2,0,14,14,1781620590.0,"Tuesday, June 16, 2026 02:36 PM"
0a779926-dad3-427b-bef7-72b6dcf27ba3,PREDA,Breeze,Competitive,Waylay,Duelista,8,1,16,5,"['Dinisov', 'blessed', 'Eu farei 10x', 'Alex']",Diamond,3.0,"['Chamber', 'Sova', 'Reyna', 'Waylay', 'Viper']",144.235,3,2,0,4,13,1781618618.0,"Tuesday, June 16, 2026 02:03 PM"
320fb945-cad3-4b36-b959-74476d0925be,PREDA,Split,Competitive,Reyna,Duelista,18,0,16,11,"['Very G1', 'Renatin', 'OPYfps', 'TNR500']",Diamond,3.0,"['Breach', 'Omen', 'Chamber', 'Reyna', 'Waylay']",187.565,0,0,1,13,10,1781651104.0,"Tuesday, June 16, 2026 11:05 PM"
3b892e7b-13cd-48e1-ab50-1816f681d15e,PREDA,Ascent,Competitive,Chamber,Centinela,23,1,16,14,"['Nunes 1v99', 'Sniffeur2Litière', 'Gooner femboy', 'OPYfps']",Diamond,3.0,"['Chamber', 'Sova', 'Reyna', 'Waylay', 'Omen']",256.0,1,3,0,10,13,1781648464.0,"Tuesday, June 16, 2026 10:21 PM"
56775827-f278-4d25-90ac-861add29f8c7,PREDA,Lotus,Competitive,Chamber,Centinela,14,0,17,13,"['我愛你 茱莉亞', 'HelloKitty', 'Audi RSQ8', 'kriifils19']",Diamond,3.0,"['Omen', 'Jett', 'Raze', 'Chamber', 'Reyna']",201.857,2,2,0,8,13,1781645938.0,"Tuesday, June 16, 2026 09:38 PM"
a0cf4d23-ae3a-424a-94ec-b41535afe4ea,PREDA,Pearl,Competitive,Reyna,Duelista,15,4,15,10,"['TSEMIN', 'good07', 'LastherioNn', 'OPYfps']",Diamond,3.0,"['Jett', 'Reyna', 'Phoenix', 'Chamber', 'Clove']",200.727,2,1,0,9,13,1781654222.0,"Tuesday, June 16, 2026 11:57 PM"
cc68b838-575f-4347-a572-bda58c7913b9,PREDA,Lotus,Competitive,Reyna,Duelista,10,3,16,5,"['Zorgrak', 'urz03', 'botfrag 1', 'Danibzzz']",Diamond,2.0,"['Reyna', 'Miks', 'Gekko', 'Chamber', 'Jett']",169.333,0,2,0,5,13,1781706396.0,"Wednesday, June 17, 2026 02:26 PM"
d47f5e4e-7584-4123-a2a7-37fc2f01887c,PREDA,Fracture,Competitive,Reyna,Duelista,26,3,16,18,"['N 1 C O', 'ツＢＯＹＫＡ', 'Dokylian Mbappé', 'Cherki 10']",Diamond,2.0,"['Reyna', 'Breach', 'Jett', 'Chamber', 'Brimstone']",309.13,2,1,0,10,13,1781703987.0,"Wednesday, June 17, 2026 01:46 PM"
b97bdacb-f697-4e5d-8008-a59b12dbc64c,PREDA,Ascent,Competitive,Omen,Controlador,9,6,17,7,"['XxFenix7xX', 'ikigai fated', 'NO carrileo', 'GAADEAA']",Diamond,3.0,"['Phoenix', 'Omen', 'Jett', 'Chamber', 'KAY/O']",141.143,1,1,0,8,13,1781701750.0,"Wednesday, June 17, 2026 01:09 PM"
946ea7a1-f92c-4f76-9420-8a13d6d3e19f,PREDA,Haven,Competitive,Reyna,Duelista,29,5,19,15,"['VB CereS', 'nohaypisopanaide', 'dydy', 'Pax死']",Diamond,2.0,"['Clove', 'Chamber', 'Reyna', 'Skye', 'Jett']",289.107,1,1,0,13,15,1781725455.0,"Wednesday, June 17, 2026 07:44 PM"
7fed6ea8-74ae-42b1-bf8b-b681bd8ded46,PREDA,Fracture,Competitive,Reyna,Duelista,12,6,15,12,"['garbanzit0', 'thefox707', 'G0n', 'benyjr']",Diamond,2.0,"['Skye', 'Neon', 'Brimstone', 'Reyna', 'Chamber']",225.056,0,4,0,5,13,1781723405.0,"Wednesday, June 17, 2026 07:10 PM"
f546df77-4a3d-4439-b0dd-7ee8d1f854a3,PREDA,Haven,Competitive,Chamber,Centinela,13,1,18,7,"['HabichuelaReseca', 'mh1r', 'quinilloo', 'quiniwini']",Diamond,2.0,"['Gekko', 'Phoenix', 'Chamber', 'Omen', 'Jett']",195.45,0,1,0,7,13,1781814270.0,"Thursday, June 18, 2026 08:24 PM"
0f47f3e3-3f00-48cf-98b4-2465a1bf7131,PREDA,Fracture,Competitive,Chamber,Centinela,26,2,11,14,"['jvk0', 'Cooldog04k', 'starz', 'ILY OrangePanda']",Diamond,2.0,"['Jett', 'Deadlock', 'Chamber', 'Clove', 'Breach']",356.632,4,1,1,13,6,1781812199.0,"Thursday, June 18, 2026 07:49 PM"
a058812f-a405-4135-bc07-0e514965ed4a,PREDA,Fracture,Competitive,Chamber,Centinela,31,2,17,16,"['Octaedro', 'designer', 'TheWeedz2', 'ADN D4KING']",Diamond,2.0,"['Skye', 'Raze', 'Reyna', 'Astra', 'Chamber']",354.542,4,1,1,13,11,1781897599.0,"Friday, June 19, 2026 07:33 PM"
e1ee4481-d7ec-46ad-85fa-bea91a18c341,PREDA,Lotus,Competitive,Reyna,Duelista,16,2,11,10,"['TR Gardian 愛', 'アリーニョ', 'Исма', 'SP 愛']",Diamond,2.0,"['Tejo', 'Reyna', 'Omen', 'Raze', 'Chamber']",245.882,1,0,2,13,4,1781895592.0,"Friday, June 19, 2026 06:59 PM"
d052c9e8-32c2-425f-aee5-06f2c5bc7c8a,PREDA,Pearl,Competitive,Chamber,Centinela,17,1,16,7,"['PRX Proxime', '1s1s', 'ʍʍʍʍʍʍʍʍʍʍʍʍ', 'PRX RoKing']",Diamond,2.0,"['Yoru', 'Phoenix', 'Chamber', 'Clove', 'Tejo']",191.348,0,0,0,10,13,1781893158.0,"Friday, June 19, 2026 06:19 PM"
f76bb6f1-b8a5-4bc5-9844-df93a6d87cf0,PREDA,Haven,Competitive,Chamber,Centinela,21,1,18,15,"['ElNeekoTeEkko', 'dεïз', 'Capitan Rex', 'KilluaX']",Diamond,2.0,"['Miks', 'Chamber', 'Jett', 'Phoenix', 'Sova']",307.667,4,3,0,8,13,1781973544.0,"Saturday, June 20, 2026 04:39 PM"
8cf1fca2-11b8-4669-99b0-0d5c15c035c2,PREDA,Ascent,Competitive,Chamber,Centinela,23,3,13,11,"['deween', 'OPYfps', 'RIYAD ツ', 'BLUE LABEL']",Diamond,2.0,"['Jett', 'Sova', 'Clove', 'Phoenix', 'Chamber']",248.25,3,0,1,13,11,1781985588.0,"Saturday, June 20, 2026 07:59 PM"
6876ef88-57bf-459a-8df2-d849bf803302,PREDA,Fracture,Competitive,Reyna,Duelista,21,4,23,8,"['BotRuben', 'Naty', 'OPYfps', 'RIYAD ツ']",Diamond,2.0,"['Reyna', 'Phoenix', 'Miks', 'Tejo', 'Chamber']",245.538,4,4,0,12,14,1781982742.0,"Saturday, June 20, 2026 07:12 PM"
5dccaca8-adf4-46d1-a950-39079fda1bcd,PREDA,Pearl,Competitive,Chamber,Centinela,19,1,15,9,"['HerocazaJr', 'TikTok TREXx04', 'AMG GT 63S', 'Antonio Recio']",Diamond,2.0,"['Waylay', 'Chamber', 'Sage', 'Phoenix', 'Clove']",291.833,1,2,0,5,13,1781980718.0,"Saturday, June 20, 2026 06:38 PM"
6f0050cf-ad2a-4e9b-9aed-2ed3bb04e292,PREDA,Pearl,Competitive,Reyna,Duelista,19,3,9,16,"['Sacy Da Feira', 'E30 OWNER', 'ÑHeadshot', 'Ig azeiteツ']",Diamond,2.0,"['Reyna', 'Jett', 'Gekko', 'Clove', 'Chamber']",234.8,0,0,1,13,7,1781978631.0,"Saturday, June 20, 2026 06:03 PM"
a5fd922e-0a2e-4e5a-a790-dadf731f0558,PREDA,Split,Competitive,Chamber,Centinela,21,2,17,9,"['PajaAlFallo', 'Ales', 'vjkjmjnrpsgjh', 'ElTitoAnson']",Diamond,2.0,"['Omen', 'Sage', 'Chamber', 'Skye', 'Raze']",225.167,4,2,2,13,11,1781975888.0,"Saturday, June 20, 2026 05:18 PM"
298f2aa0-c2f1-46c9-bb0a-fd5a2ff66d9e,PREDA,Lotus,Competitive,Chamber,Centinela,17,4,18,12,"['Eos', 'Alluka', 'Magik', 'criss ゐ']",Diamond,2.0,"['Jett', 'Clove', 'Sage', 'Breach', 'Chamber']",231.348,3,0,1,13,10,1782050302.0,"Sunday, June 21, 2026 01:58 PM"
1b995221-3778-4f3c-96b5-6f0ba78b24b6,PREDA,Breeze,Competitive,Chamber,Centinela,23,0,12,12,"['PapiSkipper', 'gabrielbolt96', 'GAC Fergs95', 'Klau']",Diamond,2.0,"['Chamber', 'Skye', 'Sova', 'Reyna', 'Astra']",342.053,3,0,0,6,13,1782047715.0,"Sunday, June 21, 2026 01:15 PM"
43d057c5-9138-4a3f-9618-d47893ca19a0,PREDA,Fracture,Competitive,Chamber,Centinela,15,2,16,10,"['Dortex', 'LOWFRANCES', 'Im Tuff', 'baratex']",Diamond,2.0,"['Jett', 'Clove', 'Reyna', 'Chamber', 'KAY/O']",176.167,2,3,1,13,11,1782045502.0,"Sunday, June 21, 2026 12:38 PM"
1a5545d9-5138-420b-a50e-066544c6156b,PREDA,Fracture,Competitive,Reyna,Duelista,9,0,14,5,"['Tusk', 'RIYAD ツ', 'Ahista', 'OPYfps']",Diamond,2.0,"['Brimstone', 'Chamber', 'Skye', 'Reyna', 'Tejo']",184.071,0,3,0,1,13,1782074923.0,"Sunday, June 21, 2026 08:48 PM"
729f0ad0-7a61-4705-804f-a802b2041912,PREDA,Pearl,Competitive,Chamber,Centinela,16,2,15,10,"['OPYfps', 'keta pal nene', 'Chrolllo', 'Yokai 改善']",Diamond,2.0,"['Chamber', 'Omen', 'Reyna', 'Tejo', 'Jett']",234.684,2,0,0,6,13,1782072471.0,"Sunday, June 21, 2026 08:07 PM"
d0693eb8-f0da-4302-82a7-5632c2a3a3fc,PREDA,Pearl,Competitive,Waylay,Duelista,8,1,18,6,"['OPYfps', 'Mini Ores', 'Indomable', 'Void']",Diamond,2.0,"['Waylay', 'Omen', 'Tejo', 'Sage', 'Reyna']",111.7,2,6,0,7,13,1782070182.0,"Sunday, June 21, 2026 07:29 PM"
451684a0-4082-4f94-ba43-4a2926c32cee,PREDA,Ascent,Competitive,Chamber,Centinela,9,0,5,3,"['OPYfps', 'PEKE20', 'anxiety', 'fear']",Diamond,2.0,"['Phoenix', 'Clove', 'Jett', 'Chamber', 'Sova']",132.375,2,3,1,10,3,1782068931.0,"Sunday, June 21, 2026 07:08 PM"
8732c089-136e-4df6-ad95-d81dcd4c8bae,PREDA,Drift,Team Deathmatch,Jett,Duelista,24,5,24,15,"['Jones Misko', 'megustalacebolla', 'kennyfr', 'MinyDavidey']",Unrated,,"['Reyna', 'Jett', 'Raze', 'Sova', 'Neon']",6295.0,0,0,2,100,95,1782068071.0,"Sunday, June 21, 2026 06:54 PM"
23e3734c-cfda-493d-b2cd-574281d0cfa6,PREDA,Fracture,Competitive,Waylay,Duelista,27,9,19,19,"['Whis', 'SilentHealツ', 'Danisquik', 'PacMan']",Diamond,2.0,"['Gekko', 'Waylay', 'Astra', 'Breach', 'Chamber']",268.321,2,1,0,13,15,1782132465.0,"Monday, June 22, 2026 12:47 PM"
9309c2ff-806e-4376-9954-c8d2953a79bc,PREDA,Lotus,Competitive,Chamber,Centinela,15,6,19,10,"['LaDudaEscarlata', 'BloodRechazo', 'EL LOKIKO', 'Baby Im Yours']",Diamond,2.0,"['Chamber', 'Fade', 'Raze', 'Omen', 'Sage']",226.1,5,3,0,7,13,1782147395.0,"Monday, June 22, 2026 04:56 PM"
6556a5db-4a3b-4b3a-b289-1538698f57a7,PREDA,Skirmish D,Custom Game,Sage,Centinela,16,1,6,0,['OPYfps'],Unrated,,"['Phoenix', 'Sage']",239.667,8,5,1,10,5,1782146889.0,"Monday, June 22, 2026 04:48 PM"
8f64e6c7-5fb6-475f-afa3-6624f3e23893,PREDA,Ascent,Competitive,Omen,Controlador,25,10,14,22,"['PabloMotorcycles', 'OPYfps', '66613', 'moggville']",Diamond,2.0,"['Cypher', 'Phoenix', 'Jett', 'Omen', 'KAY/O']",295.75,4,0,2,13,11,1782144409.0,"Monday, June 22, 2026 04:06 PM"
98745103-3d27-4a0d-ad04-cc4c0548b735,PREDA,Split,Competitive,Clove,Controlador,14,0,17,11,"['Akyraky', 'NiiTa', 'OPYfps', 'StyleXz']",Diamond,2.0,"['Killjoy', 'Sage', 'Skye', 'Clove', 'Raze']",178.19,0,1,0,8,13,1782140666.0,"Monday, June 22, 2026 03:04 PM"
afb619ca-4fbf-4b76-a91a-4c3a16420ae8,PREDA,Ascent,Competitive,Chamber,Centinela,18,3,18,13,"['Kigia', 'OPYfps', 'Orea25', 'witchblades']",Diamond,2.0,"['Jett', 'Phoenix', 'Chamber', 'Killjoy', 'Clove']",223.625,4,4,1,13,11,1782138068.0,"Monday, June 22, 2026 02:21 PM"
027cbba4-9854-4813-83d5-6061b66817c0,PREDA,Lotus,Competitive,Reyna,Duelista,8,1,13,6,"['I miss her', 'derknext', 'elreytilin4569', 'oxy']",Unrated,,"['Fade', 'Chamber', 'Clove', 'Jett', 'Reyna']",133.389,1,1,0,5,13,1782329561.0,"Wednesday, June 24, 2026 07:32 PM"
52c94a1e-4e15-4979-b7c9-c9663208908e,PREDA,Split,Competitive,Reyna,Duelista,24,1,18,19,"['Lose My Cool', 'Jorge5852', 'Malcolm Todd', 'Corpse eater cat']",Unrated,,"['Miks', 'Fade', 'Raze', 'Sage', 'Reyna']",257.154,2,5,1,14,12,1782325436.0,"Wednesday, June 24, 2026 06:23 PM"
045c7f98-40db-4fb3-8919-40fddca420f8,PREDA,Summit,Competitive,Reyna,Duelista,27,4,19,17,"['CoraZone', 'OPYfps', 'Erikatoh', 'CremaDeCalabacin']",Unrated,,"['Skye', 'Omen', 'Sage', 'Yoru', 'Reyna']",336.0,4,4,0,11,13,1782322159.0,"Wednesday, June 24, 2026 05:29 PM"
77734abe-b1a2-4b33-99e1-e9d1b571f72e,PREDA,Split,Competitive,Chamber,Centinela,4,1,13,3,"['RIYAD ツ', 'OPYfps', 'Bino Rebolante', 'MOBjplaybot泣']",Unrated,,"['Chamber', 'Jett', 'Omen', 'Sova', 'Reyna']",100.333,1,1,0,2,13,1782319550.0,"Wednesday, June 24, 2026 04:45 PM"
43fe6fd1-e029-4777-86bc-d106c024c02c,PREDA,Lotus,Competitive,Chamber,Centinela,22,1,12,16,"['Pinata088', 'afonsha', 'OPYfps', 'arccure']",Platinum,3.0,"['Fade', 'Chamber', 'Neon', 'Jett', 'Astra']",275.0,5,2,1,13,8,1782409254.0,"Thursday, June 25, 2026 05:40 PM"
c3af1375-2c00-4a00-a297-4d301639ce68,PREDA,Split,Competitive,Reyna,Duelista,21,3,20,14,"['GeraldPachv', 'OPYfps', 'CRIMINΛL MOOD UE', 'bernar']",Platinum,3.0,"['Reyna', 'Sage', 'Chamber', 'Omen', 'KAY/O']",244.565,4,2,0,10,13,1782406452.0,"Thursday, June 25, 2026 04:54 PM"
32852739-fba5-4cb9-8752-a94f4f50c083,PREDA,Sunset,Competitive,Chamber,Centinela,22,3,11,13,"['ICE Death', 'Batman', 'OPYfps', 'NXS F1re']",Platinum,2.0,"['Sova', 'Veto', 'Omen', 'Chamber', 'Raze']",307.25,4,2,1,13,7,1782404548.0,"Thursday, June 25, 2026 04:22 PM"
2afadc1e-740e-452b-a021-e726701b40c0,PREDA,Haven,Competitive,Reyna,Duelista,26,1,16,20,"['SP 愛', 'NXS F1re', 'TR Gardian 愛', 'ICE Death']",Platinum,2.0,"['Chamber', 'Raze', 'Reyna', 'Sova', 'Omen']",294.5,3,2,2,13,11,1782401950.0,"Thursday, June 25, 2026 03:39 PM"
7b1b4045-8676-4136-8a2e-166ec374f301,PREDA,Summit,Competitive,Reyna,Duelista,21,2,16,14,"['Pistachh12', 'YasiesoNo', '쿼 카', 'NS Korean 240hz']",Platinum,2.0,"['Reyna', 'Chamber', 'Omen', 'Sova', 'Jett']",261.565,6,4,0,10,13,1782399477.0,"Thursday, June 25, 2026 02:57 PM"
7e914b8f-df6f-426b-b5ea-fcc95e0e5341,PREDA,Haven,Competitive,Reyna,Duelista,5,2,15,2,"['ALBERTOCATETEAS', 'manguitorotador', 'OPYfps', 'X0PAS']",Platinum,3.0,"['Jett', 'Omen', 'KAY/O', 'Reyna', 'Chamber']",120.933,0,1,0,2,13,1782428930.0,"Thursday, June 25, 2026 11:08 PM"
41930b30-db57-405c-bef3-7e9fa485e811,PREDA,Breeze,Competitive,Chamber,Centinela,21,1,8,13,"['Damon', 'Jeff Buckley', '林群翔', 'OPYfps']",Platinum,3.0,"['Jett', 'Sova', 'Reyna', 'Viper', 'Chamber']",274.7,3,2,1,13,7,1782427053.0,"Thursday, June 25, 2026 10:37 PM"
e6d889a2-baae-4581-831e-4414a59dbe27,PREDA,Sunset,Competitive,Chamber,Centinela,20,3,16,8,"['FacePra', 'Ferxu', 'Wark', 'OPYfps']",Platinum,3.0,"['Chamber', 'Clove', 'Jett', 'Killjoy', 'Sova']",173.964,3,2,0,13,15,1782423886.0,"Thursday, June 25, 2026 09:44 PM"
6e036fd7-b0e8-4151-a243-1705fdde761e,PREDA,Haven,Competitive,Chamber,Centinela,19,3,13,13,"['etwan is better', 'WinaMinツ', 'OPYfps', '21 proton']",Platinum,3.0,"['Jett', 'Killjoy', 'Omen', 'Chamber', 'Phoenix']",234.318,3,2,1,13,9,1782492241.0,"Friday, June 26, 2026 04:44 PM"
14202ae1-fa7f-4a0f-b552-d529d5feba0d,PREDA,Breeze,Competitive,Chamber,Centinela,19,4,19,7,"['idfc', 'ψAlEψ', 'Blue', 'OPYfps']",Platinum,3.0,"['Jett', 'Phoenix', 'Sage', 'Viper', 'Chamber']",238.875,4,1,2,13,11,1782487083.0,"Friday, June 26, 2026 03:18 PM"
983e194a-8de4-483b-afb3-8ef5bf14850d,PREDA,Summit,Competitive,Reyna,Duelista,17,4,18,17,"['CoraZone', 'アルフォンソ', 'P0LAK', 'Aguadoy']",Platinum,3.0,"['Reyna', 'Skye', 'Clove', 'Cypher', 'Jett']",210.0,2,3,3,13,11,1782484293.0,"Friday, June 26, 2026 02:31 PM"
de0d6bc8-1ae9-49e5-992c-3a95e599166f,PREDA,Breeze,Competitive,Chamber,Centinela,23,5,22,13,"['Dunk Adriz', 'ElSimio09', 'Frksd', 'Snappy']",Platinum,3.0,"['Viper', 'Chamber', 'Clove', 'Jett', 'Sova']",240.679,2,2,4,15,13,1782481454.0,"Friday, June 26, 2026 01:44 PM"
13efbbcc-956f-4709-b19f-21629d6ae494,PREDA,Haven,Competitive,Chamber,Centinela,29,1,20,15,"['BBjefazo', 'Yung Beef ﾒ', '8 01', 'イKOSHMARASラハ']",Platinum,3.0,"['Chamber', 'Cypher', 'Omen', 'Jett', 'Sova']",248.733,3,3,4,15,15,1782478600.0,"Friday, June 26, 2026 12:56 PM"
3aad8555-e164-4646-bf42-775d0ba88d8b,PREDA,Split,Competitive,Chamber,Centinela,22,4,8,19,"['dientesdesable', 'AsHnIkKoL', 'Twistss', '装萌妹被打']",Platinum,3.0,"['Breach', 'Chamber', 'Sage', 'Clove', 'Jett']",292.2,0,1,1,13,7,1782507300.0,"Friday, June 26, 2026 08:55 PM"
3b307bc0-4ef9-4444-94f7-b9f9c3ee3a6a,PREDA,Ascent,Competitive,Chamber,Centinela,13,1,9,10,"['OPYfps', 'JOCHE', 'el manguera', 'Boby']",Diamond,1.0,"['Chamber', 'Sova', 'Phoenix', 'Miks', 'Waylay']",180.474,2,0,1,13,6,1782575902.0,"Saturday, June 27, 2026 03:58 PM"
c34bd04e-405e-4f0e-ada6-1f24a30a9776,PREDA,Haven,Competitive,Waylay,Duelista,26,3,18,17,"['OPYfps', 'StraX', 'Bananosobatatoso', 'lloret']",Diamond,1.0,"['Waylay', 'Clove', 'Chamber', 'Reyna', 'KAY/O']",284.538,4,2,2,14,12,1782572931.0,"Saturday, June 27, 2026 03:08 PM"
4702afb2-574f-4701-8399-468d1a7f8b69,PREDA,Lotus,Competitive,Chamber,Centinela,6,1,16,5,"['1KG DE PELLEJO', 'PhoEnnis31', 'lloret', 'OPYfps']",Diamond,1.0,"['Phoenix', 'Chamber', 'Reyna', 'Tejo', 'Omen']",106.278,1,3,0,5,13,1782570955.0,"Saturday, June 27, 2026 02:35 PM"
a7e16343-d1b4-4081-bc08-95016cd5a4b5,PREDA,Breeze,Competitive,Chamber,Centinela,17,1,8,8,"['norfor', 'aless', 'fã do tarang', 'MaGiCiaN']",Diamond,1.0,"['Jett', 'Yoru', 'Skye', 'Chamber', 'Omen']",208.667,2,2,1,13,5,1782565989.0,"Saturday, June 27, 2026 01:13 PM"
3c2c2c74-3d61-47c5-a182-d80836f89550,PREDA,Split,Competitive,Chamber,Centinela,28,2,3,20,"['RuβΞn57', 'SungJinwoo', 'KoYeKo7', 'Poli92']",Diamond,1.0,"['Jett', 'Phoenix', 'Omen', 'Chamber', 'Sage']",511.933,1,0,2,13,2,1782563634.0,"Saturday, June 27, 2026 12:33 PM"
1bfdaa8c-c1d7-4df4-a556-d10cce3031fb,PREDA,Ascent,Competitive,Chamber,Centinela,23,1,17,14,"['LaOoX', 'OPYfps', 'luke36', 'ARATAKI 悪魔']",Diamond,1.0,"['Jett', 'Omen', 'Phoenix', 'Chamber', 'Tejo']",279.565,1,1,0,10,13,1782595911.0,"Saturday, June 27, 2026 09:31 PM"
9f22e788-f596-47c9-9eba-2a11a1b40b60,PREDA,Breeze,Competitive,Chamber,Centinela,22,1,18,14,"['CRAZYESUS', 'thxinn', 'OPYfps', 'ARATAKI 悪魔']",Diamond,1.0,"['Chamber', 'Sova', 'Jett', 'Viper', 'Clove']",228.423,1,3,1,14,12,1782593050.0,"Saturday, June 27, 2026 08:44 PM"
7cade7c5-8515-4214-8a8b-5b6e45337972,PREDA,Haven,Competitive,Chamber,Centinela,11,3,15,4,"['OPYfps', 'ARATAKI 悪魔', 'Nasdaq', 'LOUD KroozzNS']",Diamond,2.0,"['Chamber', 'Omen', 'Fade', 'Cypher', 'Jett']",185.316,1,3,0,6,13,1782590748.0,"Saturday, June 27, 2026 08:05 PM"
b3fa6194-d1b9-4d30-b824-a5ff3b173e7f,PREDA,Summit,Competitive,Reyna,Duelista,22,6,21,17,"['ARATAKI 悪魔', 'OPYfps', 'Suniyah', 'Tsukasa']",Diamond,2.0,"['Reyna', 'Cypher', 'Omen', 'Gekko', 'Waylay']",218.643,3,4,0,14,14,1782587547.0,"Saturday, June 27, 2026 07:12 PM"
37b2ac63-b837-42c9-b8fc-e91827e4c962,PREDA,Lotus,Competitive,Chamber,Centinela,16,2,17,15,"['OPYfps', 'lowflyer', 'Sir Miyagi', 'ソリスコメニ']",Diamond,2.0,"['Chamber', 'Omen', 'Breach', 'Raze', 'Waylay']",221.095,1,2,0,8,13,1782585020.0,"Saturday, June 27, 2026 06:30 PM"
0533b23f-c17d-4dab-8502-e3f2fb3e1e67,PREDA,Haven,Competitive,Chamber,Centinela,23,0,14,16,"['T4NGAﾒ', 'ManuuRzzzz', 'mamografiagratis', 'Gavazzi15']",Diamond,1.0,"['Phoenix', 'Skye', 'Omen', 'Chamber', 'Neon']",263.545,1,0,1,13,9,1782657365.0,"Sunday, June 28, 2026 02:36 PM"
2b7cadf7-2858-4f41-9577-8d65836d0c09,PREDA,Split,Competitive,Chamber,Centinela,9,0,15,8,"['osciva', 'Toad ツ', 'mini pekka', 'CHOPO26']",Diamond,1.0,"['Sage', 'Chamber', 'Jett', 'Clove', 'Skye']",151.765,0,3,0,4,13,1782655771.0,"Sunday, June 28, 2026 02:09 PM"
3c84ce3c-b9b2-457f-b344-5f527834da7e,PREDA,Lotus,Competitive,Chamber,Centinela,20,5,15,16,"['derrede', 'جي باي 10', 'Krunch', 'JCS']",Diamond,1.0,"['Chamber', 'Jett', 'Skye', 'Neon', 'Omen']",254.227,3,2,0,9,13,1782653299.0,"Sunday, June 28, 2026 01:28 PM"
59534ca7-70d1-48e5-a9ef-7ef4a77572d4,PREDA,Sunset,Competitive,Chamber,Centinela,21,1,13,13,"['CoraZone', 'R1C0 裡', 'Raiden', 'Viruletas']",Diamond,1.0,"['Omen', 'Phoenix', 'Chamber', 'Skye', 'Jett']",295.789,5,0,1,13,6,1782650702.0,"Sunday, June 28, 2026 12:45 PM"
0978e4e8-fb19-49fd-9abf-b693f4cb8f3d,PREDA,Haven,Competitive,Waylay,Duelista,18,1,19,17,"['ARATAKI 悪魔', 'GTO ツ', 'OPYfps', 'EduardoNuño']",Diamond,1.0,"['Waylay', 'Fade', 'Chamber', 'Omen', 'Phoenix']",216.833,3,1,0,11,13,1782681893.0,"Sunday, June 28, 2026 09:24 PM"
71e97d4d-1640-4bfe-a686-51f2815d2edd,PREDA,Summit,Competitive,Reyna,Duelista,19,6,16,13,"['OPYfps', 'Ñorcusdeplatino', 'ARATAKI 悪魔', 'DonFerrer19']",Diamond,1.0,"['Reyna', 'Astra', 'Chamber', 'Fade', 'Jett']",249.15,0,1,1,13,7,1782679520.0,"Sunday, June 28, 2026 08:45 PM"
e561b5f0-15f1-4e34-bcd5-8d6dfc4617ed,PREDA,Sunset,Competitive,Chamber,Centinela,18,4,14,11,"['OPYfps', 'Ral9', 'ARATAKI 悪魔', 'SerraN0']",Diamond,1.0,"['Jett', 'Sova', 'Chamber', 'Fade', 'Omen']",257.3,4,3,2,13,7,1782677257.0,"Sunday, June 28, 2026 08:07 PM"
503c9969-d893-4dba-aa2c-d8ae48952cde,PREDA,Split,Competitive,Chamber,Centinela,18,2,19,12,"['TeeZyon하나', 'pantuflo', 'OPYfps', 'Snav1n']",Diamond,1.0,"['Breach', 'Raze', 'Chamber', 'Omen', 'Skye']",220.375,4,0,0,11,13,1782673707.0,"Sunday, June 28, 2026 07:08 PM"
c72c2a7c-ec1f-4b4b-9fb6-ca477d20da25,PREDA,Breeze,Competitive,Chamber,Centinela,16,4,18,10,"['William Afton', 'Ethan Winters', 'OPYfps', 'wacly']",Diamond,1.0,"['KAY/O', 'Jett', 'Viper', 'Phoenix', 'Chamber']",184.731,1,3,0,12,14,1782669848.0,"Sunday, June 28, 2026 06:04 PM"
0b59b81e-01f4-4255-8922-5963240f0533,PREDA,Haven,Competitive,Chamber,Centinela,21,4,19,15,"['ZeuS', 'OPYfps', 'michi culon ッ', 'ARATAKI 悪魔']",Diamond,1.0,"['Gekko', 'Jett', 'Reyna', 'Chamber', 'Clove']",263.0,5,2,0,11,13,1782773397.0,"Monday, June 29, 2026 10:49 PM"
1831a5d1-eafd-4f15-87f4-83247a378f04,PREDA,Lotus,Competitive,Chamber,Centinela,25,0,14,18,"['ARATAKI 悪魔', 'OPYfps', 'AlexPrz', 'Blossoming Blade']",Diamond,1.0,"['Fade', 'Jett', 'Chamber', 'Omen', 'Skye']",277.565,2,1,0,10,13,1782770748.0,"Monday, June 29, 2026 10:05 PM"
e2e16b93-d1c0-4cf1-bfee-a0af0b376591,PREDA,Split,Competitive,Reyna,Duelista,27,6,20,23,"['ARATAKI 悪魔', 'Kea', '8B freeWiWi', 'OPYfps']",Diamond,1.0,"['Fade', 'Waylay', 'Chamber', 'Reyna', 'Clove']",273.893,2,3,0,13,15,1782766443.0,"Monday, June 29, 2026 08:54 PM"
b4886cb4-2b02-464f-b296-e62b94cf637d,PREDA,Split,Competitive,Chamber,Centinela,25,5,15,21,"['TRICKY', 'AST4X7', 'I miss 2022 loud', 'Carros Tunados']",Diamond,1.0,"['Breach', 'Clove', 'Chamber', 'Reyna', 'Jett']",268.654,1,1,1,14,12,1782934911.0,"Wednesday, July 01, 2026 07:41 PM"
0b0f22af-73dd-4648-a302-7c8967d5aaa2,PREDA,Breeze,Competitive,Reyna,Duelista,17,5,19,14,"['ApagaLaRadio', 'D0z3rt', 'Monkey Ｄ HuЯri', 'memetotrembo']",Diamond,1.0,"['Jett', 'Reyna', 'Chamber', 'Omen', 'KAY/O']",205.542,2,3,0,11,13,1783011252.0,"Thursday, July 02, 2026 04:54 PM"
b2586ef1-b634-41a3-bbd4-dc4cae906455,PREDA,Haven,Competitive,Chamber,Centinela,15,2,13,12,"['J0ta Joestar', 'NK Alexito爱', 'JTS', 'DAFWRA']",Diamond,1.0,"['Sova', 'Omen', 'Killjoy', 'Neon', 'Chamber']",226.95,3,0,1,13,7,1783017100.0,"Thursday, July 02, 2026 06:31 PM"
76b4d063-cf44-42a9-8f95-c35bd49f1dfc,PREDA,Summit,Competitive,Reyna,Duelista,23,5,21,17,"['العربي باطما', 'Le D3f4ult', 'fat', 'Kaino Ren']",Diamond,1.0,"['Reyna', 'Chamber', 'Clove', 'Jett', 'Cypher']",236.75,3,5,2,15,13,1783013768.0,"Thursday, July 02, 2026 05:36 PM"
5ef60a90-6f44-4b6f-b018-b382aa1ea76b,PREDA,Split,Competitive,Chamber,Centinela,14,2,10,10,"['OPYfps', 'DAFWRA', 'HS POCOYO PRIME', 'ispro15']",Diamond,2.0,"['Clove', 'Chamber', 'Neon', 'Skye', 'Raze']",203.053,0,0,1,13,6,1783092100.0,"Friday, July 03, 2026 03:21 PM"
1033ca37-48af-482f-a5fa-84189c3ab009,PREDA,Split,Competitive,Chamber,Centinela,17,4,20,8,"['OPYfps', 'PabloCoro', 'ELMESÍAS9002', 'Sleepy']",Diamond,2.0,"['Viper', 'Omen', 'Skye', 'Jett', 'Chamber']",199.577,2,2,0,12,14,1783089256.0,"Friday, July 03, 2026 02:34 PM"
24c4f22c-dbc3-40be-ba72-c89865807ea1,PREDA,Breeze,Competitive,Chamber,Centinela,21,2,13,13,"['OPYfps', 'paex1000', 'Tusmuertos ツ', 'Postal']",Diamond,1.0,"['Chamber', 'Viper', 'KAY/O', 'Jett', 'Sova']",292.952,6,2,1,13,8,1783087053.0,"Friday, July 03, 2026 01:57 PM"
8708af03-c113-41ee-a097-13e0be18e8b4,PREDA,Sunset,Competitive,Chamber,Centinela,17,2,7,10,"['DaLostGhost', 'Cr1s', 'Simeone HP', '丹尼尔']",Diamond,2.0,"['Clove', 'Chamber', 'KAY/O', 'Jett', 'Reyna']",255.941,2,1,1,13,4,1783176758.0,"Saturday, July 04, 2026 02:52 PM"
f9710d8e-ae1c-451c-8a69-98294908acbc,PREDA,Lotus,Competitive,Chamber,Centinela,11,2,12,3,"['dsoler7', 'gtsoler02', 'HQDD', 'ﾒPatitojuanツ']",Diamond,2.0,"['Raze', 'Killjoy', 'Chamber', 'Fade', 'Clove']",144.2,2,2,2,13,7,1783174596.0,"Saturday, July 04, 2026 02:16 PM"
683bf582-48a0-4c3e-b8dd-1f2c322ead61,PREDA,Sunset,Competitive,Chamber,Centinela,26,4,12,19,"['그 소중한 사람', 'Zensho', 'dam', 'OPYfps']",Diamond,2.0,"['Jett', 'Chamber', 'Fade', 'Phoenix', 'Omen']",337.333,5,3,1,13,8,1783197501.0,"Saturday, July 04, 2026 08:38 PM"
7afcdc5e-9e8a-4a63-8f01-f38aed11f609,PREDA,Summit,Competitive,Reyna,Duelista,24,6,13,16,"['Zensho', 'XrbailinrX', 'AspLeE', 'OPYfps']",Diamond,2.0,"['Phoenix', 'Sova', 'Astra', 'Reyna', 'Cypher']",323.952,3,1,2,13,8,1783195183.0,"Saturday, July 04, 2026 07:59 PM"
2c666c65-32b7-49f1-ab1b-b79af4d5c8bd,PREDA,Ascent,Competitive,Chamber,Centinela,17,2,8,5,"['Milca5', 'OPYfps', 'Exánime', 'Zensho']",Diamond,2.0,"['Jett', 'Omen', 'Phoenix', 'Chamber', 'Sova']",269.938,4,2,3,13,3,1783193505.0,"Saturday, July 04, 2026 07:31 PM"
8fc9cbd4-67fb-4bbb-93cf-1237de1d4ea6,PREDA,Breeze,Competitive,Chamber,Centinela,9,2,16,3,"['17 ms', 'GaryHurt', 'Mini Nori', 'OTK Nori']",Diamond,3.0,"['Reyna', 'Neon', 'Chamber', 'Viper', 'Sova']",108.333,2,1,0,8,13,1783336800.0,"Monday, July 06, 2026 11:20 AM"
3c3d318d-bb83-4916-b755-660849c99876,PREDA,Split,Competitive,Chamber,Centinela,17,6,18,15,"['V3N0M', 'ωαss', 'Montazie', 'Bjj enjoyer']",Diamond,2.0,"['Sage', 'Omen', 'Chamber', 'Skye', 'Jett']",197.875,1,2,0,11,13,1783343474.0,"Monday, July 06, 2026 01:11 PM"
dc32b6df-061a-446c-88ef-cfef5a970d4e,PREDA,Haven,Competitive,Chamber,Centinela,16,2,13,8,"['butja0', 'memetotrembo', 'BIG POPPA', 'V I T O G R U']",Diamond,2.0,"['Clove', 'Phoenix', 'Jett', 'Chamber', 'Breach']",246.706,0,0,0,4,13,1783341424.0,"Monday, July 06, 2026 12:37 PM"
1550a47b-decc-4575-92d9-4a5c899de16d,PREDA,Breeze,Competitive,Waylay,Duelista,15,3,19,9,"['Chicote', 'Rigby', 'BLKAIMBOT', 'MKOI spectro391']",Diamond,3.0,"['Jett', 'Reyna', 'Chamber', 'KAY/O', 'Waylay']",152.077,2,2,0,12,14,1783338920.0,"Monday, July 06, 2026 11:55 AM"
516d6076-a0db-40da-afff-9608fd670735,PREDA,Ascent,Competitive,Chamber,Centinela,14,2,13,6,"['Keru', 'Ώ Ξ  Ξ  Ξ Ώ', 'Nervi', 'cigarroapagado']",Diamond,2.0,"['Tejo', 'Jett', 'Chamber', 'Killjoy', 'Clove']",235.067,2,1,0,2,13,1783438965.0,"Tuesday, July 07, 2026 03:42 PM"
a1ff490d-0ca5-498c-baec-d8f674ff269c,PREDA,Sunset,Competitive,Reyna,Duelista,12,1,15,9,"['Makatussin', 'IronWill', 'atenea', 'vodka redbull']",Diamond,2.0,"['Jett', 'Reyna', 'Chamber', 'Gekko', 'Clove']",184.667,0,2,0,5,13,1783437186.0,"Tuesday, July 07, 2026 03:13 PM"
7d123e62-d119-4d44-9250-e0ce86166997,PREDA,Haven,Competitive,Reyna,Duelista,23,4,20,18,"['Tusmuertos ツ', 'Ollie', 'Lomas', '98 Spyder']",Diamond,2.0,"['Reyna', 'Jett', 'Breach', 'Chamber', 'Clove']",273.583,4,4,1,13,11,1783454520.0,"Tuesday, July 07, 2026 08:02 PM"
37e44075-fbce-4056-8094-159dc41d337f,PREDA,Lotus,Competitive,Chamber,Centinela,11,0,8,4,"['jactq', 'Mrbbytinho', 'jidi', 'Sasaki x Yamada']",Diamond,2.0,"['Clove', 'Chamber', 'Fade', 'Raze', 'Phoenix']",166.375,2,1,1,13,3,1783530974.0,"Wednesday, July 08, 2026 05:16 PM"
679306b6-1db3-45fa-8661-087e6d3ffda3,PREDA,Lotus,Competitive,Chamber,Centinela,15,4,16,10,"['pros', 'Wehrwolf', 'Zidruh', 'G3 itslemon']",Diamond,2.0,"['Jett', 'Chamber', 'Raze', 'Tejo', 'Omen']",223.25,3,2,0,7,13,1783528568.0,"Wednesday, July 08, 2026 04:36 PM"
74b3a3cd-381b-4aef-ac6b-2fbee026671c,PREDA,Sunset,Competitive,Reyna,Duelista,12,3,18,6,"['rosconcete', 'Tejerin', 'Saadon', 'rodrimilucas']",Diamond,2.0,"['Breach', 'Omen', 'Reyna', 'Chamber', 'Raze']",162.8,2,1,0,7,13,1783534692.0,"Wednesday, July 08, 2026 06:18 PM"
21dc594c-f03f-4a83-a345-150292d191e9,PREDA,Summit,Competitive,Reyna,Duelista,13,3,16,6,"['VeZ', 'VEX', 'akashi', 'Agent PiPi']",Diamond,2.0,"['Waylay', 'Jett', 'Chamber', 'Clove', 'Reyna']",183.368,1,0,0,6,13,1783532647.0,"Wednesday, July 08, 2026 05:44 PM"
74d78b65-afa4-4995-b012-108e9d530e03,PREDA,Lotus,Competitive,Reyna,Duelista,15,3,17,11,"['No Mato a Nadie', 'VOXjavilillogrc', 'MISTERIOOOOO', 'ItzSeluuu']",Diamond,1.0,"['Reyna', 'Chamber', 'Clove', 'Yoru', 'Killjoy']",212.95,1,1,0,7,13,1783616892.0,"Thursday, July 09, 2026 05:08 PM"
1fafbe27-dc8b-4539-b1f3-ff632e654029,PREDA,Breeze,Competitive,Chamber,Centinela,26,3,20,17,"['Gsbrix', 'twitcheldiparz', 'Dorito', 'palme']",Diamond,1.0,"['Neon', 'Chamber', 'Clove', 'Jett', 'Sova']",261.357,3,0,0,14,14,1783613671.0,"Thursday, July 09, 2026 04:14 PM"
279d4be4-e73e-4b75-b193-9f433ad1f1e5,PREDA,Summit,Competitive,Reyna,Duelista,15,1,20,12,"['Account 88', '8belial', 'Okapi', 'Eltakesi']",Diamond,2.0,"['Deadlock', 'Chamber', 'Fade', 'Reyna', 'Omen']",172.708,4,3,0,11,13,1783610985.0,"Thursday, July 09, 2026 03:29 PM"
f8b72c53-6e73-48fd-926b-07e3cbe82a07,PREDA,District,Team Deathmatch,Iso,Duelista,11,3,24,8,"['AnaZoraida', 'vázquez', 'DOG RA', 'Djeen']",Unrated,,"['Killjoy', 'Jett', 'Iso', 'Sage', 'Raze']",3189.0,0,0,0,67,100,1783610478.0,"Thursday, July 09, 2026 03:21 PM"
35ea00a5-2bd4-4d33-afad-e6cb38e48fbf,PREDA,Split,Competitive,Chamber,Centinela,14,0,16,12,"['Klau', 'log', 'pm146', 'PapiSkipper']",Diamond,1.0,"['Omen', 'Chamber', 'Fade', 'Raze', 'Breach']",184.545,3,3,0,9,13,1783694941.0,"Friday, July 10, 2026 02:49 PM"
228c31c9-4427-4229-b8ff-54d19ef049fd,PREDA,Lotus,Competitive,Chamber,Centinela,26,3,17,22,"['5 litros', 'Kusuo', 'TTTT', 'evi']",Diamond,1.0,"['Raze', 'Fade', 'Phoenix', 'Astra', 'Chamber']",278.231,8,1,1,14,12,1783691718.0,"Friday, July 10, 2026 01:55 PM"
d13cf800-1daa-4e02-b2cd-23d849302ae5,PREDA,Split,Competitive,Chamber,Centinela,11,1,18,6,"['EMP  jogonzaa', 'pablofus1312', 'NoMeMires', '佩哦艾勒艾勒阿']",Diamond,1.0,"['Chamber', 'Skye', 'Sage', 'Waylay', 'Brimstone']",126.652,0,0,0,10,13,1783688710.0,"Friday, July 10, 2026 01:05 PM"
12d1319c-c4e9-4e69-a4be-f5ea64a8328f,PREDA,Lotus,Competitive,Waylay,Duelista,17,0,15,13,"['ArcaneS2E8Min29', 'FentaniloEnjoyer', 'Kïtsunë', 'ciryk77']",Diamond,1.0,"['Cypher', 'Chamber', 'Waylay', 'Astra', 'Reyna']",234.579,1,1,0,6,13,1783725026.0,"Friday, July 10, 2026 11:10 PM"
25d8acaa-15c7-4471-a458-64382210d295,PREDA,Ascent,Competitive,Chamber,Centinela,16,2,16,7,"['Panchos enjoyerツ', 'MyBatツ乂', 'MQCmonroy', 'Not Sorry']",Diamond,1.0,"['Clove', 'Veto', 'Chamber', 'Phoenix', 'Sova']",191.783,0,3,1,13,10,1783722670.0,"Friday, July 10, 2026 10:31 PM"
2384fb30-e910-4653-bae6-ef9671096369,PREDA,Lotus,Competitive,Chamber,Centinela,14,3,15,15,"['Te3na', 'TheWorse', 'Infini', 'CedPieCorp']",Diamond,1.0,"['Jett', 'Skye', 'Chamber', 'Clove', 'Raze']",266.0,2,1,0,4,13,1783720093.0,"Friday, July 10, 2026 09:48 PM"
5b364f74-8a62-4cd5-b87a-d7b5819c5f69,PREDA,Summit,Competitive,Reyna,Duelista,19,5,19,14,"['shiizuku', 'NIC0LAS', 'MaduroXbzrp', 'GyokufestO']",Diamond,1.0,"['Tejo', 'Chamber', 'Jett', 'Reyna', 'Omen']",228.478,1,3,1,13,10,1783709127.0,"Friday, July 10, 2026 06:45 PM"
34c3f635-04a1-4e20-8edb-2378972e62ab,PREDA,Breeze,Competitive,Reyna,Duelista,25,5,15,16,"['RobbaN', '666', 'listerineuser37', 'Axl Rose']",Diamond,1.0,"['Jett', 'Chamber', 'Fade', 'Reyna', 'Brimstone']",306.609,2,2,0,10,13,1783706693.0,"Friday, July 10, 2026 06:04 PM"
e546da50-c76e-4bf1-9cad-e131d561db71,PREDA,Summit,Competitive,Reyna,Duelista,19,2,12,14,"['Silvaaa', 'Exooot1ic', '老师我太想静步了', 'wtv']",Diamond,1.0,"['Reyna', 'Omen', 'KAY/O', 'Chamber', 'Jett']",255.35,2,0,1,13,7,1783783749.0,"Saturday, July 11, 2026 03:29 PM"
a13c42b3-fcf0-4349-a3df-ac7505231ac1,PREDA,Sunset,Competitive,Chamber,Centinela,20,1,18,10,"['VENDE MENAS', 'Djeso', 'Bet365 me roba', 'dcarrion010']",Diamond,1.0,"['Jett', 'Clove', 'Phoenix', 'Chamber', 'KAY/O']",236.409,2,1,0,9,13,1783781111.0,"Saturday, July 11, 2026 02:45 PM"
eb637d83-be54-428f-b739-2c54683608c7,PREDA,Breeze,Competitive,Chamber,Centinela,16,3,16,9,"['miwako', 'Rata Peruana', 'TIGARscrow', 'Just a chill guy']",Diamond,1.0,"['Clove', 'Fade', 'Chamber', 'Astra', 'Jett']",231.19,1,1,0,8,13,1783778880.0,"Saturday, July 11, 2026 02:08 PM"
a76ce13f-cfc5-4010-ad4c-bfda91c41c8e,PREDA,Haven,Competitive,Chamber,Centinela,23,1,12,12,"['Abdillah', 'Arthur Wellesley', 'DEALWITHIT', 'M A D M A X']",Diamond,1.0,"['Jett', 'Chamber', 'Neon', 'Omen', 'Sova']",269.909,4,3,1,13,9,1783776677.0,"Saturday, July 11, 2026 01:31 PM"
dc5732ef-db80-43b5-98f0-ee9ac1b78b08,PREDA,Summit,Competitive,Reyna,Duelista,13,7,16,9,"['TotallyNotaCreep', 'Hakai', 'No ve que pazada', 'Zey2gude']",Diamond,1.0,"['Brimstone', 'Reyna', 'Chamber', 'Jett', 'KAY/O']",179.476,0,1,2,13,8,1783774430.0,"Saturday, July 11, 2026 12:53 PM"
99edfeb6-878f-41fb-bd7c-8286232914a2,PREDA,Sunset,Competitive,Chamber,Centinela,20,0,14,9,"['GrosThony', 'besukes', 'OPYfps', 'Big Yahu']",Diamond,1.0,"['Sova', 'Clove', 'Jett', 'Chamber', 'Iso']",229.818,3,2,1,13,9,1783803803.0,"Saturday, July 11, 2026 09:03 PM"
d95afa88-24f0-4304-953d-8e1365873d37,PREDA,Haven,Competitive,Chamber,Centinela,11,2,15,7,"['Rissa', 'Juanito Uchiha', 'OPYfps', '垂直落下']",Diamond,1.0,"['Jett', 'Chamber', 'Iso', 'Omen', 'Sova']",174.158,1,0,0,6,13,1783801561.0,"Saturday, July 11, 2026 08:26 PM"
277945c4-d00f-479e-afd7-558b74ee1f94,PREDA,Ascent,Competitive,Chamber,Centinela,21,3,17,12,"['Zeyko', 'KeenzZ', 'OPYfps', 'mariete']",Diamond,1.0,"['Jett', 'Phoenix', 'KAY/O', 'Chamber', 'Clove']",251.087,3,4,0,10,13,1783799150.0,"Saturday, July 11, 2026 07:45 PM"
047a5d51-8417-4cde-8488-8f6466981982,PREDA,Sunset,Competitive,Chamber,Centinela,23,3,13,13,"['KFS4 callote', 'quinze7', 'Tetuany', 'julenim']",Diamond,1.0,"['Omen', 'Neon', 'Clove', 'Raze', 'Chamber']",293.545,1,1,1,13,9,1783862738.0,"Sunday, July 12, 2026 01:25 PM"
3912afba-0f54-42ec-87d8-c468e0a5dcb0,PREDA,Ascent,Competitive,Chamber,Centinela,26,2,14,14,"['M A R I Oツ', 'mamografiagratis', 'Galfbem', 'Sanny']",Diamond,1.0,"['Phoenix', 'Sova', 'Chamber', 'Omen', 'Waylay']",319.478,7,2,2,13,10,1783860395.0,"Sunday, July 12, 2026 12:46 PM"
3452d82b-cb96-4324-8dda-dceceb3ce4e6,PREDA,Haven,Competitive,Chamber,Centinela,20,3,15,11,"['flowwyy siuuuuu', 'log', 'K U R A P I K A', 'OPYfps']",Diamond,1.0,"['Breach', 'Chamber', 'Clove', 'Yoru', 'Jett']",260.524,2,2,0,8,13,1783887961.0,"Sunday, July 12, 2026 08:26 PM"
af42fdb3-1c5e-44a3-bcc3-201329f5de92,PREDA,Breeze,Competitive,Chamber,Centinela,13,4,18,8,"['OPYfps', 'Scooby dooby doo', 'Muzli Süt', 'cere12p']",Diamond,1.0,"['Viper', 'Sova', 'Chamber', 'Jett', 'Miks']",177.238,1,2,0,8,13,1783885825.0,"Sunday, July 12, 2026 07:50 PM"
c8707d0f-bd99-453b-b7dc-7d6389754fab,PREDA,Summit,Competitive,Reyna,Duelista,10,1,20,6,"['OPYfps', 'Killua zoldyck', 'Romstom8', 'JuiceWRLD']",Diamond,1.0,"['Reyna', 'Cypher', 'Raze', 'Sova', 'Clove']",125.417,1,3,1,13,11,1783882590.0,"Sunday, July 12, 2026 06:56 PM"
9e98fc3b-6f71-4d0f-9da6-81381fc7899c,PREDA,Split,Competitive,Chamber,Centinela,13,2,15,9,"['gabitzin', 'nmanolo ヅ', 'v alze', 'OPYfps']",Diamond,1.0,"['Phoenix', 'Chamber', 'Clove', 'Breach', 'Jett']",181.9,0,1,0,7,13,1783879758.0,"Sunday, July 12, 2026 06:09 PM"
d8e27b38-a512-44a0-9140-55f973c6da1f,PREDA,Split,Competitive,Chamber,Centinela,25,1,14,12,"['iLoveManuzx', 'Pizzaa', 'log', 'Vyster']",Diamond,1.0,"['Chamber', 'Miks', 'Gekko', 'Phoenix', 'Killjoy']",265.333,3,1,1,13,11,1783961037.0,"Monday, July 13, 2026 04:43 PM"
bef89dc5-fddb-43fd-8a67-58c839e475e9,PREDA,Lotus,Competitive,Chamber,Centinela,14,0,17,10,"['QLO No3liaA', 'AphexTwin', 'Robot', 'que si reyes']",Diamond,1.0,"['Miks', 'Raze', 'Breach', 'Killjoy', 'Chamber']",163.318,1,3,0,9,13,1783958690.0,"Monday, July 13, 2026 04:04 PM"
52cf1eb7-d9fe-4f8d-9ccf-8b834b3592e5,PREDA,Summit,Competitive,Reyna,Duelista,23,2,7,16,"['tαken', 'PB Cookie', 'BzSlayz', 'Menchu Faslapoia']",Diamond,1.0,"['Sage', 'Reyna', 'Gekko', 'Miks', 'Chamber']",371.529,3,0,1,13,4,1783956439.0,"Monday, July 13, 2026 03:27 PM"
b8f0682d-a0d1-43aa-878e-2f44e2e9282b,PREDA,Lotus,Competitive,Reyna,Duelista,12,2,15,9,"['Nicxs028', 'ñorcus', 'InmortalCapibara', 'OPYfps']",Diamond,1.0,"['Miks', 'Chamber', 'Jett', 'Reyna', 'Raze']",193.059,2,4,0,4,13,1783954081.0,"Monday, July 13, 2026 02:48 PM"
2824d483-f389-4fd5-aec6-24671b3701b1,PREDA,Summit,Competitive,Waylay,Duelista,12,3,17,9,"['Dabi', 'Sissako Laganne', 'OPYfps', 'Iberdrola']",Diamond,1.0,"['Reyna', 'Waylay', 'Omen', 'Cypher', 'Tejo']",190.5,3,3,0,5,13,1783952001.0,"Monday, July 13, 2026 02:13 PM"
7f6fb65b-823a-412c-b5ed-b285e672f237,PREDA,Split,Competitive,Reyna,Duelista,7,4,15,5,"['hugggggooo', 'Jacrak10', 'NRG Opy', 'victorpas']",Diamond,1.0,"['Skye', 'Raze', 'Clove', 'Reyna', 'Chamber']",138.125,0,2,0,3,13,1783976080.0,"Monday, July 13, 2026 08:54 PM"
4075350b-6479-4743-a6b1-f0a67e0722f0,PREDA,Sunset,Competitive,Chamber,Centinela,16,2,16,10,"['The final B0SS', '殺人者勝者', 'hugggggooo', 'Jacrak10']",Diamond,1.0,"['Phoenix', 'Deadlock', 'Sova', 'Omen', 'Chamber']",216.55,3,2,0,7,13,1783974120.0,"Monday, July 13, 2026 08:22 PM"
295bd8f5-b675-4a05-86e1-ae1e36ad25db,PREDA,Sunset,Competitive,Chamber,Centinela,12,4,10,5,"['LM Markusu', 'AndrywIS', 'タッチタッチ', 'Asura']",Diamond,1.0,"['Brimstone', 'Jett', 'Fade', 'Chamber', 'Phoenix']",194.684,4,1,1,13,6,1784040432.0,"Tuesday, July 14, 2026 02:47 PM"
a2216b8d-a7bf-43f5-b53e-14112d418b88,PREDA,Summit,Competitive,Reyna,Duelista,16,5,11,12,"['BlasterDeejay ツ', 'Vende Aceitunas', '4lienGamer', 'Jonathan Kuminga']",Diamond,1.0,"['Reyna', 'Chamber', 'Omen', 'Fade', 'Sage']",211.85,2,3,2,13,7,1784038235.0,"Tuesday, July 14, 2026 02:10 PM"
9e6b29c4-1b8a-46fb-94e9-18e6caf91dd8,PREDA,Breeze,Competitive,Chamber,Centinela,22,1,8,12,"['Miteux06', 'krloh', 'VOID', 'Itchigona']",Diamond,1.0,"['Phoenix', 'Sova', 'Harbor', 'Viper', 'Chamber']",303.944,2,1,3,13,5,1784036020.0,"Tuesday, July 14, 2026 01:33 PM"
3ce74887-bf0f-4f50-aa3d-96f0b39b9f3a,PREDA,Lotus,Competitive,Reyna,Duelista,20,6,13,10,"['evi', 'LordOfLoad', 'nezer', 'Rayou']",Diamond,1.0,"['Clove', 'Jett', 'Chamber', 'Yoru', 'Reyna']",275.75,2,1,0,7,13,1784033574.0,"Tuesday, July 14, 2026 12:52 PM"
30e4e7e6-a05c-4589-8551-ba8644ac2c2a,PREDA,Lotus,Competitive,Chamber,Centinela,17,2,14,9,"['M0B', 'pez', 'quepereza', 'EspabilaEstorbo']",Diamond,1.0,"['Omen', 'Chamber', 'Neon', 'Jett', 'Gekko']",235.55,4,2,1,13,7,1784119912.0,"Wednesday, July 15, 2026 12:51 PM"
ce08dc08-eb8c-4237-acab-e23d0da4d9ed,PREDA,Sunset,Competitive,Chamber,Centinela,22,1,19,11,"['PyRoX', 'Mega Payo 69', 'INDEPENDIEN7E', 'ElSamuMeLlaman']",Diamond,1.0,"['Breach', 'Chamber', 'Jett', 'Brimstone', 'Phoenix']",189.75,2,5,1,14,14,1784116940.0,"Wednesday, July 15, 2026 12:02 PM"
c36aae25-e53e-4e66-b923-fa44ec593c1f,PREDA,Summit,Competitive,Reyna,Duelista,18,3,16,17,"['Teresa Schürmann', 'PablaPeek', 'MΛRS', 'Sanny']",Diamond,1.0,"['Sage', 'Reyna', 'Jett', 'Harbor', 'Fade']",219.727,3,2,2,13,9,1784114554.0,"Wednesday, July 15, 2026 11:22 AM"
92bc1edf-58f1-4547-896d-609931750714,PREDA,Split,Competitive,Reyna,Duelista,17,3,17,14,"['ñuñete', 'FacePra', 'Maxaka', 'Água do Luso']",Diamond,1.0,"['Chamber', 'Reyna', 'Miks', 'Jett', 'Skye']",210.042,3,4,3,13,11,1784111848.0,"Wednesday, July 15, 2026 10:37 AM"
345d4650-c805-4728-b8b5-6470ac708247,PREDA,Glitch,Team Deathmatch,Jett,Duelista,15,6,21,12,"['двз', 'Henri', 'ADHDKoshmarasFan', 'Arise']",Unrated,,"['Chamber', 'Tejo', 'Waylay', 'Jett', 'Neon']",4237.0,0,0,0,69,100,1784111257.0,"Wednesday, July 15, 2026 10:27 AM"
6e5a6f99-7721-4cab-a036-a4f45a4d3348,PREDA,Sunset,Competitive,Chamber,Centinela,32,0,14,16,"['gnnoomm 漢', 'ShadowMelma', 'mxrt1m', 'RyObsession']",Diamond,2.0,"['Tejo', 'Neon', 'Raze', 'Chamber', 'Clove']",362.174,3,1,1,13,10,1784152681.0,"Wednesday, July 15, 2026 09:58 PM"
3d4ae38d-ab37-4859-9512-8f63bbb81b69,PREDA,District,Team Deathmatch,Reyna,Duelista,22,5,20,20,"['Xanax', 'durapx', 'Dusk', 'el3plomo']",Unrated,,"['Raze', 'Reyna', 'Yoru', 'Iso', 'Chamber']",6206.0,0,0,0,75,100,1784152073.0,"Wednesday, July 15, 2026 09:47 PM"
3e58a9ea-fb5f-45e7-b020-e72146c8b93b,PREDA,Glitch,Team Deathmatch,Raze,Duelista,27,4,21,23,"['midou2341', 'AbritoBurrito', 'emedeemea', 'bonifacio']",Unrated,,"['Phoenix', 'Raze', 'Reyna', 'Iso', 'Neon']",7597.0,0,0,0,93,100,1784209718.0,"Thursday, July 16, 2026 01:48 PM"
d58a847c-75bd-4d73-b871-bfdea4a7d69c,PREDA,Lotus,Competitive,Chamber,Centinela,9,0,3,8,"['Rodrialex18', 'CAlba', 'Xene', 'Boda201']",Diamond,2.0,"['Breach', 'Chamber', 'Clove', 'Waylay', 'Reyna']",139.143,0,1,1,13,1,1784207930.0,"Thursday, July 16, 2026 01:18 PM"
f38c3413-78d5-4eb2-b09e-147664893a44,PREDA,Breeze,Competitive,Omen,Controlador,13,5,9,10,"['JAVI', 'Kutoma', 'sentimenbrucelee', 'Dav11dT']",Diamond,2.0,"['Sova', 'Yoru', 'Raze', 'Killjoy', 'Omen']",174.833,1,3,2,13,5,1784205793.0,"Thursday, July 16, 2026 12:43 PM"
5f14eccc-830a-4831-9813-50705041edcb,PREDA,Drift,Team Deathmatch,Jett,Duelista,34,5,23,28,"['anehuss', 'HIGO', 'Le70n', '67ElpoJhon67']",Unrated,,"['Yoru', 'Raze', 'Reyna', 'Chamber', 'Jett']",9476.0,1,0,0,90,100,1784205134.0,"Thursday, July 16, 2026 12:32 PM"
bead8cb8-aff9-4249-aaa2-60b73b50a2e3,PREDA,Ascent,Competitive,Chamber,Centinela,27,2,9,14,"['BrazPT', 'Ablepro', 'Carlikos15', 'OPYfps']",Diamond,2.0,"['Reyna', 'Jett', 'Tejo', 'Chamber', 'Omen']",369.895,6,0,1,13,6,1784304422.0,"Friday, July 17, 2026 04:07 PM"
769ebc11-94a4-4544-a84f-2d2d1622d0e3,PREDA,Lotus,Competitive,Waylay,Duelista,22,5,20,19,"['Bichoti', 'Γενέσιος', 'One Tap', 'Hollow purple']",Diamond,2.0,"['Waylay', 'Omen', 'Chamber', 'Raze', 'Fade']",241.5,2,2,2,14,12,1784301230.0,"Friday, July 17, 2026 03:13 PM"
e2581659-5bd6-472b-8e39-3fa091d7c81e,PREDA,Summit,Competitive,Reyna,Duelista,17,2,13,13,"['NirozenFR', 'Meteoro Blanco', 'Ñixwell', '40FpsRaataTatTat']",Diamond,2.0,"['Killjoy', 'Chamber', 'Clove', 'Reyna', 'Phoenix']",293.125,2,0,0,3,13,1784299572.0,"Friday, July 17, 2026 02:46 PM"
2b71b8de-4029-49f5-9b19-59a0eb191f0b,PREDA,Summit,Competitive,Chamber,Centinela,22,2,9,12,"['giribran', 'No Aim No Brain', 'Flutox', 'Muerte']",Diamond,3.0,"['Clove', 'Jett', 'Reyna', 'Chamber', 'Yoru']",310.842,5,0,1,13,6,1784383619.0,"Saturday, July 18, 2026 02:06 PM"
5ddb33c9-8e60-4a44-b7a5-49b6459d78df,PREDA,Ascent,Competitive,Chamber,Centinela,21,1,15,10,"['ramit00s91', 'ComediaN89', 'Twitch M4RKI7US', 'I NEED WEED PLS']",Diamond,3.0,"['Chamber', 'Clove', 'Jett', 'Phoenix', 'Sova']",232.5,2,2,2,13,9,1784381225.0,"Saturday, July 18, 2026 01:27 PM"
be6ea7f9-53e2-4dc4-8412-03bc6ef6bd10,PREDA,Drift,Team Deathmatch,Jett,Duelista,25,4,22,18,"['BT ENK', 'PatoCastro', 'El Chapo Barrado', 'ClicDroit']",Unrated,,"['Jett', 'Iso', 'Clove', 'Sova', 'Phoenix']",6780.0,0,1,0,87,100,1784380003.0,"Saturday, July 18, 2026 01:06 PM"
ec2d1d94-b226-46fc-a82a-481aa3e83709,PREDA,Split,Competitive,Chamber,Centinela,18,2,14,7,"['VozkitaX', 'Aleex7', 'Bananas456', 'Saber']",Diamond,3.0,"['Sage', 'Clove', 'Chamber', 'Skye', 'Jett']",258.778,4,3,1,13,5,1784470616.0,"Sunday, July 19, 2026 02:16 PM"
90bb47c9-f06b-498f-bc0e-9023a59c8f24,PREDA,Breeze,Competitive,Reyna,Duelista,30,3,17,20,"['Lopa', 'аяшэии', 'luma22', 'vasiiweed7']",Diamond,3.0,"['Reyna', 'Jett', 'Viper', 'Chamber', 'Sova']",334.792,4,0,2,13,11,1784468217.0,"Sunday, July 19, 2026 01:36 PM"
8d10cef5-cd94-4016-95b7-d99efa26042f,PREDA,District,Team Deathmatch,Iso,Duelista,21,9,25,18,"['Dorgas', 'AnnakinVader67', 'PedritoCardoso', 'Smokee']",Unrated,,"['Raze', 'Chamber', 'Reyna', 'Iso', 'Tejo']",6169.0,0,0,0,88,100,1784467576.0,"Sunday, July 19, 2026 01:26 PM"
386c49f7-f2b6-4be6-a3be-7b9240ddbd93,PREDA,Glitch,Team Deathmatch,Reyna,Duelista,21,6,19,17,"['삭제된 사용자', 'MOJO JOJO', 'Anorakk', 'UZ1']",Unrated,,"['Reyna', 'Phoenix', 'Fade', 'Neon', 'Yoru']",5834.0,0,0,1,100,84,1784467068.0,"Sunday, July 19, 2026 01:17 PM"
e46ada1f-f1ec-4c73-9c05-bfe73ce2054b,PREDA,Breeze,Competitive,Chamber,Centinela,10,1,15,6,"['XxFosasNasalesxX', 'Carlitagamer67', 'Dajima', 'JosuXG']",Diamond,3.0,"['Fade', 'Cypher', 'Omen', 'Jett', 'Chamber']",182.438,1,1,0,3,13,1784565534.0,"Monday, July 20, 2026 04:38 PM"
21ad3f88-2ff5-478d-bddd-5f895c810db8,PREDA,Summit,Competitive,Chamber,Centinela,26,2,18,11,"['JD Mora ツ', 'JorgruDeuS', 'rubensinho', 'Molinakobe']",Diamond,3.0,"['Jett', 'Reyna', 'Clove', 'Fade', 'Chamber']",296.208,6,2,0,11,13,1784558148.0,"Monday, July 20, 2026 02:35 PM"
e21ccdc1-36e4-4036-82ea-2dccdbb85d8b,PREDA,Lotus,Competitive,Chamber,Centinela,18,2,14,17,"['GHØST', 'Dreiton', 'ZRAMNS', 'sanchezzcastejon']",Diamond,3.0,"['Brimstone', 'Breach', 'Chamber', 'Omen', 'Jett']",279.889,3,2,0,5,13,1784556189.0,"Monday, July 20, 2026 02:03 PM"
add71fee-37a9-46a0-9eaf-479eec04bf1b,PREDA,Breeze,Competitive,Chamber,Centinela,12,0,14,6,"['LiebeHS', 'Adrià', 'nyaajr', 'Oknis']",Diamond,3.0,"['Jett', 'Astra', 'Reyna', 'Sova', 'Chamber']",174.158,1,0,0,6,13,1784554119.0,"Monday, July 20, 2026 01:28 PM"
802f8d30-f11a-42c1-92c8-2082eaaf6379,PREDA,Lotus,Competitive,Chamber,Centinela,15,3,16,9,"['p1c4chU', 'G2 XALY や', 'ZmjjKK', 'Jorge5852']",Diamond,3.0,"['Clove', 'Raze', 'Neon', 'Skye', 'Chamber']",268.611,6,1,0,5,13,1784552237.0,"Monday, July 20, 2026 12:57 PM"
1fa49fdd-63ce-46fb-8037-8e6557891a0a,PREDA,Lotus,Competitive,Chamber,Centinela,23,1,7,14,"['19Re3ms92', 'Darth Maul', 'Pichurrina', '林舒淇']",Diamond,3.0,"['Iso', 'Raze', 'Chamber', 'Skye', 'Miks']",310.294,3,1,1,13,4,1784586753.0,"Monday, July 20, 2026 10:32 PM"
c8b66653-5b09-4e59-a901-58f8beca6ecb,PREDA,Haven,Competitive,Chamber,Centinela,15,2,9,11,"['JuandeDios', 'Ripper', 'pepolas', 'EMP Marquit00s']",Diamond,3.0,"['Omen', 'Jett', 'Chamber', 'Sova', 'Sage']",221.611,1,1,2,13,5,1784584892.0,"Monday, July 20, 2026 10:01 PM"
9378a3e2-19d8-49b3-8323-0fc9e4ebfcb3,PREDA,Breeze,Competitive,Chamber,Centinela,23,5,18,11,"['aimxrk4ng', 'I miss Tenz', 'Ivoinekirk', 'HOSOFOWOMO']",Diamond,3.0,"['Phoenix', 'Sova', 'Chamber', 'Viper', 'Jett']",260.0,2,1,1,13,11,1784647054.0,"Tuesday, July 21, 2026 03:17 PM"
f5ab8153-4046-4f96-8014-4b01e70c161b,PREDA,Breeze,Competitive,Chamber,Centinela,13,0,13,7,"['lesgou', 'Egoist', 'neeko', 'HRZ OdiNNN']",Diamond,3.0,"['Jett', 'Waylay', 'Chamber', 'Clove', 'KAY/O']",246.067,1,1,0,2,13,1784645144.0,"Tuesday, July 21, 2026 02:45 PM"
be6e6f72-8dab-4883-b331-eac8eabbb6c8,PREDA,Lotus,Competitive,Chamber,Centinela,23,3,11,13,"['LXVII', 'mr aura 67', 'JON', 'Gutss']",Diamond,3.0,"['Jett', 'Chamber', 'Reyna', 'Raze', 'Clove']",260.571,2,4,1,13,8,1784643015.0,"Tuesday, July 21, 2026 02:10 PM"
5d62c8bb-db84-4f9e-8800-8a7df32de1fa,PREDA,Haven,Competitive,Reyna,Duelista,7,3,17,4,"['takumi fujiwara', 'LP Felupan', 'RichiPichi', 'Ben Barek']",Diamond,3.0,"['Killjoy', 'Jett', 'Yoru', 'Omen', 'Reyna']",109.889,0,1,0,5,13,1784640982.0,"Tuesday, July 21, 2026 01:36 PM"
1edbcbd0-0090-4e63-821a-fe708f9d0aa1,PREDA,Split,Competitive,Chamber,Centinela,20,2,17,9,"['YinoS', 'ErBlaze21', 'Lucass', 'panch1t0']",Diamond,3.0,"['Clove', 'Chamber', 'Fade', 'Jett', 'Deadlock']",238.136,0,0,0,9,13,1784733890.0,"Wednesday, July 22, 2026 03:24 PM"
7d9ed261-f1ab-44ec-9ffe-12686d706e99,PREDA,Summit,Competitive,Chamber,Centinela,13,3,12,11,"['VaaleeN0', 'snøw', 'Shad0w', 'n0handsツ']",Diamond,3.0,"['Phoenix', 'Miks', 'Fade', 'Chamber', 'Sage']",220.312,0,2,0,3,13,1784732287.0,"Wednesday, July 22, 2026 02:58 PM"
75e1b91a-004c-48a9-a8eb-dd2a1e474c02,PREDA,Split,Competitive,Chamber,Centinela,18,3,13,14,"['Uxie', 'Atif', 'Calvos Calvos', 'chakhua']",Diamond,3.0,"['Jett', 'Chamber', 'Reyna', 'KAY/O', 'Omen']",259.526,2,1,1,13,6,1784729583.0,"Wednesday, July 22, 2026 02:13 PM"
36b7975e-c732-4dc3-9859-53cacc36fb15,PREDA,Sunset,Competitive,Chamber,Centinela,19,2,21,9,"['dαni', 'HamzaAsecas', 'κιrα', 'pina']",Diamond,3.0,"['Phoenix', 'Sova', 'Chamber', 'Jett', 'Omen']",199.885,4,5,2,14,12,1784726515.0,"Wednesday, July 22, 2026 01:21 PM"
e0256935-6dd0-4be7-87f7-09922e1dbd40,PREDA,Breeze,Competitive,Chamber,Centinela,24,2,14,16,"['Rin', 'MUAKMUAK', 'Shawn Frost', 'HeneryMoon']",Diamond,3.0,"['Chamber', 'Sova', 'Jett', 'Sage', 'Viper']",266.952,2,0,1,13,8,1784755206.0,"Wednesday, July 22, 2026 09:20 PM"
bcfcadeb-a23a-4e59-b65a-21b95577b67b,PREDA,Summit,Competitive,Chamber,Centinela,17,1,8,9,"['ComediaNNN', 'Gimenezzz', '痛  mäıda', 'FS bayronmz']",Diamond,3.0,"['Reyna', 'Fade', 'Killjoy', 'Chamber', 'Clove']",216.526,2,0,1,13,6,1784817162.0,"Thursday, July 23, 2026 02:32 PM"
bede849d-70c2-40bf-ad7b-9fda7ef8714b,PREDA,Lotus,Competitive,Reyna,Duelista,8,3,17,4,"['Termimix', 'SENDA', 'SebasOfPotato', 'Ψ Sung Jinwoo Ψ']",Diamond,3.0,"['Jett', 'Omen', 'Fade', 'Reyna', 'Chamber']",95.261,1,1,2,13,10,1784814401.0,"Thursday, July 23, 2026 01:46 PM"
d9d7a816-e566-45c0-a065-4dbe1fe81b93,PREDA,Lotus,Competitive,Chamber,Centinela,15,4,10,8,"['tassive mitties', 'LeMenor on ice', '么Jin Wooツ', 'Worke']",Diamond,3.0,"['Clove', 'Waylay', 'Fade', 'Chamber', 'Phoenix']",248.647,2,0,3,13,4,1784812426.0,"Thursday, July 23, 2026 01:13 PM"
85a35e36-2140-4535-9947-8800f7d69e3c,PREDA,Glitch,Team Deathmatch,Raze,Duelista,24,4,22,17,"['ln6', 'amador rivas', 'Moukaa', 'Mepa Geo']",Unrated,,"['Iso', 'Chamber', 'Phoenix', 'Raze', 'Reyna']",6840.0,0,1,4,100,92,1784811652.0,"Thursday, July 23, 2026 01:00 PM"
697a5d60-7b89-4184-8824-827cf5d8c2ed,PREDA,Lotus,Competitive,Reyna,Duelista,5,3,14,4,"['HK Doña Clotilde', 'Keydox', 'TH manu', 'k3 tlp']",Ascendant,1.0,"['Raze', 'Omen', 'Reyna', 'Chamber', 'Neon']",90.0,1,0,0,4,13,1784905918.0,"Friday, July 24, 2026 03:11 PM"
b141670f-653c-467f-8e9a-d4fed92aa9f1,PREDA,Ascent,Competitive,Chamber,Centinela,17,1,12,9,"['Jesús Vallejo', 'Yotoko Turaja', 'lelplayer', 'Tho']",Ascendant,1.0,"['Jett', 'Phoenix', 'Gekko', 'Omen', 'Chamber']",225.045,6,2,1,13,9,1784903608.0,"Friday, July 24, 2026 02:33 PM"
b75cb9c2-abb7-46ad-a612-3507798cf5b8,PREDA,Lotus,Competitive,Chamber,Centinela,8,2,14,4,"['Worke', 'LeMenor on ice', 'FAVORITA DE DIOS', 'megafire blaze']",Ascendant,1.0,"['Fade', 'Deadlock', 'Omen', 'Chamber', 'Jett']",132.438,0,5,0,3,13,1784901915.0,"Friday, July 24, 2026 02:05 PM"
210f1af4-a4d4-4fac-9adb-0c1ae114849c,PREDA,Split,Competitive,Chamber,Centinela,9,3,13,6,"['chakhua', 'f0u4D ツ', 'Iján', 'jordan carter']",Ascendant,1.0,"['Fade', 'Jett', 'Phoenix', 'Chamber', 'Clove']",176.375,0,1,0,3,13,1784900353.0,"Friday, July 24, 2026 01:39 PM"
a5566b16-01b3-40f3-a224-267a268d1cfc,PREDA,Summit,Competitive,Chamber,Centinela,15,2,8,12,"['Gengar ッ', 'JYTSS', 'KEigo', 'PandaJubilado']",Ascendant,1.0,"['Phoenix', 'Chamber', 'Fade', 'Astra', 'Neon']",247.875,3,2,1,13,3,1784898624.0,"Friday, July 24, 2026 01:10 PM"
776f7de3-e355-48fd-90c3-1ea9eab3e273,PREDA,Ascent,Competitive,Chamber,Centinela,25,2,18,11,"['40FpsRaataTatTat', 'PinkParacetamol', 'Chαrlie', 'full baiter']",Ascendant,1.0,"['Phoenix', 'Fade', 'Clove', 'Chamber', 'Jett']",214.821,2,0,0,13,15,1784915598.0,"Friday, July 24, 2026 05:53 PM"
c99944cb-391b-4087-8a7f-fe31a39b9146,PREDA,Haven,Competitive,Chamber,Centinela,19,2,14,14,"['Swatowy', 'Rydox', 'HounaX', 'rdw']",Ascendant,1.0,"['Jett', 'KAY/O', 'Clove', 'Reyna', 'Chamber']",203.667,2,1,1,13,11,1784913322.0,"Friday, July 24, 2026 05:15 PM"
17033198-d9aa-4897-91fe-1fd691f9dd46,PREDA,Ascent,Competitive,Chamber,Centinela,17,6,15,9,"['ElPokasKnight', 'Shad0w', 'T E C H E', 'n0handsツ']",Diamond,3.0,"['Miks', 'Chamber', 'Jett', 'KAY/O', 'Reyna']",232.136,1,2,0,9,13,1784996384.0,"Saturday, July 25, 2026 04:19 PM"
98a5b6e8-8d87-4839-8072-1ab749cc75ef,PREDA,Lotus,Competitive,Chamber,Centinela,16,2,18,12,"['MONOCACHONDO', 'LyV', 'IMissHer', 'theboosLK']",Ascendant,1.0,"['Chamber', 'Neon', 'Miks', 'Reyna', 'Skye']",201.174,1,3,0,10,13,1784994213.0,"Saturday, July 25, 2026 03:43 PM"
a58b6031-5632-43fb-b72e-dd2b07ef2df5,PREDA,Sunset,Competitive,Waylay,Duelista,8,4,19,6,"['el patica', 'chum chum', 'VorxZM', 'Tiranoman']",Ascendant,1.0,"['Breach', 'Waylay', 'Chamber', 'Clove', 'Reyna']",114.81,1,4,0,8,13,1784991789.0,"Saturday, July 25, 2026 03:03 PM"
75e8320f-ab86-4b4d-a2a8-c128047469b3,PREDA,Summit,Competitive,Chamber,Centinela,17,0,16,10,"['vazz', 'Cuełłøs', 'LLO bovlix', 'LP crocracker']",Ascendant,1.0,"['Phoenix', 'Breach', 'Neon', 'Astra', 'Chamber']",251.947,4,3,0,6,13,1784989818.0,"Saturday, July 25, 2026 02:30 PM"
46acd26a-eda0-4bb3-b1a8-3d5c2fc36a22,PREDA,Breeze,Competitive,Reyna,Duelista,22,7,13,13,"['Ryuugu Rena', 'ArtemisaINVU', 'GTI 8 5 CS', '希 Nagito Komaeda']",Ascendant,1.0,"['Viper', 'Reyna', 'Chamber', 'Sova', 'Jett']",295.75,3,0,1,13,7,1784987524.0,"Saturday, July 25, 2026 01:52 PM"
3c9d6838-3f07-4b2c-a7e2-fbe98ea943b8,PREDA,Ascent,Competitive,Chamber,Centinela,36,0,19,23,"['MLowliet', 'cuervo617', 'thorfin乂', 'NRG Opy']",Diamond,3.0,"['Jett', 'Phoenix', 'Clove', 'Chamber', 'Sova']",333.3,5,3,1,16,14,1785074656.0,"Sunday, July 26, 2026 02:04 PM"
bf13e35e-2061-4fa6-9861-c89d69a0e421,PREDA,Lotus,Competitive,Chamber,Centinela,15,3,15,11,"['NM08ツ', 'Monster', 'no4h', 'mikelmen24']",Diamond,3.0,"['Raze', 'Chamber', 'Phoenix', 'Skye', 'Omen']",220.526,1,0,0,6,13,1785072648.0,"Sunday, July 26, 2026 01:30 PM"
670b02d8-06b0-4f21-afcb-528ecac480c3,PREDA,Haven,Competitive,Chamber,Centinela,19,4,16,14,"['Mega Payo 69', 'ヤイザ', 'SovietSense', 'Mjgave PRIME']",Diamond,3.0,"['Jett', 'Miks', 'Phoenix', 'Sova', 'Chamber']",227.696,3,3,0,10,13,1785097524.0,"Sunday, July 26, 2026 08:25 PM"
82406451-ed1a-4cfd-a411-461bbc5644ce,PREDA,Breeze,Competitive,Chamber,Centinela,15,3,9,9,"['etherindra', 'ZzyroO', 'Unai Limón', 'C1POTE']",Diamond,3.0,"['Reyna', 'Chamber', 'Miks', 'Sova', 'Jett']",212.333,2,1,1,13,5,1785095679.0,"Sunday, July 26, 2026 07:54 PM"
92cd445a-a128-4025-a9d6-9a26c9ba0ad5,PREDA,Breeze,Competitive,Chamber,Centinela,10,2,17,9,"['ad1c8', 'D3m0n1', 'S H A D O', 'KRÜ snowdeuS']",Diamond,3.0,"['Harbor', 'Clove', 'Jett', 'Gekko', 'Chamber']",164.45,1,0,0,7,13,1785166092.0,"Monday, July 27, 2026 03:28 PM"
94c42376-9e97-4c5e-8021-7c26c5c32ce2,PREDA,Lotus,Competitive,Chamber,Centinela,21,2,16,12,"['diwebo2', 'Lawliet', 'mark 愛', 'Donald Trumpeta']",Diamond,3.0,"['Gekko', 'Yoru', 'Jett', 'Chamber', 'Clove']",238.625,2,1,0,11,13,1785163756.0,"Monday, July 27, 2026 02:49 PM"
90ebb0c6-d8f5-4487-b09b-c53f2d101d50,PREDA,Split,Competitive,Chamber,Centinela,24,1,11,16,"['Tu tio pijon', '表格經銷商', 'PaquetePremium', 'rodr1gs']",Diamond,3.0,"['Chamber', 'Killjoy', 'Raze', 'Breach', 'Clove']",310.333,5,0,1,13,8,1785161472.0,"Monday, July 27, 2026 02:11 PM"
2f056be7-6972-4556-a642-359b1b162a2c,PREDA,Haven,Competitive,Omen,Controlador,7,6,18,5,"['Henry Emily', 'ricoysuave', 'Kalibre', 'Destru']",Diamond,3.0,"['Omen', 'Sova', 'Jett', 'Chamber', 'Phoenix']",94.095,1,2,0,8,13,1785159335.0,"Monday, July 27, 2026 01:35 PM"
a7940a0b-d824-42c6-8866-c1fabccce2f8,PREDA,Split,Competitive,Chamber,Centinela,16,0,14,9,"['Chamo Ney', 'mikelmen24', 'mushin', 'IansPlayOficial']",Diamond,3.0,"['Phoenix', 'Omen', 'Jett', 'Breach', 'Chamber']",214.105,2,1,0,6,13,1785156776.0,"Monday, July 27, 2026 12:52 PM"
18f48dbb-478a-4b3c-8b93-a1a2895c5a01,PREDA,Haven,Competitive,Chamber,Centinela,20,4,13,9,"['tocapanchas', 'VenomVandal', 'Lil GeKKonZ', 'reyzisback']",Diamond,3.0,"['Brimstone', 'Sova', 'Cypher', 'Chamber', 'Jett']",216.13,4,1,1,13,10,1785192821.0,"Monday, July 27, 2026 10:53 PM"
3e92e68d-114e-4a59-bfc2-8428491063e1,PREDA,Breeze,Competitive,Reyna,Duelista,15,2,16,14,"['shaula yams', 'DJ4keee', 'minizack', 'Jeisi']",Diamond,3.0,"['Reyna', 'Omen', 'Jett', 'Chamber', 'Sova']",229.158,3,1,0,6,13,1785190816.0,"Monday, July 27, 2026 10:20 PM"
cdda4ac2-206f-4997-8f8f-51b36683da13,PREDA,Ascent,Competitive,Chamber,Centinela,8,2,14,6,"['ANAS66', 'Now fall', 'RYO oyr', 'CHuMCHuM']",Diamond,3.0,"['Sova', 'Reyna', 'Jett', 'Miks', 'Chamber']",144.118,2,2,0,4,13,1785251357.0,"Tuesday, July 28, 2026 03:09 PM"
725a6eb0-18ea-4737-9a5a-1385937143ec,PREDA,Summit,Competitive,Chamber,Centinela,22,5,10,16,"['RG Blazzer', 'RG ruancin', 'Melericos', 'ZettaDeuS']",Diamond,3.0,"['Jett', 'Chamber', 'Omen', 'KAY/O', 'Neon']",345.778,5,2,1,13,5,1785249696.0,"Tuesday, July 28, 2026 02:41 PM"
877ec595-4068-4e2e-98c6-0f14bb6cd622,PREDA,Summit,Competitive,Chamber,Centinela,11,2,15,8,"['제트기', 'ken kaneki', 'G4Biiiii', 'Guaza']",Diamond,3.0,"['Phoenix', 'Omen', 'Jett', 'Fade', 'Chamber']",161.6,1,0,0,7,13,1785247645.0,"Tuesday, July 28, 2026 02:07 PM"
c1174a6a-1e20-497a-a2e3-0f883fa4bf2f,PREDA,Glitch,Team Deathmatch,Reyna,Duelista,24,6,15,23,"['RazrHS', 'Pedrinho ツ', 'escorpio37', 'ALEKSANDAR']",Unrated,,"['Deadlock', 'Reyna', 'Jett', 'Iso', 'Raze']",6708.0,0,0,1,100,62,1785246964.0,"Tuesday, July 28, 2026 01:56 PM"
18100bbc-1b10-4649-b27f-c493c229ae86,PREDA,Haven,Competitive,Chamber,Centinela,9,5,13,6,"['xViperBite', 'rodry', 'Scripted', 'Hamid Farah']",Diamond,3.0,"['Gekko', 'Chamber', 'Clove', 'Brimstone', 'Phoenix']",141.947,1,0,2,13,6,1785245035.0,"Tuesday, July 28, 2026 01:23 PM"
3453eed5-624b-4c95-9f7d-106c5bb90c85,PREDA,Breeze,Competitive,Chamber,Centinela,12,2,13,8,"['kame', 'FreeZeta', 'EggZit Peakin', 'HC Manol']",Diamond,3.0,"['Reyna', 'Neon', 'Chamber', 'Omen', 'Sage']",152.476,2,0,1,13,8,1785263998.0,"Tuesday, July 28, 2026 06:39 PM"
f7e0fd3e-d818-499d-b4b1-a027b24551b5,PREDA,Split,Competitive,Chamber,Centinela,14,3,13,10,"['乙骨憂太', 'Birrita', 'RYO Cardo', 'Исма']",Diamond,3.0,"['Raze', 'Sage', 'Chamber', 'Clove', 'Skye']",246.562,2,1,0,3,13,1785262111.0,"Tuesday, July 28, 2026 06:08 PM"
16d81500-d028-4691-84a1-7cb488cec6ae,PREDA,Lotus,Competitive,Chamber,Centinela,12,4,13,9,"['тнα ηιcσ', 'EscanorTheOne', '0oK', 'Coyote Starrk']",Diamond,3.0,"['Jett', 'Reyna', 'Omen', 'Fade', 'Chamber']",193.944,2,5,1,13,5,1785338356.0,"Wednesday, July 29, 2026 03:19 PM"
323a7937-8a60-4941-9c6e-fb86427859c6,PREDA,Haven,Competitive,Chamber,Centinela,8,0,15,8,"['DaleGoldi', 'Unaberettaprime', 'TR1', 'traTTT']",Diamond,3.0,"['Chamber', 'Sova', 'Phoenix', 'Clove', 'Jett']",140.882,0,1,0,4,13,1785336418.0,"Wednesday, July 29, 2026 02:46 PM"
8937dd9a-56fb-476d-95c0-3ab10c8e947b,PREDA,Glitch,Team Deathmatch,Iso,Duelista,13,3,26,8,"['Alg0rithm', 'OierArri', 'nicozzz', '3r1kメ']",Unrated,,"['Fade', 'Phoenix', 'Jett', 'Reyna', 'Iso']",3658.0,0,0,0,99,100,1785335259.0,"Wednesday, July 29, 2026 02:27 PM"
5a370742-6925-48ef-bc7c-ef237145acff,PREDA,Ascent,Competitive,Chamber,Centinela,16,2,19,10,"['Tita', 'But3rFly Eff3ct', 'Zakoo', 'PeekTapツ']",Diamond,3.0,"['Chamber', 'Omen', 'Deadlock', 'Fade', 'Jett']",186.13,2,3,1,13,10,1785332686.0,"Wednesday, July 29, 2026 01:44 PM"
88ce7b2a-bac9-410e-bb5b-c7932ba911f6,PREDA,Ascent,Competitive,Chamber,Centinela,23,4,16,12,"['arroz', 'alb3rtoo', 'Andres', 'シャフィ']",Diamond,3.0,"['Jett', 'Clove', 'Sage', 'KAY/O', 'Chamber']",262.083,5,3,1,13,11,1785350775.0,"Wednesday, July 29, 2026 06:46 PM"
3365b9cc-d2a9-4abb-bf0b-bc31a0daad63,PREDA,Breeze,Competitive,Reyna,Duelista,19,1,9,15,"['Cucurella', 'Neum1x', 'Paradigmatrixion', 'zndx']",Diamond,3.0,"['Neon', 'Reyna', 'Chamber', 'Brimstone', 'Jett']",306.059,0,2,1,13,4,1785421440.0,"Thursday, July 30, 2026 02:24 PM"
03e0f351-c268-4f38-8e25-89deabbfeb2f,PREDA,Haven,Competitive,Chamber,Centinela,18,1,15,10,"['lefsito', 'moe', 'iSnowy', 'зверь']",Diamond,3.0,"['Skye', 'Jett', 'Astra', 'Phoenix', 'Chamber']",243.25,3,2,2,13,7,1785419169.0,"Thursday, July 30, 2026 01:46 PM"
b0658572-a75f-4591-8bad-7e6c472db654,PREDA,Sunset,Competitive,Chamber,Centinela,16,2,15,13,"['1KG DE PELLEJO', 'DOMZ', 'sl1xerr', 'rubyelamo']",Diamond,3.0,"['Miks', 'Phoenix', 'Breach', 'Jett', 'Chamber']",222.0,3,1,0,8,13,1785416663.0,"Thursday, July 30, 2026 01:04 PM"
ca3e0ff5-d60d-4e9f-a32d-8f1180852268,PREDA,Haven,Competitive,Chamber,Centinela,21,3,13,11,"['Siece', 'Tortellini', 'zilonmortal', 'Headshots4Free 水']",Diamond,3.0,"['KAY/O', 'Omen', 'Chamber', 'Skye', 'Jett']",236.208,4,1,1,13,11,1785505578.0,"Friday, July 31, 2026 01:46 PM"
47124393-b419-4005-8775-1f390ca91b45,PREDA,Ascent,Competitive,Chamber,Centinela,15,4,18,8,"['BigPochi', 'Pervil', 'xvityx10', 'Laxht']",Diamond,3.0,"['Phoenix', 'Raze', 'Cypher', 'Chamber', 'Clove']",209.15,2,0,0,7,13,1785503527.0,"Friday, July 31, 2026 01:12 PM"
cf8ef860-b2ca-4910-8fbc-b597044505a3,PREDA,Lotus,Competitive,Chamber,Centinela,21,3,20,11,"['Z A R T H I O N', 'abuelo de jinto', 'OPYfps', 'joseegregorii']",Diamond,3.0,"['Chamber', 'Jett', 'Reyna', 'Omen', 'Fade']",264.917,3,2,0,11,13,1785678205.0,"Sunday, August 02, 2026 01:43 PM"
dc77902c-fe78-4870-b5c8-c3d1c2689417,PREDA,Breeze,Competitive,Chamber,Centinela,12,0,15,3,"['kakashi', 'OPYfps', 'rome', 'Z A R T H I O N']",Diamond,3.0,"['Sova', 'Viper', 'Phoenix', 'Chamber', 'Jett']",165.889,0,1,0,5,13,1785676160.0,"Sunday, August 02, 2026 01:09 PM"
fc125e5b-d254-4159-bbc7-540b6b0b7f79,PREDA,Ascent,Competitive,Chamber,Centinela,14,4,12,6,"['Frostツ', 'BluePowerRanger', 'p1res', 'Frαn']",Diamond,3.0,"['Chamber', 'Jett', 'Sova', 'Phoenix', 'Omen']",219.882,3,1,1,13,4,1785767343.0,"Monday, August 03, 2026 02:29 PM"
6a8dbde0-3774-46c2-a016-275e2f19565b,PREDA,Sunset,Competitive,Chamber,Centinela,17,2,13,9,"['g1tano finalboss', 'Credens', 'KiRoNiXx', 'coche rojo']",Diamond,3.0,"['Chamber', 'Reyna', 'Fade', 'Neon', 'Brimstone']",251.05,1,4,0,7,13,1785764466.0,"Monday, August 03, 2026 01:41 PM"
d521fc29-618b-4c2c-9f33-9ed00bcbbf4d,PREDA,Breeze,Competitive,Chamber,Centinela,20,0,15,12,"['Noloheenchufado', 'Bubalongas', 'Shota', 'Kata']",Diamond,3.0,"['Viper', 'Sova', 'Yoru', 'Chamber', 'Neon']",216.478,1,1,1,13,10,1785762179.0,"Monday, August 03, 2026 01:02 PM"
52bf7097-840c-4a81-b67c-d110646669e9,PREDA,Summit,Competitive,Reyna,Duelista,1,3,15,4,"['FullofHate', 'kreiko1', 'porcus', 'Freddy']",Diamond,3.0,"['Jett', 'Miks', 'Chamber', 'Fade', 'Reyna']",38.111,0,3,0,5,13,1785759836.0,"Monday, August 03, 2026 12:23 PM"
559969d5-a867-4e78-b2e1-71e6e38ceb4a,PREDA,Summit,Competitive,Cypher,Centinela,18,4,17,17,"['JGG', 'AviónConGafas', 'yahyagraal', 'wtv']",Diamond,3.0,"['Astra', 'Cypher', 'Chamber', 'Waylay', 'Fade']",222.5,3,0,1,13,11,1785855361.0,"Tuesday, August 04, 2026 02:56 PM"
9d6b581a-eb26-4051-9b40-39b29b475fe5,PREDA,Breeze,Competitive,Neon,Duelista,25,7,16,21,"['JKD', 'Valeria lover', 'JagAccel', 'tuperiko']",Diamond,3.0,"['Chamber', 'Sova', 'Miks', 'Jett', 'Neon']",332.909,2,3,2,13,9,1785852739.0,"Tuesday, August 04, 2026 02:12 PM"
e11ff313-ae73-4659-afcf-027b232329cd,PREDA,Lotus,Competitive,Reyna,Duelista,22,5,13,16,"['ffduye', 'Kometa', 'Kanutev', 'dontry2hard']",Diamond,3.0,"['Chamber', 'Reyna', 'Jett', 'Clove', 'Sova']",291.619,6,1,3,13,8,1785850595.0,"Tuesday, August 04, 2026 01:36 PM"
d639f278-766a-46aa-b8cd-a368f614cc04,PREDA,Breeze,Competitive,Chamber,Centinela,29,1,17,15,"['G4Biiiii', 'SingadorNato', 'Ski Instructor', 'Ana']",Diamond,3.0,"['Sova', 'Waylay', 'KAY/O', 'Chamber', 'Omen']",346.227,2,3,0,9,13,1785848209.0,"Tuesday, August 04, 2026 12:56 PM"
85a34800-5d14-4711-8ce9-3bc5852a9cb0,PREDA,Split,Competitive,Chamber,Centinela,12,4,12,6,"['TH ja1271', 'malagueñoalpoder', 'ultratoro', 'Danikum']",Diamond,3.0,"['Chamber', 'KAY/O', 'Sage', 'Clove', 'Jett']",228.941,2,1,0,4,13,1785846400.0,"Tuesday, August 04, 2026 12:26 PM"
f076cbb8-71f0-445d-bcd8-d21020e23098,PREDA,Haven,Competitive,Chamber,Centinela,17,2,14,10,"['WingRiddenAngel', 'DarkNE22', 'Riverinya', 'Dippyn 970']",Diamond,3.0,"['Jett', 'Chamber', 'Miks', 'Sova', 'Breach']",226.05,4,1,1,13,7,1785942314.0,"Wednesday, August 05, 2026 03:05 PM"
ff888fed-9998-4d77-a905-83379f8a77d9,PREDA,Lotus,Competitive,Chamber,Centinela,18,9,14,10,"['cona sucia', 'Kunkun', 'joseegregorii', 'KeTa']",Diamond,3.0,"['Miks', 'Killjoy', 'Neon', 'Skye', 'Chamber']",262.952,3,1,2,13,8,1785939537.0,"Wednesday, August 05, 2026 02:18 PM"
a3fdafe8-0337-48af-ab3e-a896335e4392,PREDA,Sunset,Competitive,Chamber,Centinela,16,0,17,12,"['NixZyツ', 'FNC Dapro332', 'Erimiya', 'Supersaiyan Abun']",Diamond,3.0,"['Neon', 'Jett', 'Omen', 'Chamber', 'Sova']",212.909,1,3,0,9,13,1785937484.0,"Wednesday, August 05, 2026 01:44 PM"
9a86541b-9df3-45c3-8efb-3460d7ad04ef,PREDA,Lotus,Competitive,Chamber,Centinela,14,5,10,11,"['Halal Aim', 'El Ruizoo zZz', 'JΛIDΛЯ', 'Inti']",Diamond,3.0,"['Chamber', 'Jett', 'Phoenix', 'Clove', 'Gekko']",224.778,2,1,1,13,5,1785935548.0,"Wednesday, August 05, 2026 01:12 PM"
106ac22a-1f0c-4122-b7cd-165441da4745,PREDA,Ascent,Competitive,Cypher,Centinela,9,6,17,6,"['El Ruizoo zZz', 'PBM ToTe', 'Unaii', 'Jonpo']",Diamond,3.0,"['Jett', 'Sova', 'Cypher', 'Chamber', 'Omen']",114.391,0,2,0,10,13,1785932740.0,"Wednesday, August 05, 2026 12:25 PM"
c1e4e435-421d-44c1-b472-eb9001c954f5,PREDA,Icebox,Swiftplay,Jett,Duelista,7,1,8,5,"['EziRio', 'KATANA', 'PepeMaster69', 'san']",Unrated,,"['Omen', 'Jett', 'Reyna', 'Chamber', 'Sova']",235.0,0,1,0,4,5,1786028308.0,"Thursday, August 06, 2026 02:58 PM"
1516e7f2-9580-41d7-b709-74743350b5ea,PREDA,Ascent,Competitive,Chamber,Centinela,18,1,14,14,"['Escanor', 'rubi98Tactico', 'viyu', 'Sequer']",Diamond,3.0,"['Jett', 'Phoenix', 'Sova', 'Chamber', 'Clove']",249.684,4,2,1,13,6,1786025654.0,"Thursday, August 06, 2026 02:14 PM"
9fc30b37-b383-4c42-ad88-75ff5f1f380c,PREDA,Sunset,Competitive,Chamber,Centinela,19,3,17,12,"['Mati', 'SOYUNCONITO', 'c0vez', 'From Brazil']",Diamond,3.0,"['Chamber', 'Breach', 'Raze', 'Miks', 'Jett']",216.5,1,2,2,13,11,1786022246.0,"Thursday, August 06, 2026 01:17 PM"
48efd61e-90db-4633-a057-e02d31831618,PREDA,Ascent,Competitive,Chamber,Centinela,21,1,14,9,"['KaZz', 'eR dioSi', 'Veintitrexx', 'Carrefour']",Ascendant,1.0,"['Chamber', 'Jett', 'Killjoy', 'Omen', 'Sova']",290.0,4,1,0,6,13,1786204587.0,"Saturday, August 08, 2026 03:56 PM"
9cff97d3-2765-4051-a3a2-ff11ed3a40d3,PREDA,Sunset,Competitive,Chamber,Centinela,21,2,15,18,"['crwn', '我更好了', 'THL龍 EGO', 'Sua']",Ascendant,1.0,"['Skye', 'Chamber', 'Jett', 'Iso', 'Clove']",323.737,0,1,0,6,13,1786202889.0,"Saturday, August 08, 2026 03:28 PM"
0ebc881c-0cba-44a1-9cb0-700e5e25f936,PREDA,Lotus,Competitive,Chamber,Centinela,18,1,17,8,"['Rio', 'v0id', 'Lil Fimosis', 'abyssal']",Ascendant,1.0,"['Killjoy', 'Raze', 'Gekko', 'Omen', 'Chamber']",237.696,3,1,0,10,13,1786199678.0,"Saturday, August 08, 2026 02:34 PM"
d9588a0f-12c6-40a2-9fd5-5f2d32858622,PREDA,Summit,Competitive,Chamber,Centinela,18,3,16,11,"['Cogollo Pal Body', 'airoons', 'Coletilla007', 'Fresna08']",Ascendant,1.0,"['Sage', 'Sova', 'Neon', 'Omen', 'Chamber']",211.087,0,3,0,10,13,1786197031.0,"Saturday, August 08, 2026 01:50 PM"
cb3e3b0c-25ef-47b9-afd4-c58dfecd2bb7,PREDA,Breeze,Competitive,Iso,Duelista,18,1,16,12,"['OPYfps', 'ИΞK0', 'kiro', 'beso y una flor']",Diamond,3.0,"['Viper', 'Cypher', 'KAY/O', 'Jett', 'Iso']",242.619,2,2,0,8,13,1786286585.0,"Sunday, August 09, 2026 02:43 PM"
8b969a37-7a8f-462f-957d-65a2f9d61386,PREDA,Ascent,Competitive,Jett,Duelista,15,1,15,10,"['i miss hajar', 'mey mey mey', 'durite03', 'OPYfps']",Diamond,3.0,"['Skye', 'Reyna', 'Chamber', 'Jett', 'Omen']",225.737,4,2,1,13,6,1786284486.0,"Sunday, August 09, 2026 02:08 PM"
f9269f00-c52c-4f0f-b5b1-69e04cb20dca,PREDA,Haven,Competitive,Chamber,Centinela,6,2,16,3,"['OPYfps', 'Acil 10', 'Nacer spiegel', 'LFT SHAD1C']",Diamond,3.0,"['Chamber', 'Omen', 'Phoenix', 'Reyna', 'Sova']",124.882,2,3,0,4,13,1786282633.0,"Sunday, August 09, 2026 01:37 PM"
15602695-45df-4bce-8d1e-103a7d69a5ea,PREDA,Breeze,Competitive,Reyna,Duelista,24,2,17,19,"['FETAMINA', 'Shaula Yams', 's a i n t', 'Iron 1']",Diamond,3.0,"['Brimstone', 'Chamber', 'Sova', 'Reyna', 'Phoenix']",261.917,3,1,0,11,13,1786366127.0,"Monday, August 10, 2026 12:48 PM"
e9e9c94d-8147-4f69-9cf0-5105aaf3e30b,PREDA,Haven,Competitive,Chamber,Centinela,30,4,18,19,"['DARK SPIRIENCE', 'OPYfps', 'Krusty El Payaso', 'NANDET']",Diamond,3.0,"['Omen', 'Sova', 'Chamber', 'Jett', 'Phoenix']",314.885,2,2,1,14,12,1786401257.0,"Monday, August 10, 2026 10:34 PM"
88eb4d39-20f8-41c4-a6e9-f382ba9f0e49,PREDA,Haven,Competitive,Phoenix,Duelista,23,3,14,22,"['pauletaaa', 'PdePaulita12', 'Ferro', 'dacava']",Diamond,3.0,"['Killjoy', 'Jett', 'Sova', 'Phoenix', 'Omen']",264.783,1,1,1,13,10,1786456018.0,"Tuesday, August 11, 2026 01:46 PM"
c4bf4391-75c9-4029-a035-5a1ff3624661,PREDA,Sunset,Competitive,Chamber,Centinela,9,0,7,2,"['Gnomoo', 'I Am Murciano', 'JagAccel', 'dry']",Diamond,3.0,"['Phoenix', 'Chamber', 'Skye', 'Miks', 'Jett']",152.5,3,1,2,13,1,1786453961.0,"Tuesday, August 11, 2026 01:12 PM"
ffde2e5a-123a-4574-86c2-0c29ce1ce176,PREDA,Lotus,Competitive,Chamber,Centinela,17,0,17,10,"['CDBurraa', 'Tensai天才', 'Vitorio', 'D36 Peek']",Diamond,3.0,"['Neon', 'Yoru', 'Fade', 'Clove', 'Chamber']",177.538,6,1,3,14,12,1786451515.0,"Tuesday, August 11, 2026 12:31 PM"
b60f4287-745c-4ef4-8e17-220e63166f82,PREDA,Ascent,Competitive,Chamber,Centinela,5,0,7,4,"['nando', 'OPYfps', 'Ð丹亡回', 'BlackLabel']",Ascendant,1.0,"['KAY/O', 'Omen', 'Killjoy', 'Raze', 'Chamber']",107.154,0,2,0,0,7,1786487664.0,"Tuesday, August 11, 2026 10:34 PM"
a7503169-19d1-4d75-b8a3-98a2ea9074d4,PREDA,Ascent,Competitive,Chamber,Centinela,11,2,14,7,"['EL CEGADORAS', 'OPYfps', 'MANNY MANITAS', 'ShereKhanzZ']",Ascendant,1.0,"['Breach', 'Chamber', 'Omen', 'Raze', 'Neon']",172.053,1,2,0,6,13,1786484914.0,"Tuesday, August 11, 2026 09:48 PM"
7effe985-c737-45cc-8970-a87d071c2fa2,PREDA,Breeze,Competitive,Chamber,Centinela,20,2,23,15,"['Satori Sato', 'Ñixwell', 'ρessoα', 'ILsQIGhost']",Ascendant,1.0,"['Chamber', 'Neon', 'Omen', 'Sova', 'Phoenix']",205.964,4,2,0,13,15,1786544285.0,"Wednesday, August 12, 2026 02:18 PM"
6b3ef8c4-efe2-4056-b7ed-ef239c08d49d,PREDA,Haven,Competitive,Phoenix,Duelista,13,3,15,12,"['Vyzen', 'Patata', 'ShawpeX iwnl', '21 Savage']",Ascendant,1.0,"['Jett', 'Chamber', 'Miks', 'Phoenix', 'Cypher']",188.4,0,0,0,7,13,1786542175.0,"Wednesday, August 12, 2026 01:42 PM"
28197fbe-fbad-4448-b3d8-4347a70ba7fa,PREDA,Split,Competitive,Chamber,Centinela,22,4,10,15,"['Bleeding Heart', 'Vigor03', 'spider lily', 'El madrileño']",Diamond,3.0,"['Chamber', 'Reyna', 'Fade', 'Jett', 'Clove']",342.444,5,0,1,13,5,1786560068.0,"Wednesday, August 12, 2026 06:41 PM"
0ff13b3c-3e85-4ec7-b494-174e9ce7352a,PREDA,Haven,Competitive,Reyna,Duelista,24,3,14,23,"['Vigor03', 'pm146', 'SssS', 'Djang0d']",Diamond,3.0,"['Clove', 'Chamber', 'Reyna', 'Sova', 'Raze']",312.85,3,2,2,13,7,1786557820.0,"Wednesday, August 12, 2026 06:03 PM"
07aeaa57-8640-4963-92b2-603226cc31ac,PREDA,Sunset,Competitive,Chamber,Centinela,26,2,18,17,"['Cryo', 'MorcillaVoladora', 'yepii', 'IIIIlllII']",Diamond,3.0,"['Waylay', 'Phoenix', 'Clove', 'Chamber', 'Fade']",261.036,5,1,2,14,14,1786554870.0,"Wednesday, August 12, 2026 05:14 PM"
d38b8e4c-6d4a-4535-b052-f96cc4ec5a6c,PREDA,Breeze,Competitive,Chamber,Centinela,28,4,20,16,"['Mac Decreepo', 'gg hyiroo', 'gg rakii', 'unmasked']",Ascendant,1.0,"['Reyna', 'Chamber', 'Sova', 'Astra', 'Jett']",244.1,2,5,1,16,14,1786635250.0,"Thursday, August 13, 2026 03:34 PM"
97cac309-b566-4b24-b639-13e565a63270,PREDA,Split,Competitive,Chamber,Centinela,16,2,11,11,"['ダニエル', 'Capi', 'Joanis on audio', 'X0PAS']",Ascendant,1.0,"['Waylay', 'Chamber', 'Gekko', 'Jett', 'Omen']",218.421,1,1,2,13,6,1786633118.0,"Thursday, August 13, 2026 02:58 PM"
d4c62b44-1fc8-4f3a-b74e-d1d5c361fbfc,PREDA,Lotus,Competitive,Chamber,Centinela,17,1,16,11,"['sofii09', 'D E M O N', 'wf ktamin', 'DieGod']",Ascendant,1.0,"['Waylay', 'Breach', 'Jett', 'Miks', 'Chamber']",221.714,4,4,0,8,13,1786630948.0,"Thursday, August 13, 2026 02:22 PM"
2918be29-3801-4924-a883-769159d3033d,PREDA,Summit,Competitive,Chamber,Centinela,22,1,15,15,"['the chosen one', 'Fresdurr', 'Abraham meloyo', 'WhyUNoPlant']",Ascendant,1.0,"['Waylay', 'Sova', 'Jett', 'Chamber', 'Astra']",268.524,3,0,0,8,13,1786628921.0,"Thursday, August 13, 2026 01:48 PM"
233bfdce-fbb2-4a56-950c-8f67f33c4598,PREDA,Sunset,Competitive,Chamber,Centinela,10,1,13,7,"['franyxp', 'OPYfps', 'IvΔnzZ', 'ASTROpinga']",Ascendant,1.0,"['Yoru', 'Sova', 'Chamber', 'Cypher', 'Omen']",233.231,1,0,0,0,13,1786660166.0,"Thursday, August 13, 2026 10:29 PM"
756bb694-1ca5-4d76-aac6-3e58bd9d6c9a,PREDA,Haven,Competitive,Chamber,Centinela,12,2,14,6,"['F8 sixzy', 'martinazzz', 'roseSs', 'OPYfps']",Ascendant,1.0,"['Phoenix', 'Clove', 'Sova', 'Jett', 'Chamber']",166.85,4,3,0,7,13,1786658198.0,"Thursday, August 13, 2026 09:56 PM"
9654a601-8967-4237-9d30-f63062c3230e,PREDA,Summit,Competitive,Chamber,Centinela,16,0,17,11,"['Its Aiden', 'OPYfps', 'Angul0ck', 'João Felix']",Ascendant,1.0,"['Tejo', 'Clove', 'Waylay', 'Chamber', 'Jett']",238.35,2,4,0,7,13,1786655764.0,"Thursday, August 13, 2026 09:16 PM"
c9d56736-ed53-44df-acb4-8c83cbd0c9ee,PREDA,Breeze,Competitive,Reyna,Duelista,13,3,14,15,"['marcos8rg ', 'croquetadejamon', 'copalte002', 'guillezz']",Ascendant,1.0,"['Chamber', 'Omen', 'Cypher', 'Reyna', 'Jett']",250.529,0,1,0,4,13,1786722697.0,"Friday, August 14, 2026 03:51 PM"
08244ac3-aff6-41b4-acb4-821e0b76551c,PREDA,Split,Competitive,Chamber,Centinela,16,2,18,9,"['Pedroms', 'Braisdios', 'Ð丹亡回', 'Electronic']",Ascendant,1.0,"['Jett', 'Tejo', 'Chamber', 'Clove', 'Cypher']",217.095,3,2,0,8,13,1786720292.0,"Friday, August 14, 2026 03:11 PM"
a15d9ec5-efc2-431b-800c-45bb1f2d2d2d,PREDA,Haven,Competitive,Chamber,Centinela,10,2,10,4,"['CTDS maria', 'Mini Kapi', 'sugar mami', 'Electronic']",Ascendant,1.0,"['Clove', 'Jett', 'Reyna', 'Chamber', 'Skye']",162.353,1,2,1,13,4,1786718591.0,"Friday, August 14, 2026 02:43 PM"
0d6d33bd-bcb7-47fd-a0f5-0bce96467c81,PREDA,Breeze,Competitive,Chamber,Centinela,15,0,16,14,"['jon bones jones', 'R4 enjoyer', 'AHstepbro', 'froki']",Ascendant,1.0,"['Harbor', 'Jett', 'Cypher', 'Sova', 'Chamber']",168.609,6,2,0,10,13,1786716202.0,"Friday, August 14, 2026 02:03 PM"
64abd975-9117-46f5-9511-c416f5f5fb2b,PREDA,Lotus,Competitive,Reyna,Duelista,21,2,15,19,"['potopinga', 'Carlalf', 'OPYfps', 'MeDejoLaUni']",Diamond,3.0,"['Cypher', 'Reyna', 'Clove', 'Chamber', 'Raze']",295.35,2,0,0,7,13,1786739595.0,"Friday, August 14, 2026 08:33 PM"
2a7f62d0-f618-462d-8b03-f74aea6d5bc0,PREDA,Summit,Competitive,Chamber,Centinela,17,0,14,15,"['tumomenhd', 'Zexix', '弓ﾒ  ﾓทzｏ ﾒ弓', 'jidi']",Diamond,3.0,"['Jett', 'Fade', 'Clove', 'KAY/O', 'Chamber']",222.211,2,1,0,6,13,1786737020.0,"Friday, August 14, 2026 07:50 PM"
b02fb277-4283-470a-9ce2-7362262fc212,PREDA,Breeze,Competitive,Chamber,Centinela,18,2,18,12,"['Skerz', 'Lauuuritaa14', 'SNG', 'muriqi']",Diamond,3.0,"['Chamber', 'Miks', 'Waylay', 'Omen', 'Sova']",211.25,2,2,1,13,11,1786893641.0,"Sunday, August 16, 2026 03:20 PM"
230463e0-358f-407f-8939-3f50c2730ff7,PREDA,Ascent,Competitive,Chamber,Centinela,16,4,7,5,"['TerRemoTIto', 'RR Freshet', 'h3nrmpf PT', 'I AM THE POTITO']",Diamond,3.0,"['Miks', 'KAY/O', 'Sova', 'Chamber', 'Jett']",239.941,4,1,2,13,4,1786891573.0,"Sunday, August 16, 2026 02:46 PM"
44fc75a9-ac0f-44bb-a01b-dac1495fb562,PREDA,Haven,Competitive,Reyna,Duelista,24,5,12,22,"['Z3KITO', 'Okarun San ぷ', 'Revientacul0s', 'Enano Polloon']",Diamond,3.0,"['Sova', 'Jett', 'Miks', 'Cypher', 'Reyna']",328.632,2,1,3,13,6,1786889464.0,"Sunday, August 16, 2026 02:11 PM"
183285ab-5c1e-41d1-b918-dff2d4dc4204,PREDA,Sunset,Competitive,Chamber,Centinela,20,1,19,8,"['marcus edwards', 'Jallan Bipau', 'DaviidsTeQuiero', 'SUPER  BOCK']",Diamond,3.0,"['Jett', 'Killjoy', 'Chamber', 'Phoenix', 'Clove']",225.292,5,2,0,11,13,1786981362.0,"Monday, August 17, 2026 03:42 PM"
47b19823-f058-438f-b6d1-2dd86ac9b684,PREDA,Lotus,Competitive,Chamber,Centinela,13,3,16,9,"['Batman', 'Raspy5', 'Serenity', 'Danielepete']",Diamond,3.0,"['Miks', 'Gekko', 'Jett', 'Chamber', 'Phoenix']",203.474,1,4,0,6,13,1786979459.0,"Monday, August 17, 2026 03:10 PM"
8662a6b5-1dec-437c-afc7-91b3fba0a7d8,PREDA,Breeze,Competitive,Neon,Duelista,16,3,20,13,"['h3nrmpf PT', 's1lentz', 'san tosielo', 'foici7']",Diamond,3.0,"['Neon', 'Skye', 'Harbor', 'Phoenix', 'Cypher']",233.522,5,3,0,10,13,1786976855.0,"Monday, August 17, 2026 02:27 PM"
b0fadbf6-eb70-4376-ae73-a22385c7cd84,PREDA,Lotus,Competitive,Reyna,Duelista,9,4,19,4,"['Embrague', 'Acelerador', 'not location', 'ANTv1 De Dannˇ']",Diamond,3.0,"['Raze', 'Clove', 'Chamber', 'Reyna', 'Gekko']",110.826,0,2,0,10,13,1786974469.0,"Monday, August 17, 2026 01:47 PM"
cdd25a39-8fbd-4167-8bda-da922b1392f8,PREDA,Split,Competitive,Reyna,Duelista,12,2,15,7,"['montero prime', 'MELAMIROYNOLAVEO', 'OPYfps', 'Lowey Soul']",Diamond,3.0,"['Skye', 'Clove', 'Chamber', 'Reyna', 'Jett']",147.905,0,2,0,8,13,1787005956.0,"Monday, August 17, 2026 10:32 PM"
35022b86-3f6e-4c9a-9121-4213c83b82ba,PREDA,Lotus,Competitive,Reyna,Duelista,16,4,12,7,"['Yuta おっこつ', 'OPYfps', 'Rika 折本', 'Lowey Soul']",Diamond,3.0,"['Clove', 'Chamber', 'Reyna', 'Fade', 'Jett']",243.0,2,4,1,13,5,1787004121.0,"Monday, August 17, 2026 10:02 PM"
828b5350-d6e9-4935-87c6-eb3d11ca876c,PREDA,Haven,Competitive,Neon,Duelista,19,5,12,15,"['I miss her', 'OPYfps', 'Lowey Soul', 'Kuxpy']",Diamond,3.0,"['Neon', 'Jett', 'Sova', 'Chamber', 'Clove']",256.25,1,0,0,7,13,1787008085.0,"Monday, August 17, 2026 11:08 PM"
917c50de-1b2c-4da7-8ccf-be5d2991e6be,PREDA,Abyss,Competitive,Chamber,Centinela,16,5,18,12,"['25ooscar', 'Bac16', 'FRa1der', 'StøRm']",Diamond,2.0,"['Jett', 'Fade', 'Chamber', 'Yoru', 'Astra']",237.762,1,2,0,8,13,1787150550.0,"Wednesday, August 19, 2026 02:42 PM"
a0f10da2-9a73-4433-ba7e-88e6d012f164,PREDA,Ascent,Competitive,Chamber,Centinela,20,4,19,14,"['javitos fan acc', 'pepaadopted', 'pie desnudo', 'Pie hidratado']",Unrated,,"['Brimstone', 'Jett', 'Phoenix', 'KAY/O', 'Chamber']",254.826,5,1,0,10,13,1787148139.0,"Wednesday, August 19, 2026 02:02 PM"
74886e27-86fe-43bd-8e74-f24dbd588abf,PREDA,Haven,Competitive,Reyna,Duelista,20,1,15,14,"['victorplay', 'Neematic', 'Lukee', 'saladafrita']",Diamond,2.0,"['Astra', 'Killjoy', 'Jett', 'Reyna', 'Sova']",268.762,3,2,1,13,8,1787240415.0,"Thursday, August 20, 2026 03:40 PM"
f5471860-647c-4b2f-9ff8-ea24790e14bb,PREDA,Split,Competitive,Chamber,Centinela,20,3,15,12,"['victorplay', 'Neematic', 'alpaca', 'JuanR33']",Diamond,2.0,"['Chamber', 'Fade', 'Clove', 'Phoenix', 'Waylay']",245.476,1,1,0,8,13,1787238263.0,"Thursday, August 20, 2026 03:04 PM"
7d68441f-0581-491e-9d1a-444ba56a2224,PREDA,Abyss,Competitive,Reyna,Duelista,19,3,17,16,"['Hellsing', '未Dxpressdツ', 'migatitobueno1', 'V01dHunt3r']",Diamond,2.0,"['Reyna', 'Chamber', 'Sova', 'Neon', 'Omen']",230.545,2,0,0,9,13,1787235753.0,"Thursday, August 20, 2026 02:22 PM"
b0fb5e3c-6db9-4bac-85d4-5bafb5a82cb6,PREDA,Ascent,Competitive,Chamber,Centinela,27,2,16,16,"['Rhysand ツ', 'PowerRangerAzul', 'cristalimpiales', 'quevedo cubatero']",Diamond,2.0,"['Chamber', 'Jett', 'Sova', 'Omen', 'Phoenix']",329.682,7,5,1,13,9,1787232956.0,"Thursday, August 20, 2026 01:35 PM"
2a7b7dcf-c31e-4d5b-8a9f-7d06edd569c2,PREDA,Sunset,Competitive,Chamber,Centinela,21,4,17,8,"['women scare me', '1yz', 'Gurreim', 'Yum6ix sp']",Diamond,2.0,"['Clove', 'Phoenix', 'Chamber', 'Sova', 'Jett']",263.833,4,2,1,13,11,1787325807.0,"Friday, August 21, 2026 03:23 PM"
58a27f57-93ad-46f1-ba86-917e9827b2a1,PREDA,Ascent,Competitive,Phoenix,Duelista,30,4,14,21,"['Dark闇', 'sureiya ム', 'B0tシ', 'max']",Diamond,2.0,"['Phoenix', 'Reyna', 'Raze', 'Chamber', 'Sova']",358.348,5,0,2,13,10,1787323361.0,"Friday, August 21, 2026 02:42 PM"
f9467a3f-d3ed-423b-a44a-6c96b818c583,PREDA,Haven,Competitive,Neon,Duelista,18,4,16,11,"['D23x', 'Based Pingu', 'Sarı', 'agfoss']",Diamond,3.0,"['Sova', 'Phoenix', 'Sage', 'Miks', 'Neon']",235.0,5,0,1,13,7,1787409923.0,"Saturday, August 22, 2026 02:45 PM"
73793945-0313-4733-a3d6-4b829438adf0,PREDA,Summit,Competitive,Chamber,Centinela,21,2,10,13,"['ナイン', 'esperbin prime', 'ER3N', 'Vaynillø']",Diamond,3.0,"['Chamber', 'Vyse', 'Omen', 'Tejo', 'Neon']",284.632,7,2,2,13,6,1787407699.0,"Saturday, August 22, 2026 02:08 PM"
6bdc1436-7de6-4012-95e4-021878c4be75,PREDA,Lotus,Competitive,Waylay,Duelista,5,4,14,6,"['Harri Ackerman 乂', 'Erica', 'задника ми сърди', 'Qoozzツ']",Diamond,3.0,"['Clove', 'Killjoy', 'Fade', 'Waylay', 'Chamber']",129.267,1,2,0,2,13,1787405784.0,"Saturday, August 22, 2026 01:36 PM"
23b3aae7-414c-4fd9-8a59-a9309598b25f,PREDA,Lotus,Competitive,Chamber,Centinela,19,2,18,14,"['Z A R T H I O N', 'RFLX', 'OPYfps', 'xGaSx']",Diamond,3.0,"['Chamber', 'Jett', 'Raze', 'Viper', 'Gekko']",234.87,2,0,0,10,13,1787500659.0,"Sunday, August 23, 2026 03:57 PM"
04397f8f-9e36-4804-9892-9e9b095c7df5,PREDA,Ascent,Competitive,Chamber,Centinela,21,5,14,10,"['retired', 'Z A R T H I O N', 'Equisdé Sonia', 'OPYfps']",Diamond,3.0,"['Neon', 'Chamber', 'Clove', 'Phoenix', 'Sova']",228.136,0,3,1,13,9,1787498175.0,"Sunday, August 23, 2026 03:16 PM"
fb7ceef9-1161-4654-8633-23f8e5ef8427,PREDA,Split,Competitive,Chamber,Centinela,24,2,18,18,"['OPYfps', 'Z A R T H I O N', 'C0ronel24', '123']",Diamond,3.0,"['Chamber', 'Omen', 'Raze', 'Breach', 'Reyna']",232.679,3,2,0,13,15,1787495341.0,"Sunday, August 23, 2026 02:29 PM"
fc42b144-ed15-4ace-a824-240a09e1723b,PREDA,Sunset,Competitive,Chamber,Centinela,8,3,19,5,"['alexsergi19', 'rebzyyx', 'cheyzz', 'YUNN4']",Diamond,3.0,"['Reyna', 'Jett', 'Breach', 'Clove', 'Chamber']",116.0,3,5,1,13,10,1787492170.0,"Sunday, August 23, 2026 01:36 PM"
200d0690-5650-48c0-9efb-dc7ff43ee5b8,PREDA,Lotus,Competitive,Reyna,Duelista,21,4,17,17,"['iKeNzz', 'Verano120', 'αlαnтeιxι', '奈可爾']",Diamond,3.0,"['Chamber', 'Jett', 'Fade', 'Omen', 'Reyna']",242.87,4,2,1,13,10,1787577818.0,"Monday, August 24, 2026 01:23 PM"
6087a5dc-6a86-4398-8c1a-8c93b8a0fef7,PREDA,Lotus,Competitive,Chamber,Centinela,24,1,18,16,"['0o0 NooByBu', 'main tdah', 'ピネダ', 'Dogui RHLM']",Diamond,3.0,"['Chamber', 'Clove', 'Jett', 'Gekko', 'Raze']",238.077,3,0,2,14,12,1787575194.0,"Monday, August 24, 2026 12:39 PM"
35a4d73c-b9e2-476e-915b-bce7aeb2f7d6,PREDA,Haven,Competitive,Neon,Duelista,19,2,19,13,"['Ging Freecss', 'haru', 'ImSWEETbutCRAZY', 'Veritucienta']",Diamond,3.0,"['Clove', 'Neon', 'Sova', 'Jett', 'Killjoy']",219.708,3,1,1,13,11,1787600434.0,"Monday, August 24, 2026 07:40 PM"
c0553366-eba8-4d74-96be-b9bbe70f792b,PREDA,Summit,Competitive,Chamber,Centinela,16,2,16,9,"['Lagarto', 'ﾁBugs Bunnyﾁツ', 'BrianStark', 'yr0ya']",Diamond,3.0,"['Fade', 'Jett', 'Omen', 'Chamber', 'Reyna']",240.95,4,0,0,7,13,1787598486.0,"Monday, August 24, 2026 07:08 PM"
34ef76fa-9847-4e02-a61e-791d3623d716,PREDA,Split,Competitive,Chamber,Centinela,14,4,17,10,"['Aaronextrem10', 'ProdigyX', 'Sparky07s', 'raitonZ']",Diamond,3.0,"['Fade', 'Raze', 'Clove', 'Reyna', 'Chamber']",166.583,0,4,0,11,13,1787595660.0,"Monday, August 24, 2026 06:21 PM"
0c66fee4-10d5-496a-a385-7d3853e11543,PREDA,Ascent,Competitive,Chamber,Centinela,22,1,13,15,"['failgank', '1brxody', 'Vitryfix', 'The Foggy Dew']",Diamond,3.0,"['Fade', 'Chamber', 'Jett', 'Omen', 'Reyna']",283.818,4,1,1,13,9,1787593459.0,"Monday, August 24, 2026 05:44 PM"
8905b26e-89a1-46b6-aeb4-3397837f8112,PREDA,Sunset,Competitive,Chamber,Centinela,14,2,18,11,"['elcreepmaligno', 'ALEJO PE', 'good boy', 'ZeYoT']",Diamond,3.0,"['Raze', 'Chamber', 'Clove', 'Waylay', 'Skye']",209.421,2,2,0,6,13,1787671720.0,"Tuesday, August 25, 2026 03:28 PM"
99d63222-8289-4a02-ae80-91cdc9f663c2,PREDA,Lotus,Competitive,Chamber,Centinela,16,3,7,10,"['ElPopa', 'Low Sens', 'amendavs', 'Dinho']",Diamond,3.0,"['Clove', 'Jett', 'Chamber', 'Raze', 'Skye']",243.75,1,0,1,13,3,1787669932.0,"Tuesday, August 25, 2026 02:58 PM"
078dd37f-cbf6-430e-bd62-bf01b4e19572,PREDA,Haven,Competitive,Reyna,Duelista,10,0,13,8,"['PugBurro', '6WALLAHI7', 'Latxa33', 'cristinitasisi']",Diamond,3.0,"['Chamber', 'Omen', 'Reyna', 'Jett', 'Skye']",202.071,0,2,0,1,13,1787668449.0,"Tuesday, August 25, 2026 02:34 PM"
5f3e84de-62b5-4192-9ca7-dd1e7808fcd4,PREDA,Lotus,Competitive,Chamber,Centinela,11,6,23,4,"['Gen1us', 'LKCZ', 'luisfran15', 'pipas con sal ']",Diamond,3.0,"['Chamber', 'Raze', 'Fade', 'Jett', 'Omen']",142.429,4,5,0,13,15,1787665330.0,"Tuesday, August 25, 2026 01:42 PM"
cf5609ee-5c82-4149-9ffa-062604439cba,PREDA,Split,Competitive,Chamber,Centinela,15,0,17,9,"['Estropajo', 'INTERRUPTOR シ', 'Bayeta', 'calamity']",Diamond,3.0,"['Neon', 'Iso', 'Sage', 'Chamber', 'Clove']",190.714,0,1,0,8,13,1787663044.0,"Tuesday, August 25, 2026 01:04 PM"
85f22ff1-96cb-4996-b1f5-63b56d8ad2c0,PREDA,Summit,Competitive,Reyna,Duelista,14,7,16,10,"['TiAgO', 'El Tito Isma', 'AE86 Peek', '12Mira34']",Diamond,3.0,"['Fade', 'Jett', 'Clove', 'Reyna', 'Chamber']",196.048,1,1,1,13,8,1787690793.0,"Tuesday, August 25, 2026 08:46 PM"
598b92bd-2863-464e-8b82-e52a132a48ce,PREDA,Split,Competitive,Reyna,Duelista,17,4,22,12,"['Joca', 'AE86 Peek', 'AleixENP', 'El Tito Isma']",Diamond,3.0,"['Sova', 'Chamber', 'Omen', 'Clove', 'Reyna']",205.808,1,3,0,12,14,1787676455.0,"Tuesday, August 25, 2026 04:47 PM"
22e6632d-a893-46d8-baf4-370ea08608ac,PREDA,Haven,Competitive,Chamber,Centinela,12,2,13,9,"['Pucio', 'G35 LoloLegal95', 'conchikulogordi', 'Foreest Gump']",Diamond,3.0,"['Omen', 'Sova', 'Sage', 'Chamber', 'Jett']",204.812,2,0,0,3,13,1787758482.0,"Wednesday, August 26, 2026 03:34 PM"
dd6d50a0-7e6c-4fc4-8ed4-a0456562ae04,PREDA,Abyss,Competitive,Yoru,Duelista,11,2,13,7,"['Unknown', 'elsinhueso99', 'churumbel payo', 'zAKii']",Diamond,3.0,"['Yoru', 'KAY/O', 'Jett', 'Deadlock', 'Brimstone']",208.733,3,2,0,2,13,1787756734.0,"Wednesday, August 26, 2026 03:05 PM"
0e5c942f-d9cb-4f26-99c1-c0c607ad57cf,PREDA,Summit,Competitive,Neon,Duelista,17,5,11,9,"['RiportRiformedV2', 'ßachira Meguru ツ', 'aom1ne', 'Roronoa Zoro狩']",Diamond,3.0,"['Neon', 'Brimstone', 'Sage', 'Fade', 'Chamber']",319.667,1,1,1,13,2,1787754601.0,"Wednesday, August 26, 2026 02:30 PM"
72a5058f-1336-4c1c-916a-ecd18aae9cc3,PREDA,Haven,Competitive,Neon,Duelista,17,2,23,14,"['Stogats69', 'graadee', 'ice', 'itsangel777']",Diamond,3.0,"['Neon', 'Sova', 'Chamber', 'Phoenix', 'Clove']",159.679,2,4,2,15,13,1787751286.0,"Wednesday, August 26, 2026 01:34 PM"
35b868ca-14f4-4e56-b99f-fca37b48fefe,PREDA,Lotus,Competitive,Iso,Duelista,9,2,14,12,"['nikk0neﾒ', 'RiportRiformedv3', 'raitonX', 'Nectarina']",Diamond,3.0,"['Chamber', 'Iso', 'Brimstone', 'Reyna', 'Skye']",156.824,2,1,1,13,4,1787944399.0,"Friday, August 28, 2026 07:13 PM"
4679e089-099f-4260-89db-8aa04f86b710,PREDA,Ascent,Competitive,Chamber,Centinela,14,2,18,9,"['Yakoo', 'JUANTAP', 'pajas enjoyer', 'L4M929QI3cxlE68m']",Diamond,3.0,"['Chamber', 'Jett', 'Brimstone', 'Reyna', 'Sova']",148.208,3,3,2,13,11,1787941547.0,"Friday, August 28, 2026 06:25 PM"
57f6fa93-8be1-4501-b6b8-61d296a32b63,PREDA,Summit,Competitive,Chamber,Centinela,23,5,16,13,"['OPYfps', 'haze', 'h4rD', 'eriixx228']",Diamond,3.0,"['Harbor', 'Fade', 'Jett', 'Deadlock', 'Chamber']",279.917,3,2,1,13,11,1787957802.0,"Friday, August 28, 2026 10:56 PM"
8f8b9ccd-6f88-466a-8c6f-502b0753178e,PREDA,Sunset,Competitive,Chamber,Centinela,21,4,10,14,"['OPYfps', 'Iznツ', 'AJE', 'soyu']",Diamond,3.0,"['Chamber', 'Omen', 'Jett', 'Tejo', 'Reyna']",312.294,1,0,2,13,4,1787955634.0,"Friday, August 28, 2026 10:20 PM"
00fa5f8a-e10e-4658-a5c8-935c4da0e3b5,PREDA,Abyss,Competitive,Chamber,Centinela,13,4,15,8,"['Viruletas', 'OPYfps', 'Papyrus', 'XDtap']",Diamond,3.0,"['Sova', 'Harbor', 'Jett', 'Reyna', 'Chamber']",217.5,1,1,0,5,13,1787952535.0,"Friday, August 28, 2026 09:28 PM"
8c814e92-5926-4b31-9091-fd3f76c0b8b7,PREDA,Haven,Competitive,Chamber,Centinela,24,0,19,15,"['MEACABODECORRER', 'munchiツ', 'UnaBruGaPiruGa', 'OPYfps']",Diamond,3.0,"['KAY/O', 'Reyna', 'Jett', 'Chamber', 'Omen']",265.083,4,1,0,11,13,1787949756.0,"Friday, August 28, 2026 08:42 PM"
f69d8a3f-4852-4bc8-867f-9f05998c6ea2,PREDA,Summit,Competitive,Chamber,Centinela,9,2,14,4,"['Losadaa', 'Nurrelas', 'jin woo ツ', 'Reze']",Diamond,3.0,"['Chamber', 'Clove', 'Neon', 'Yoru', 'Fade']",116.545,2,1,0,9,13,1788017650.0,"Saturday, August 29, 2026 03:34 PM"
b6db156c-bbb0-4071-b73e-baf40bdea413,PREDA,Split,Competitive,Phoenix,Duelista,17,6,15,9,"['Satori Sapo 悟り', 'MATELX', 'Ser0m', 'TH JaggerRedbull']",Diamond,3.0,"['Neon', 'Cypher', 'Clove', 'Sova', 'Phoenix']",201.826,1,3,1,13,10,1788015412.0,"Saturday, August 29, 2026 02:56 PM"
93a0c54c-9484-4363-97e5-442eca1c7b96,PREDA,Sunset,Competitive,Chamber,Centinela,19,2,15,7,"['HEROIN メ', 'Zzz', '不说H', 'Fentanyyl']",Diamond,3.0,"['Raze', 'Jett', 'Omen', 'Fade', 'Chamber']",224.905,2,4,0,8,13,1788013015.0,"Saturday, August 29, 2026 02:16 PM"
c59fd843-035f-4883-bb73-d473dc5c840b,PREDA,Ascent,Competitive,Chamber,Centinela,10,3,18,6,"['AnToo', 'ASTRΘ', '么One', 'R0DR11']",Diamond,3.0,"['Chamber', 'Jett', 'Phoenix', 'Clove', 'KAY/O']",170.5,3,3,0,7,13,1788010768.0,"Saturday, August 29, 2026 01:39 PM"
faa8a399-c4e2-487e-acf4-025a67ad4648,PREDA,Ascent,Competitive,Chamber,Centinela,23,1,12,12,"['baber', 'DamianoDavidGoat', 'レダナディ', 'ReinaPepiada']",Diamond,3.0,"['Clove', 'Brimstone', 'Jett', 'Chamber', 'KAY/O']",276.273,1,4,1,13,9,1788100687.0,"Sunday, August 30, 2026 02:38 PM"
109311d3-55db-4c10-8b4f-a71d4af9d75f,PREDA,Sunset,Competitive,Reyna,Duelista,12,2,16,9,"['VITmanolitoperez', 'byguillemax', 'Kosmo', 'Cabezon33']",Diamond,3.0,"['Raze', 'Reyna', 'Omen', 'Chamber', 'Breach']",173.158,2,1,2,13,6,1788098653.0,"Sunday, August 30, 2026 02:04 PM"
9dc55bd6-da5a-4872-8d4e-cc4fdac6764a,PREDA,Abyss,Competitive,Yoru,Duelista,14,6,14,11,"['Gims', 'Klkentucky', 'Panchita Soltera', 'YoungMelios']",Diamond,3.0,"['Chamber', 'Miks', 'Killjoy', 'Yoru', 'Sova']",239.444,2,5,3,13,5,1788095765.0,"Sunday, August 30, 2026 01:16 PM"
0c5c12b2-ab7c-4204-9845-be8adae467a6,PREDA,Sunset,Competitive,Chamber,Centinela,15,2,11,5,"['danidsk', 'lilmanucas11', 'OierArri', 'Kiritoo']",Diamond,3.0,"['Raze', 'Phoenix', 'Fade', 'Omen', 'Chamber']",200.105,1,1,1,13,6,1788184964.0,"Monday, August 31, 2026 02:02 PM"
6f9a0d7d-0c4d-4868-91a8-002ff52253b1,PREDA,Ascent,Competitive,Chamber,Centinela,25,2,9,8,"['Satou', 'AbascalPrision', 'poeldekunfupanda', 'Anas']",Diamond,3.0,"['Sova', 'Phoenix', 'Waylay', 'Chamber', 'Miks']",317.714,3,0,2,13,8,1788182225.0,"Monday, August 31, 2026 01:17 PM"
093b9e96-6932-42e2-b5f7-66824b51354c,PREDA,Lotus,Competitive,Reyna,Duelista,20,6,19,16,"['Asura', 'Sanvisuggar', 'Aphrodite', 'Ñorcusツ']",Diamond,3.0,"['Fade', 'Killjoy', 'Reyna', 'Omen', 'Jett']",242.208,2,1,0,11,13,1788179894.0,"Monday, August 31, 2026 12:38 PM"
9c520e47-a4e9-4254-9490-fced60bd979e,PREDA,Abyss,Competitive,Chamber,Centinela,10,0,16,4,"['shadowserx', 'Fero519', 'El Wensh', 'Skibidi Toilet']",Ascendant,1.0,"['Jett', 'Waylay', 'Chamber', 'Astra', 'Fade']",126.143,2,1,0,8,13,1788278502.0,"Tuesday, September 01, 2026 04:01 PM"
797d21a6-1d5f-4d93-88a7-f7cc7912b9fc,PREDA,Lotus,Competitive,Reyna,Duelista,15,3,17,10,"['ＸＴｒｅｍｅ﨎', 'RuβΞn57', 'SoyAdios', 'MeFumoUnPoro']",Ascendant,1.0,"['Raze', 'Tejo', 'Chamber', 'Reyna', 'Omen']",190.952,2,0,0,8,13,1788276405.0,"Tuesday, September 01, 2026 03:26 PM"
36f10ed3-cec0-4c08-88f7-e9df547d1fe2,PREDA,Summit,Competitive,Chamber,Centinela,13,1,9,5,"['Kakashi Hatake', 'Jude Sharp', 'pole', 'Sasuke Uchiha']",Ascendant,1.0,"['KAY/O', 'Chamber', 'Omen', 'Cypher', 'Jett']",203.765,3,1,1,13,4,1788274597.0,"Tuesday, September 01, 2026 02:56 PM"
115022bf-e009-428c-9385-8ae57ecda5d3,PREDA,Split,Competitive,Chamber,Centinela,23,3,20,12,"['Ronaldinho', 'TH Freecolombii', 'Bling Bling', 'Mente Fría']",Ascendant,1.0,"['Clove', 'Chamber', 'Sage', 'Jett', 'Fade']",269.333,2,2,0,11,13,1788361375.0,"Wednesday, September 02, 2026 03:02 PM"
fe1b5b80-7e79-4ed0-a34b-e10eb04c9eec,PREDA,Haven,Competitive,Neon,Duelista,10,6,18,4,"['DobleFistula 72', 'Ñixwell', 'fuzzyツ', 'Winter4']",Ascendant,1.0,"['Phoenix', 'Sova', 'Chamber', 'Neon', 'Clove']",135.318,2,3,1,13,9,1788358940.0,"Wednesday, September 02, 2026 02:22 PM"
e26c9e0f-226b-414b-8969-ff3d8219c475,PREDA,Abyss,Competitive,Chamber,Centinela,14,1,19,10,"['Mbow', 'Sapisca', 'Cybarampunk 〆', 'noob']",Ascendant,1.0,"['Chamber', 'Waylay', 'Iso', 'Jett', 'Astra']",202.9,4,1,0,7,13,1788356700.0,"Wednesday, September 02, 2026 01:45 PM"
b8471f25-4590-4025-b1ce-778ed4c74216,PREDA,Ascent,Competitive,Chamber,Centinela,11,2,14,6,"['ＸＹＫＳＯＷ  ッ', 'Nayiッ', 'AndresitoAndalú', 'sandro']",Ascendant,1.0,"['KAY/O', 'Reyna', 'Brimstone', 'Chamber', 'Jett']",183.941,2,0,0,4,13,1788354864.0,"Wednesday, September 02, 2026 01:14 PM"
d5c43d50-f13c-4a65-97cb-2432d6cee99b,PREDA,Lotus,Competitive,Chamber,Centinela,17,2,15,11,"['Z A R T H I O N', 'OPYfps', 'GL7', 'EntryKaboomツ']",Diamond,3.0,"['Fade', 'Omen', 'Waylay', 'Jett', 'Chamber']",227.55,3,4,0,7,13,1788388706.0,"Wednesday, September 02, 2026 10:38 PM"
4f6c48e5-c9fc-467d-9d2d-1c35d3e4aaf6,PREDA,Split,Competitive,Phoenix,Duelista,11,5,17,7,"['OPYfps', 'Z A R T H I O N', 'Zadro', 'CHuMCHuM']",Diamond,3.0,"['Clove', 'Skye', 'Jett', 'Killjoy', 'Phoenix']",162.048,2,3,0,8,13,1788386448.0,"Wednesday, September 02, 2026 10:00 PM"
e92d4cbd-2907-483d-bdf3-284987508c38,PREDA,Ascent,Competitive,Chamber,Centinela,15,4,16,9,"['OPYfps', 'jalam bipau', 'Mafarrico', 'L0rD The Slayer']",Diamond,3.0,"['Sova', 'Clove', 'Phoenix', 'Chamber', 'Jett']",192.913,6,5,0,10,13,1788384031.0,"Wednesday, September 02, 2026 09:20 PM"
47781c11-e7fe-4af8-b8ed-ca4be8548ba1,PREDA,Summit,Competitive,Neon,Duelista,17,1,14,11,"['iDrak3n', 'im Newman', 'ElMasMalo', 'Tuviejhaa']",Ascendant,1.0,"['Chamber', 'Miks', 'Fade', 'Reyna', 'Neon']",236.95,1,1,0,7,13,1788381454.0,"Wednesday, September 02, 2026 08:37 PM"
9de5383a-2811-4c4e-92b5-29411f77a9ad,PREDA,Summit,Competitive,Chamber,Centinela,27,0,17,18,"['Al3kX', 'Achocolatado', 'utopia', 'tebas dimision']",Diamond,3.0,"['Jett', 'Fade', 'Phoenix', 'Clove', 'Chamber']",348.0,3,2,0,10,13,1788524316.0,"Friday, September 04, 2026 12:18 PM"
add7141a-b046-437b-af87-54c6522ebc99,PREDA,Haven,Competitive,Chamber,Centinela,20,3,15,15,"['Cerdo Obrero', 'OPYfps', 'Llou', 'Litos']",Diamond,3.0,"['Chamber', 'Raze', 'Sova', 'Clove', 'Phoenix']",225.833,2,0,1,13,11,1788533544.0,"Friday, September 04, 2026 02:52 PM"
ae951dba-1388-4596-ad84-cb8abe79c2eb,PREDA,Split,Competitive,Neon,Duelista,13,3,19,7,"['joan jordi', 'OPYfps', 'Kitagawa', 'Yuta']",Diamond,3.0,"['Clove', 'Chamber', 'Phoenix', 'Breach', 'Neon']",181.227,2,1,0,9,13,1788531055.0,"Friday, September 04, 2026 02:10 PM"
a498d4fc-8a81-4d88-abde-00a47ce81891,PREDA,Ascent,Competitive,Chamber,Centinela,19,2,9,12,"['Enols', 'Estrume', 'LUCYPHER', 'OPYfps']",Diamond,2.0,"['Phoenix', 'Sova', 'Jett', 'Chamber', 'Clove']",308.438,4,1,1,13,3,1788529335.0,"Friday, September 04, 2026 01:42 PM"
b86a9de6-3def-42f5-a4f0-d4e3e0b2e425,PREDA,Sunset,Competitive,Chamber,Centinela,27,3,20,18,"['femmefatale444', 'SKIBIDIDOPDOPDOP', 'jneyyz', 'NelGF']",Diamond,3.0,"['Clove', 'Jett', 'Fade', 'Chamber', 'Phoenix']",317.615,3,2,0,12,14,1788526511.0,"Friday, September 04, 2026 12:55 PM"
83deff2f-d2ba-4b5f-8d30-7f493e21354d,PREDA,Summit,Competitive,Chamber,Centinela,30,2,15,19,"['iron hardstuck', 'Wayne', 'OPYfps', 'Z A R T H I O N']",Diamond,3.0,"['Miks', 'Tejo', 'Chamber', 'Clove', 'Jett']",309.923,3,2,1,14,12,1788618907.0,"Saturday, September 05, 2026 02:35 PM"
8bb06638-91cd-4878-adc6-3b45bdc5d0ca,PREDA,Ascent,Competitive,Chamber,Centinela,18,3,8,6,"['TANQUE SOVIÉTICO', 'OPYfps', 'illuzx7', 'Z A R T H I O N']",Diamond,2.0,"['Cypher', 'Chamber', 'Clove', 'KAY/O', 'Phoenix']",279.235,6,1,2,13,4,1788617070.0,"Saturday, September 05, 2026 02:04 PM"
8e34f769-5ff2-4b46-a29f-ff8d8e671c7c,PREDA,Lotus,Competitive,Chamber,Centinela,23,1,16,9,"['Zadro', 'Telmo', 'OPYfps', 'libi zilibi']",Diamond,3.0,"['Breach', 'Raze', 'Chamber', 'Omen', 'Fade']",260.708,5,1,0,11,13,1788614580.0,"Saturday, September 05, 2026 01:23 PM"
cdf6eabc-4157-4363-b4ed-511ea3865a52,PREDA,Sunset,Competitive,Chamber,Centinela,29,3,15,16,"['ODIO AL PSOE', 'OPYfps', 'OTA', 'diwebo2']",Diamond,3.0,"['Chamber', 'Phoenix', 'Jett', 'Clove', 'Fade']",325.913,2,4,0,10,13,1788612355.0,"Saturday, September 05, 2026 12:45 PM"
63b2cd59-3c76-487c-b876-1e9a1ccc11c1,PREDA,Ascent,Competitive,Chamber,Centinela,14,2,16,10,"['lucasjimenezcapi', 'MiniLar0k', 'ANG3L', 'khaleesiDRAK']",Diamond,3.0,"['Cypher', 'KAY/O', 'Jett', 'Chamber', 'Omen']",190.048,2,2,0,8,13,1788691232.0,"Sunday, September 06, 2026 10:40 AM"
883adef1-6683-4126-8054-8ba18fa9b789,PREDA,Lotus,Competitive,Reyna,Duelista,11,5,18,8,"['mamografiagratis', 'F0id destr0yer', 'mateo', 'gaaalleegooo']",Diamond,3.0,"['Reyna', 'Chamber', 'Clove', 'Deadlock', 'Jett']",155.087,3,4,0,10,13,1788693910.0,"Sunday, September 06, 2026 11:25 AM"
8f191c06-6d43-4741-ae3d-7a670d96c30f,PREDA,Haven,Competitive,Neon,Duelista,16,1,16,13,"['ULK Lawless', 'OPYfps', 'Z A R T H I O N', 'ULK Sorey']",Diamond,2.0,"['Astra', 'Sova', 'Jett', 'Killjoy', 'Neon']",246.0,2,3,0,5,13,1788706379.0,"Sunday, September 06, 2026 02:52 PM"
ece70b69-5224-4b80-a7bc-646395a38115,PREDA,Ascent,Competitive,Chamber,Centinela,3,1,5,2,"['OPYfps', 'N11g', 'Z A R T H I O N', 'menepila']",Diamond,2.0,"['Clove', 'Chamber', 'Sage', 'Phoenix', 'Gekko']",70.385,0,0,0,0,5,1788705603.0,"Sunday, September 06, 2026 02:40 PM"
d6588613-f985-4a09-ba12-e64d3c06b2cd,PREDA,Sunset,Competitive,Chamber,Centinela,23,2,19,13,"['Shxrco', 'NoMercy23', 'SolDaDo', 'OPYfps']",Diamond,2.0,"['Jett', 'Skye', 'Sage', 'Clove', 'Chamber']",298.619,4,2,0,8,13,1788703082.0,"Sunday, September 06, 2026 01:58 PM"
f0c73415-bb0e-4a15-adb3-5f824c9740a6,PREDA,Summit,Competitive,Chamber,Centinela,8,1,15,8,"['OPYfps', 'Tastycule', 'Z A R T H I O N', 'VIPER Wannabe']",Diamond,3.0,"['Clove', 'Chamber', 'Neon', 'Fade', 'Phoenix']",141.938,1,0,0,3,13,1788701213.0,"Sunday, September 06, 2026 01:26 PM"
5dffb69f-0f5f-40a9-a49f-46d91ae55a79,PREDA,Haven,Competitive,Chamber,Centinela,9,5,17,5,"['OPYfps', 'Jarkos', 'ktorce', 'Bastion']",Diamond,3.0,"['Clove', 'Sage', 'Neon', 'Chamber', 'Reyna']",148.0,1,1,0,5,13,1788699294.0,"Sunday, September 06, 2026 12:54 PM"
f2def121-314c-454a-b91c-7c7e57b6b02b,PREDA,Ascent,Competitive,Phoenix,Duelista,17,4,12,11,"['ElPutisimoRizooo', '我妻 善逸', 'El Teacher', 'Pipful']",Diamond,2.0,"['Gekko', 'Clove', 'Chamber', 'Phoenix', 'Raze']",231.0,1,2,1,13,8,1788786838.0,"Monday, September 07, 2026 01:13 PM"
9d43594a-51f5-406a-b687-d655a42092e6,PREDA,Split,Competitive,Chamber,Centinela,30,1,13,20,"['traductor', 'GitanoCulturista', '1mnLdeuS', '914']",Diamond,2.0,"['Reyna', 'Cypher', 'Chamber', 'Raze', 'Brimstone']",354.783,5,1,2,13,10,1788784357.0,"Monday, September 07, 2026 12:32 PM"
8c714d98-2605-4dea-9f6f-68d3fa3c2c0e,PREDA,Sunset,Competitive,Chamber,Centinela,27,4,12,16,"['EstrellaGalicia', 'xit yute', 'THTXTS', 'bre1ko']",Diamond,2.0,"['Chamber', 'Vyse', 'Neon', 'Jett', 'Clove']",331.091,4,2,1,13,9,1788789118.0,"Monday, September 07, 2026 01:51 PM"
e6bbaf3e-9e8a-4338-9e75-d03430d03359,PREDA,Abyss,Competitive,Chamber,Centinela,12,4,8,5,"['Lower Cortisol 低', 'Cara Chicken', 'Biel', 'Juanilillo']",Diamond,2.0,"['Fade', 'Phoenix', 'Jett', 'Clove', 'Chamber']",169.722,0,4,1,13,5,1788793862.0,"Monday, September 07, 2026 03:11 PM"
b48f5252-d6cc-499f-a556-93c8b37aa2ad,PREDA,Sunset,Competitive,Chamber,Centinela,22,1,15,12,"['Dracukeo', 'aloe  vera', 'giovarr', 'Nakano']",Diamond,2.0,"['Neon', 'Phoenix', 'Chamber', 'Fade', 'Omen']",248.13,5,3,0,10,13,1788791619.0,"Monday, September 07, 2026 02:33 PM"
b8a14bda-3bd2-47c2-b75d-93ed2950add9,PREDA,Split,Competitive,Neon,Duelista,21,5,13,18,"['poder del mono', 'tadeito26', 'Xmanu45', 'КингЛемон']",Diamond,2.0,"['Cypher', 'Skye', 'Neon', 'Omen', 'Chamber']",268.045,3,2,1,13,9,1788869033.0,"Tuesday, September 08, 2026 12:03 PM"
42cd24f7-d28f-4279-b16f-ead41b26ca86,PREDA,Ascent,Competitive,Chamber,Centinela,19,3,15,10,"['Yeremy Painou', 'FRANK', 'winter', 'seby']",Diamond,2.0,"['Chamber', 'Reyna', 'KAY/O', 'Jett', 'Clove']",213.522,4,0,1,13,10,1788872300.0,"Tuesday, September 08, 2026 12:58 PM"
