id_partida,mapa,kills,asistencias,muertes,headshots,rango,subrango,acs,fb,fd,racha,rondas_ganadas,rondas_perdidas,es_main,num_amigos,desconocidos
c9ff424b-9974-44bf-8fe3-ef879bfe34d5,Sunset,16.0,3.0,17.0,8.0,Bronze,2.0,251.474,3.0,4.0,0.0,6.0,13.0,1,1,3
36eeca63-a129-4430-acef-0d9222f6308a,Lotus,8.0,12.0,22.0,4.0,Bronze,2.0,144.308,2.0,2.0,1.0,14.0,12.0,0,1,3
e2d37204-dec6-48f9-b9f2-2424cde32cf4,Haven,10.0,2.0,19.0,7.0,Bronze,2.0,114.083,0.0,3.0,0.0,11.0,13.0,0,2,2
9b5fc711-9b9a-40eb-913b-d5b3f967aa9a,Sunset,7.0,3.0,15.0,5.0,Bronze,2.0,89.75,1.0,4.0,1.0,13.0,11.0,0,1,3
1f4e5d4a-b28e-42a6-8096-fb80d34676b2,Abyss,14.0,5.0,18.0,8.0,Bronze,2.0,160.462,1.0,4.0,1.0,13.0,13.0,0,1,3
33139f5a-231b-4709-82e6-605fa9532a81,Haven,11.0,9.0,20.0,4.0,Bronze,2.0,186.818,3.0,5.0,0.0,9.0,13.0,1,2,2
8bd24b00-f999-4578-b0a3-ea1bd714e21d,Ascent,16.0,5.0,17.0,10.0,Bronze,2.0,196.958,4.0,5.0,1.0,13.0,11.0,1,2,2
89e257a8-2670-4156-a8b4-904318a06edc,Haven,9.0,4.0,22.0,6.0,Bronze,2.0,102.458,1.0,2.0,0.0,11.0,13.0,0,2,2
5e33a34f-1f73-4d80-9ef0-f0fe479edf31,Ascent,12.0,5.0,25.0,5.0,Bronze,2.0,141.571,3.0,10.0,0.0,13.0,15.0,1,2,2
b0ad034a-3941-404f-a3c7-286d6421751d,Ascent,2.0,0.0,5.0,1.0,Bronze,1.0,46.077,0.0,1.0,0.0,0.0,5.0,1,1,3
4fc9000b-e73f-4b94-b527-c9888e51271d,Sunset,18.0,3.0,22.0,16.0,Bronze,1.0,220.652,2.0,3.0,0.0,10.0,13.0,1,2,2
7a389cc6-5bb7-4194-b925-6ef08b2bdd1e,Summit,6.0,6.0,13.0,2.0,Bronze,1.0,122.421,1.0,0.0,1.0,13.0,6.0,0,2,2
214280b1-aa81-424c-9d48-623459368572,Summit,1.0,0.0,2.0,2.0,Bronze,1.0,20.667,0.0,0.0,0.0,2.0,10.0,0,2,2
6a3ad70e-4e38-49d4-90b4-850e09956db5,Sunset,3.0,1.0,4.0,0.0,Bronze,1.0,59.412,0.0,0.0,1.0,13.0,4.0,1,2,2
43bd8b6b-1d99-4e72-8902-9f18f925e974,Haven,7.0,6.0,17.0,5.0,Bronze,1.0,150.0,1.0,4.0,0.0,6.0,13.0,0,3,1
a683a31a-2a28-4149-8c41-f5195839c38b,Summit,2.0,3.0,11.0,6.0,Bronze,1.0,55.889,0.0,1.0,0.0,5.0,13.0,1,3,1
a7f8fd0f-c4d1-4e1f-bc6a-9cb6d5fc9ac5,Ascent,12.0,4.0,11.0,8.0,Bronze,1.0,169.952,1.0,0.0,1.0,13.0,8.0,1,3,1
dba20f68-c163-48d1-a6ef-7c7efa279347,Haven,15.0,3.0,15.0,4.0,Bronze,1.0,191.3,2.0,2.0,1.0,13.0,7.0,0,2,2
298d3432-3fc7-46bb-b11e-f3ef5470e26d,Split,13.0,5.0,21.0,10.0,Bronze,1.0,183.261,4.0,4.0,0.0,10.0,13.0,0,2,2
b0fe0c62-98b6-4a38-bc51-bd4d654aae28,Summit,12.0,1.0,15.0,8.0,Bronze,1.0,172.579,3.0,2.0,0.0,6.0,13.0,0,2,2
b60a45af-77e5-4102-a776-fd38c734416d,Lotus,13.0,3.0,11.0,6.0,Bronze,1.0,186.316,2.0,1.0,1.0,13.0,6.0,1,3,1
dc4b6483-a078-4ff5-9ed3-6dbca9edfeb9,Split,8.0,8.0,14.0,5.0,Bronze,1.0,162.895,1.0,1.0,1.0,13.0,6.0,1,1,3
7c3951f9-1f29-4bce-a0c2-05a32852d840,Lotus,10.0,7.0,19.0,11.0,Bronze,1.0,168.167,2.0,5.0,0.0,5.0,13.0,1,3,1
f7a4f90a-dbbd-42f0-ac69-6d89b68a366b,Abyss,12.0,5.0,13.0,10.0,Bronze,1.0,205.833,2.0,2.0,1.0,13.0,5.0,0,3,1
79a697da-93e3-4d33-8df3-49df2a36d3ab,Sunset,18.0,5.0,15.0,15.0,Bronze,1.0,274.15,4.0,3.0,0.0,7.0,13.0,1,0,4
bb91f288-8eef-4af1-affa-6e16fdb35c2a,Ascent,12.0,2.0,10.0,10.0,Bronze,1.0,204.625,4.0,2.0,1.0,13.0,3.0,1,2,2
f13fd39b-6b99-414c-a24f-45fefa93073f,Abyss,18.0,2.0,14.0,17.0,Bronze,1.0,206.955,0.0,1.0,0.0,9.0,13.0,0,4,0
690cc1b4-f8e3-408c-9c19-3b208cb66f51,Sunset,13.0,2.0,17.0,10.0,Bronze,1.0,181.0,0.0,0.0,0.0,8.0,13.0,0,2,2
b8f24084-4fde-4d27-8a56-3f8e3e308aeb,Haven,13.0,3.0,14.0,8.0,Bronze,1.0,189.05,1.0,2.0,1.0,13.0,7.0,0,2,2
09995c76-8506-4382-bf9d-21acd48ad08a,Haven,6.0,7.0,22.0,8.0,Bronze,1.0,102.083,3.0,5.0,0.0,11.0,13.0,0,2,2
0ea38e36-b051-491a-af57-744227ccf5f8,Summit,16.0,9.0,19.0,10.0,Bronze,1.0,211.583,2.0,4.0,1.0,13.0,11.0,1,4,0
65b19ea5-6f88-4623-8c16-65b9af55f507,Abyss,8.0,4.0,15.0,8.0,Bronze,1.0,128.778,1.0,1.0,0.0,5.0,12.0,1,3,1
49c7a1ce-7c78-4d62-b2cf-19df6da7cfea,Ascent,3.0,6.0,9.0,3.0,Bronze,1.0,89.875,2.0,3.0,1.0,13.0,3.0,1,1,3
1342eb2e-7c49-48a0-9e51-cd97ba7947b3,Lotus,6.0,2.0,14.0,5.0,Bronze,1.0,107.944,2.0,3.0,0.0,5.0,10.0,0,3,1
b46752cb-bcc0-4e57-bb2c-5c6c6820028a,Ascent,14.0,6.0,8.0,9.0,Bronze,1.0,232.588,1.0,1.0,1.0,13.0,4.0,1,1,3
479d7700-584c-4778-9b37-a71961fee678,Sunset,2.0,0.0,3.0,3.0,Bronze,1.0,26.875,0.0,0.0,2.0,13.0,11.0,0,1,3
f29aae57-6a32-4344-b6a7-6649b07190fb,Summit,8.0,8.0,17.0,7.0,Bronze,1.0,119.708,1.0,2.0,0.0,11.0,13.0,1,3,1
c9ff424b-9974-44bf-8fe3-ef879bfe34d5,Sunset,12.0,5.0,17.0,8.0,Silver,1.0,223.684,2.0,2.0,0.0,6.0,13.0,0,0,4
36eeca63-a129-4430-acef-0d9222f6308a,Lotus,29.0,3.0,16.0,16.0,Silver,1.0,306.885,5.0,3.0,1.0,14.0,12.0,1,0,4
e2d37204-dec6-48f9-b9f2-2424cde32cf4,Haven,25.0,7.0,18.0,12.0,Silver,2.0,297.792,3.0,1.0,0.0,11.0,13.0,0,1,3
2b76f826-b3d4-40bc-9d5c-810b2cc242d4,Split,8.0,5.0,13.0,4.0,Silver,2.0,171.533,0.0,3.0,0.0,2.0,12.0,1,0,4
33139f5a-231b-4709-82e6-605fa9532a81,Haven,25.0,3.0,16.0,10.0,Silver,1.0,315.273,4.0,2.0,0.0,9.0,13.0,1,2,2
8bd24b00-f999-4578-b0a3-ea1bd714e21d,Ascent,28.0,2.0,14.0,15.0,Silver,1.0,320.125,5.0,2.0,1.0,13.0,11.0,1,2,2
89e257a8-2670-4156-a8b4-904318a06edc,Haven,20.0,5.0,17.0,12.0,Silver,1.0,261.25,5.0,3.0,0.0,11.0,13.0,1,2,2
5e33a34f-1f73-4d80-9ef0-f0fe479edf31,Ascent,31.0,4.0,17.0,18.0,Silver,1.0,301.036,0.0,4.0,0.0,13.0,15.0,1,2,2
b0ad034a-3941-404f-a3c7-286d6421751d,Ascent,1.0,0.0,5.0,0.0,Silver,1.0,23.538,0.0,2.0,0.0,0.0,5.0,0,1,3
4fc9000b-e73f-4b94-b527-c9888e51271d,Sunset,25.0,12.0,18.0,16.0,Silver,1.0,347.087,6.0,0.0,0.0,10.0,13.0,0,2,2
7a389cc6-5bb7-4194-b925-6ef08b2bdd1e,Summit,26.0,2.0,8.0,17.0,Silver,1.0,344.579,2.0,0.0,1.0,13.0,6.0,1,2,2
214280b1-aa81-424c-9d48-623459368572,Summit,9.0,1.0,11.0,4.0,Silver,1.0,195.467,2.0,2.0,0.0,2.0,10.0,0,2,2
6a3ad70e-4e38-49d4-90b4-850e09956db5,Sunset,23.0,4.0,8.0,16.0,Silver,1.0,372.706,4.0,1.0,1.0,13.0,4.0,1,2,2
a46ee9a8-2747-44f4-b4b7-aa0771ac23f5,Ascent,14.0,5.0,14.0,13.0,Silver,1.0,172.167,2.0,3.0,1.0,13.0,11.0,0,0,4
37122402-d17a-40df-9451-9188da9d62ad,Haven,6.0,2.0,13.0,3.0,Silver,1.0,107.062,0.0,2.0,0.0,3.0,13.0,1,1,3
7f14b58f-0ad2-4978-a5e6-b59ff9ca8749,Abyss,34.0,6.0,16.0,20.0,Silver,1.0,442.409,4.0,3.0,0.0,9.0,13.0,0,2,2
742a1457-3c54-434d-8513-22dc0b6239e0,Split,35.0,2.0,15.0,18.0,Silver,1.0,366.208,5.0,1.0,1.0,13.0,11.0,0,1,3
5593b1e2-152b-4c84-9738-5ff47bc99941,Sunset,9.0,7.0,7.0,4.0,Silver,1.0,180.5,1.0,0.0,2.0,13.0,3.0,0,1,3
df65a28d-b84c-4176-a00b-d61c55410ce3,Haven,29.0,10.0,12.0,15.0,Silver,1.0,394.8,2.0,1.0,3.0,13.0,7.0,0,1,3
9d667e00-cf6d-42d4-951f-a91e3a655608,Abyss,31.0,2.0,16.0,17.0,Silver,1.0,363.478,4.0,3.0,0.0,10.0,13.0,1,1,3
6b8fbb9d-63f9-49b9-917b-c75d6a10517e,Split,9.0,5.0,18.0,4.0,Silver,1.0,117.087,0.0,0.0,0.0,10.0,13.0,1,2,2
397c9ec6-f292-4d6f-8a5d-d0d1137ecb81,Haven,3.0,5.0,18.0,2.0,Silver,1.0,51.1,1.0,4.0,0.0,7.0,13.0,1,2,2
9a06a1fd-1a4c-40a9-a34c-bb377124aebd,Summit,8.0,2.0,16.0,7.0,Silver,1.0,145.765,0.0,3.0,0.0,4.0,13.0,1,2,2
43bd8b6b-1d99-4e72-8902-9f18f925e974,Haven,9.0,2.0,16.0,6.0,Silver,1.0,133.947,3.0,3.0,0.0,6.0,13.0,0,3,1
a683a31a-2a28-4149-8c41-f5195839c38b,Summit,7.0,3.0,14.0,3.0,Silver,1.0,112.833,1.0,7.0,0.0,5.0,13.0,0,3,1
a7f8fd0f-c4d1-4e1f-bc6a-9cb6d5fc9ac5,Ascent,11.0,9.0,16.0,6.0,Silver,1.0,154.762,0.0,2.0,1.0,13.0,8.0,1,3,1
dba20f68-c163-48d1-a6ef-7c7efa279347,Haven,16.0,4.0,14.0,8.0,Silver,1.0,206.8,1.0,0.0,1.0,13.0,7.0,1,2,2
b0fe0c62-98b6-4a38-bc51-bd4d654aae28,Summit,11.0,6.0,18.0,7.0,Silver,1.0,164.579,1.0,1.0,0.0,6.0,13.0,1,2,2
58952a4b-6820-47d0-9ed5-d2c3f1f96ef3,Split,17.0,14.0,14.0,8.0,Silver,1.0,260.9,0.0,0.0,1.0,13.0,7.0,0,1,3
b60a45af-77e5-4102-a776-fd38c734416d,Lotus,16.0,6.0,9.0,9.0,Silver,1.0,223.789,3.0,1.0,1.0,13.0,6.0,1,3,1
71a5a4b6-3fc6-49bd-b98f-f811e8cf01d9,Summit,14.0,4.0,19.0,6.0,Silver,1.0,169.583,1.0,1.0,0.0,11.0,13.0,1,0,4
dc4b6483-a078-4ff5-9ed3-6dbca9edfeb9,Split,13.0,3.0,13.0,2.0,Silver,1.0,170.684,4.0,1.0,1.0,13.0,6.0,1,1,3
7c3951f9-1f29-4bce-a0c2-05a32852d840,Lotus,16.0,4.0,16.0,7.0,Silver,1.0,265.278,2.0,0.0,0.0,5.0,13.0,1,3,1
f7a4f90a-dbbd-42f0-ac69-6d89b68a366b,Abyss,17.0,3.0,12.0,12.0,Silver,1.0,266.778,4.0,1.0,1.0,13.0,5.0,0,3,1
5dc3d7ac-a4fa-47e0-a9fb-ffd2194b8a1c,Ascent,9.0,7.0,14.0,7.0,Silver,1.0,139.85,1.0,3.0,1.0,13.0,7.0,0,1,3
bb91f288-8eef-4af1-affa-6e16fdb35c2a,Ascent,7.0,4.0,9.0,2.0,Silver,1.0,124.062,0.0,1.0,2.0,13.0,3.0,1,2,2
afb7d934-228a-45d8-99d6-ad6af8507878,Split,18.0,15.0,21.0,7.0,Silver,1.0,198.923,1.0,0.0,0.0,12.0,14.0,0,2,2
f13fd39b-6b99-414c-a24f-45fefa93073f,Abyss,13.0,4.0,17.0,5.0,Silver,1.0,159.455,4.0,1.0,0.0,9.0,13.0,0,4,0
690cc1b4-f8e3-408c-9c19-3b208cb66f51,Sunset,12.0,4.0,17.0,12.0,Silver,1.0,172.952,3.0,3.0,0.0,8.0,13.0,0,2,2
b8f24084-4fde-4d27-8a56-3f8e3e308aeb,Haven,8.0,8.0,14.0,3.0,Silver,1.0,124.75,2.0,2.0,1.0,13.0,7.0,0,2,2
09995c76-8506-4382-bf9d-21acd48ad08a,Haven,16.0,9.0,20.0,11.0,Silver,1.0,186.958,2.0,1.0,0.0,11.0,13.0,1,2,2
0ea38e36-b051-491a-af57-744227ccf5f8,Summit,15.0,2.0,18.0,8.0,Bronze,3.0,165.833,4.0,4.0,1.0,13.0,11.0,1,4,0
65b19ea5-6f88-4623-8c16-65b9af55f507,Abyss,20.0,1.0,14.0,11.0,Silver,1.0,313.278,6.0,2.0,0.0,5.0,12.0,0,3,1
49c7a1ce-7c78-4d62-b2cf-19df6da7cfea,Ascent,23.0,6.0,13.0,13.0,Bronze,3.0,407.75,3.0,2.0,1.0,13.0,3.0,0,1,3
1342eb2e-7c49-48a0-9e51-cd97ba7947b3,Lotus,20.0,1.0,11.0,14.0,Silver,1.0,300.944,2.0,1.0,0.0,5.0,10.0,0,3,1
479d7700-584c-4778-9b37-a71961fee678,Sunset,21.0,9.0,19.0,5.0,Silver,1.0,280.375,5.0,4.0,1.0,13.0,11.0,0,1,3
f29aae57-6a32-4344-b6a7-6649b07190fb,Summit,24.0,3.0,16.0,16.0,Silver,1.0,281.458,1.0,4.0,0.0,11.0,13.0,0,3,1
21b6b62f-7cb1-4773-9835-db4101800fc0,Pearl,19.0,4.0,12.0,6.0,Gold,3.0,323.059,3.0,2.0,1.0,13.0,4.0,1,1,3
8ac3d251-b92a-4e06-a10b-9330481e4dcf,Lotus,14.0,3.0,8.0,5.0,Gold,3.0,225.562,2.0,1.0,2.0,13.0,3.0,0,1,3
57bf22f5-2530-4e47-9811-a909fd1c2966,Fracture,9.0,2.0,8.0,4.0,Gold,3.0,141.133,1.0,0.0,3.0,10.0,2.0,0,1,3
1910a185-4da5-421d-9458-d215b41ae5ec,Split,31.0,12.0,18.0,14.0,Platinum,1.0,310.607,4.0,3.0,0.0,14.0,14.0,0,1,3
816870a4-a03f-4375-aefe-a594b3efdf97,Pearl,12.0,3.0,15.0,7.0,Platinum,1.0,194.111,1.0,3.0,0.0,5.0,13.0,1,1,3
30334f0a-ab00-44eb-a0f7-bc9a579e45da,Lotus,22.0,6.0,11.0,12.0,Gold,3.0,341.0,5.0,0.0,1.0,13.0,6.0,1,1,3
d1f19aea-3a52-4d1a-b5e4-df1db5409751,Bind,8.0,10.0,10.0,3.0,Gold,3.0,156.611,1.0,0.0,2.0,13.0,5.0,0,1,3
d077d941-eaf0-4904-b35f-005fb0490ac0,Split,14.0,8.0,11.0,3.0,Gold,3.0,244.167,3.0,0.0,3.0,13.0,5.0,0,1,3
255825b8-b18a-4421-99ec-f1b00f2c0621,Fracture,21.0,6.0,14.0,2.0,Platinum,1.0,272.727,4.0,1.0,0.0,9.0,13.0,0,1,3
cb3d7345-b2c4-48c0-8410-92502c39db42,Bind,34.0,15.0,21.0,11.0,Platinum,1.0,388.308,3.0,3.0,0.0,12.0,14.0,0,4,0
96932143-e504-4428-b94b-5ea7089a1b63,Split,17.0,9.0,18.0,10.0,Gold,3.0,233.087,5.0,1.0,3.0,13.0,10.0,0,1,3
c08e6fd1-bbcd-43e2-8507-26135ca9cd78,Fracture,23.0,5.0,16.0,10.0,Platinum,1.0,305.591,4.0,0.0,0.0,9.0,13.0,0,1,3
633ccb39-8dc4-42f2-ad42-889be51899d7,Bind,19.0,12.0,16.0,11.0,Platinum,1.0,241.25,1.0,2.0,0.0,11.0,13.0,0,1,3
e8b56652-ec85-40c4-97e8-591e74797545,Haven,35.0,1.0,16.0,11.0,Platinum,1.0,502.65,5.0,1.0,0.0,7.0,13.0,1,3,1
f3000f1d-21b7-4cd7-be92-d7feb0c62d94,Lotus,18.0,8.0,12.0,9.0,Platinum,1.0,263.9,4.0,0.0,1.0,13.0,7.0,0,1,3
e47d1d34-69f2-41ca-8893-8ed0d8a9d6eb,Breeze,28.0,7.0,11.0,11.0,Platinum,1.0,419.65,8.0,2.0,2.0,13.0,7.0,1,3,1
cb103d02-7899-4e69-b4a7-0afda2765d9a,Fracture,31.0,4.0,15.0,12.0,Platinum,1.0,387.783,4.0,4.0,0.0,10.0,13.0,1,3,1
6d560583-ef81-4706-9f6e-70ddf975d62d,Split,17.0,4.0,17.0,7.0,Platinum,1.0,264.1,5.0,2.0,0.0,7.0,13.0,1,4,0
cdd051d9-f54e-4b14-816a-b9b72b0fd00e,Haven,12.0,9.0,19.0,10.0,Platinum,1.0,209.238,2.0,6.0,0.0,8.0,13.0,0,4,0
dc7d378e-7919-4a77-b767-0615665ca4a9,Fracture,39.0,7.0,17.0,16.0,Platinum,1.0,394.179,7.0,1.0,2.0,14.0,14.0,1,4,0
133916b0-27ed-44df-bb4b-e3805cfb8f89,Ascent,25.0,6.0,20.0,14.0,Platinum,1.0,334.87,2.0,6.0,0.0,10.0,13.0,0,3,1
eb306a08-8c72-4915-9016-204696d4ff5e,Fracture,9.0,1.0,14.0,2.0,Platinum,1.0,175.133,2.0,3.0,0.0,2.0,13.0,1,3,1
d034107a-37cd-4789-9a6e-69b9496e0e3d,Split,15.0,9.0,15.0,8.0,Platinum,1.0,303.588,3.0,6.0,0.0,4.0,13.0,0,4,0
5f3154c4-4862-4b92-a687-a833063aeb43,Breeze,18.0,7.0,19.0,9.0,Platinum,1.0,264.905,3.0,2.0,0.0,8.0,13.0,0,4,0
4ca2af9c-4b00-42b5-8cd5-40f28908d28d,Fracture,12.0,4.0,8.0,4.0,Platinum,1.0,199.579,2.0,2.0,3.0,13.0,6.0,1,2,2
503a70f6-527c-4c01-bc90-2ef3b7f39931,Pearl,14.0,7.0,14.0,7.0,Platinum,1.0,286.875,5.0,3.0,0.0,3.0,13.0,1,4,0
89d6795c-c17e-40cc-845b-d8faca4f5121,Pearl,25.0,3.0,14.0,12.0,Platinum,1.0,378.105,6.0,2.0,0.0,6.0,13.0,1,4,0
87dba074-8141-4f21-8d13-8fa9c9f3eedc,Haven,34.0,4.0,12.0,14.0,Platinum,1.0,429.955,4.0,1.0,1.0,13.0,9.0,1,4,0
62c98dd2-a9d7-483d-9e3d-3823e7939b2f,Ascent,18.0,4.0,14.0,8.0,Platinum,1.0,289.474,1.0,1.0,0.0,6.0,13.0,1,1,3
a720fdba-ae12-44bd-b069-d061a8b28a93,Haven,18.0,5.0,15.0,5.0,Platinum,1.0,262.714,1.0,1.0,0.0,8.0,13.0,0,1,3
6f196955-1794-42b4-8ae1-b9e3960d2615,Ascent,15.0,12.0,14.0,13.0,Platinum,1.0,229.6,2.0,1.0,1.0,13.0,7.0,0,1,3
1b088ab7-944f-41f9-976b-5eaf6c9bd2de,Split,19.0,3.0,13.0,4.0,Platinum,1.0,268.667,6.0,2.0,2.0,13.0,8.0,1,1,3
029af2c3-6446-413d-a35e-11bcaa0f4d88,Pearl,29.0,5.0,18.0,16.0,Platinum,1.0,389.261,4.0,4.0,0.0,10.0,13.0,0,4,0
aaf05d09-954e-4d38-bf46-7d92a6151fff,Fracture,28.0,2.0,13.0,6.0,Platinum,1.0,380.0,6.0,1.0,1.0,13.0,7.0,1,4,0
b57f4584-a461-440b-bb02-96bc1bcfa4aa,Lotus,22.0,8.0,16.0,10.0,Platinum,1.0,202.25,3.0,3.0,0.0,13.0,15.0,0,1,3
e5d7c626-89de-482a-97d5-bae12f05c2b2,Haven,17.0,4.0,12.0,24.0,Platinum,1.0,257.889,3.0,0.0,1.0,13.0,5.0,0,1,3
a53cc781-bd8e-4a6d-8d5b-18543b57f17f,Breeze,27.0,2.0,11.0,6.0,Platinum,1.0,363.8,4.0,3.0,1.0,13.0,7.0,1,4,0
0c3e623d-2cf2-447f-b79a-8473138f4cef,Haven,28.0,5.0,12.0,17.0,Platinum,1.0,400.5,6.0,2.0,2.0,13.0,7.0,0,4,0
a709c081-0c08-45c4-aba8-991378dc8265,Split,15.0,5.0,15.0,10.0,Platinum,1.0,267.0,3.0,3.0,0.0,4.0,13.0,0,4,0
e2eb5773-58f5-4419-ab76-ec39f8f6a332,Pearl,27.0,7.0,10.0,14.0,Gold,3.0,419.842,2.0,1.0,1.0,13.0,6.0,0,1,3
93b5a5fb-145d-4389-8212-646c0e2cd63f,Ascent,18.0,9.0,15.0,13.0,Platinum,1.0,317.158,3.0,3.0,0.0,6.0,13.0,0,1,3
0ca182c3-9f34-4338-86c6-cea309950b33,Lotus,10.0,3.0,15.0,5.0,Platinum,1.0,182.471,2.0,4.0,0.0,4.0,13.0,1,1,3
92df72cd-08de-4705-ac7b-61cfe9b7b6be,Lotus,13.0,2.0,15.0,7.0,Platinum,1.0,247.812,0.0,2.0,0.0,3.0,13.0,0,1,3
c99bc019-943e-4537-9987-d7505a75a437,Breeze,31.0,5.0,19.0,7.0,Platinum,1.0,314.357,5.0,3.0,0.0,13.0,15.0,1,1,3
5f6d396a-ed94-41cd-89b6-363ab066cee7,Haven,21.0,4.0,16.0,7.0,Platinum,1.0,290.19,4.0,2.0,0.0,8.0,13.0,1,1,3
e35772de-b85e-4a27-9f47-1c609334e694,Ascent,20.0,7.0,7.0,8.0,Platinum,1.0,334.688,1.0,1.0,1.0,13.0,3.0,0,1,3
08dc66f4-161e-4e38-84c0-fec17917a94d,Haven,17.0,7.0,9.0,16.0,Platinum,1.0,305.118,6.0,1.0,2.0,13.0,4.0,0,1,3
60bbf09a-c95a-4a2d-871b-d956aede53b8,Breeze,14.0,6.0,7.0,6.0,Platinum,1.0,284.375,3.0,0.0,1.0,13.0,3.0,1,1,3
cd0396c8-d6bb-4cae-b346-a15290b48162,Pearl,14.0,6.0,9.0,6.0,Platinum,1.0,238.529,2.0,5.0,2.0,13.0,4.0,0,1,3
e351fcca-6901-4254-9268-29778a978b7c,Haven,39.0,8.0,14.0,15.0,Platinum,1.0,459.417,4.0,2.0,2.0,13.0,11.0,0,4,0
441151d2-df0b-4831-98a8-50d72119b095,Ascent,27.0,4.0,11.0,14.0,Platinum,1.0,371.7,5.0,1.0,3.0,13.0,7.0,1,4,0
e544faab-c55e-4b38-8b5b-3a559e2b5327,Split,37.0,6.0,17.0,22.0,Platinum,1.0,543.333,6.0,1.0,0.0,8.0,13.0,0,4,0
1c81bd27-c45a-4eb5-90b7-050e01c29f00,Lotus,18.0,5.0,15.0,12.0,Platinum,1.0,252.632,0.0,3.0,0.0,6.0,13.0,0,4,0
550b39ef-f5fe-4eea-b2cf-c29b7a01cb08,Pearl,37.0,7.0,14.0,25.0,Platinum,1.0,472.348,6.0,1.0,1.0,13.0,10.0,0,4,0
41eeff46-8770-4323-9e72-fbfe14c0eb68,Haven,21.0,3.0,20.0,25.0,Platinum,1.0,281.5,3.0,4.0,0.0,9.0,13.0,1,4,0
59fc0ff4-a418-4790-bc53-9dba888993a4,Breeze,25.0,3.0,16.0,9.0,Unrated,,326.762,5.0,3.0,0.0,8.0,13.0,0,4,0
c995a64e-b96b-4284-9960-a3bd6fe12a2b,Lotus,3.0,2.0,0.0,0.0,Unrated,,45.692,0.0,0.0,1.0,4.0,0.0,0,4,0
977f9ada-c16a-473a-8e64-004372404cca,Sunset,27.0,6.0,14.0,18.0,Unrated,,359.435,5.0,3.0,2.0,13.0,10.0,0,2,2
d5fa6d06-c66f-4d34-acbe-618bd5ccf9f6,Lotus,20.0,11.0,10.0,10.0,Unrated,,327.833,4.0,2.0,3.0,13.0,5.0,0,2,2
805fe7da-988b-4682-ad3a-ccbc10972e9b,Summit,31.0,6.0,9.0,14.0,Silver,3.0,391.286,2.0,1.0,1.0,13.0,8.0,1,2,2
5dccdf2d-42a9-4204-b794-3354b16f356f,Lotus,12.0,1.0,9.0,7.0,Silver,3.0,221.357,0.0,0.0,0.0,1.0,9.0,0,2,2
e76cdc59-7ec8-4f57-915b-9b995285e936,Ascent,29.0,9.0,15.0,20.0,Silver,3.0,400.318,4.0,2.0,1.0,13.0,9.0,1,4,0
e809a353-a80f-412a-8781-7937b83c8eb4,Haven,30.0,3.0,14.0,18.0,Unrated,,398.045,7.0,1.0,2.0,13.0,9.0,0,4,0
1cdcc5ed-b9c9-475a-9001-48f9662b6679,Split,23.0,8.0,14.0,10.0,Silver,3.0,351.632,5.0,2.0,1.0,13.0,6.0,1,4,0
15c9f11b-4d35-4eb0-aa95-cf45421428bc,Split,36.0,2.0,13.0,15.0,Silver,3.0,499.15,5.0,1.0,1.0,13.0,7.0,1,4,0
00d24683-4c86-4883-b61c-3cff43ce0d5d,Summit,19.0,10.0,17.0,12.0,Gold,1.0,321.333,5.0,2.0,0.0,8.0,13.0,1,4,0
f8d344c0-20b0-4b2d-a9ab-241f28ca4c71,Breeze,3.0,0.0,5.0,1.0,Gold,1.0,65.0,2.0,1.0,0.0,0.0,5.0,1,4,0
fa77eb28-e60d-435f-9f5e-3fdc663a00bc,Summit,21.0,8.0,14.0,17.0,Silver,3.0,273.238,2.0,1.0,1.0,13.0,8.0,0,1,3
175c8a33-2b78-48cf-a4f3-129d09051bc3,Haven,25.0,5.0,14.0,8.0,Gold,1.0,340.727,2.0,1.0,0.0,9.0,13.0,0,1,3
cb481d0e-d71b-4ec8-b2ae-ef50852c5e16,Sunset,14.0,5.0,16.0,3.0,Gold,1.0,215.476,4.0,4.0,0.0,8.0,13.0,0,1,3
c4e0e852-896f-41c9-bafd-71db7c0ee67e,Lotus,21.0,7.0,16.0,11.0,Gold,1.0,272.864,4.0,1.0,1.0,13.0,9.0,1,4,0
96c3d835-41b6-42a9-a300-d529425b09cd,Ascent,19.0,3.0,15.0,7.0,Gold,1.0,297.263,3.0,2.0,0.0,6.0,13.0,1,4,0
2abfe2f9-87a1-492d-a6bc-b2da7101f829,Breeze,16.0,5.0,18.0,7.0,Gold,1.0,217.6,1.0,5.0,0.0,7.0,13.0,0,4,0
ced664a5-45c2-4c3f-bcdc-3cb3961d8e27,Sunset,2.0,0.0,5.0,0.0,Gold,1.0,41.538,0.0,0.0,0.0,0.0,5.0,0,4,0
c360fb51-e2d7-4a8c-b012-bf2df25f582a,Haven,13.0,8.0,17.0,10.0,Gold,1.0,214.333,1.0,3.0,0.0,8.0,13.0,1,4,0
f93e046d-614f-445f-a2ba-373a4d310515,Ascent,30.0,6.0,14.0,19.0,Gold,1.0,400.318,6.0,1.0,1.0,13.0,9.0,1,4,0
9db2d4ee-52c1-4dc1-8a44-4b6b4d928869,Split,30.0,10.0,20.0,16.0,Gold,1.0,340.115,3.0,3.0,2.0,14.0,12.0,0,4,0
49bf6e22-525d-4241-b8a0-f1d4377cf84f,Haven,37.0,8.0,14.0,16.0,Gold,1.0,508.864,4.0,0.0,1.0,13.0,9.0,0,4,0
dfce73f2-7a2c-4944-8b6f-4c2a15e212b1,Sunset,25.0,2.0,19.0,8.0,Gold,1.0,269.654,6.0,4.0,1.0,14.0,12.0,0,1,3
e73eb65e-175e-456a-8473-f1e9d5192f0a,Summit,36.0,15.0,23.0,13.0,Gold,1.0,366.533,6.0,0.0,0.0,14.0,16.0,0,1,3
29cebccb-bb8e-48b3-9383-5a6ff1ae389e,Breeze,26.0,10.0,6.0,8.0,Gold,1.0,422.176,4.0,0.0,1.0,13.0,4.0,1,4,0
a3431873-897c-4c62-ac29-f007ce101ad0,Ascent,27.0,6.0,14.0,10.0,Gold,1.0,401.45,7.0,2.0,0.0,7.0,13.0,0,4,0
270bde2b-4db8-45ea-9d10-dcdfdab36f21,Summit,22.0,11.0,5.0,8.0,Gold,1.0,367.812,3.0,2.0,1.0,13.0,3.0,0,4,0
c839396e-148a-4223-9bd3-2b2b756fc998,Breeze,9.0,5.0,15.0,3.0,Gold,1.0,198.688,2.0,1.0,0.0,3.0,13.0,0,1,3
c6d3a4e9-8acc-491d-8085-eac6130813ef,Haven,28.0,6.0,17.0,20.0,Gold,1.0,370.913,3.0,5.0,0.0,10.0,13.0,0,1,3
f4c66cfa-e7ef-47dd-bb82-f02b405d84b3,Ascent,12.0,3.0,15.0,6.0,Gold,1.0,206.778,1.0,4.0,0.0,5.0,13.0,1,1,3
20a4ee74-9979-407b-990d-139782da158c,Haven,24.0,1.0,15.0,10.0,Gold,1.0,332.095,7.0,2.0,1.0,13.0,8.0,0,1,3
6bba618c-9538-4ca1-ae0b-1691a13e974a,Sunset,21.0,2.0,15.0,8.0,Gold,1.0,216.292,3.0,1.0,2.0,13.0,11.0,0,1,3
7b8535aa-9694-4788-afb8-6a8b2132cd60,Ascent,30.0,3.0,8.0,10.0,Gold,1.0,463.176,7.0,2.0,1.0,13.0,4.0,1,4,0
cbb61e8a-8ecd-44c0-b51e-10611e548c68,Split,20.0,6.0,17.0,11.0,Gold,1.0,262.682,3.0,3.0,1.0,13.0,9.0,0,2,2
f17b53af-dd0c-40a2-a89c-ad1b16e568f9,Ascent,18.0,6.0,12.0,7.0,Gold,1.0,288.35,3.0,3.0,1.0,13.0,7.0,1,1,3
c5075285-d4f0-47e6-ba4d-58a9cbd9faa5,Breeze,18.0,9.0,18.0,10.0,Gold,1.0,217.208,1.0,2.0,0.0,11.0,13.0,0,1,3
8153a3b6-6c9d-4fae-a653-c42d30eada75,Summit,19.0,6.0,14.0,6.0,Gold,1.0,249.619,1.0,1.0,1.0,13.0,8.0,0,1,3
d2cca13c-0322-4c2a-8c41-fee1fb29a0bb,Lotus,22.0,7.0,11.0,9.0,Gold,1.0,293.571,5.0,1.0,2.0,13.0,8.0,0,1,3
08cfc6ae-f478-4e5b-9802-d9916a58a589,Split,16.0,6.0,15.0,8.0,Gold,2.0,232.857,4.0,2.0,0.0,8.0,13.0,0,1,3
9b0f9554-431a-420c-911d-c6f297ad6f75,Split,32.0,3.0,14.0,19.0,Gold,2.0,388.043,4.0,2.0,0.0,10.0,13.0,1,1,3
77881934-3716-458e-bd89-e08e3e59f08a,Lotus,20.0,9.0,12.0,12.0,Gold,2.0,298.579,3.0,2.0,1.0,13.0,6.0,0,1,3
562769d7-6ebe-4c79-b9ed-23bc37a6ddf5,Sunset,18.0,2.0,14.0,15.0,Gold,2.0,295.889,5.0,0.0,0.0,5.0,13.0,0,1,3
93531175-ca3c-41a0-9e80-00e4d7e53d87,Lotus,28.0,5.0,15.0,18.0,Gold,2.0,331.458,5.0,2.0,0.0,11.0,13.0,0,1,3
dc577e76-43c1-46ce-b3d0-bcfce8e90fcf,Ascent,14.0,3.0,12.0,7.0,Gold,2.0,197.579,4.0,2.0,1.0,13.0,6.0,1,1,3
e4740589-9860-4b32-a940-d8eb9fecc906,Breeze,21.0,8.0,17.0,12.0,Gold,2.0,252.417,3.0,4.0,0.0,11.0,13.0,1,1,3
492e36ae-41cd-40cf-9e31-e16c60d77e2b,Lotus,20.0,12.0,16.0,15.0,Gold,2.0,248.958,3.0,1.0,0.0,11.0,13.0,1,1,3
d57d2556-ac30-479d-83eb-f2b16219595c,Split,23.0,2.0,14.0,13.0,Gold,2.0,269.435,4.0,2.0,1.0,13.0,10.0,0,1,3
1dfe0814-a954-4cdb-a7ec-aeddcde48bbb,Ascent,16.0,2.0,15.0,5.0,Gold,2.0,236.1,0.0,2.0,0.0,7.0,13.0,0,1,3
054a15e0-2266-42eb-8ae0-25f891579241,Haven,19.0,3.0,4.0,13.0,Gold,1.0,334.2,4.0,0.0,1.0,10.0,2.0,0,1,3
870dc092-cfeb-4c50-95fd-a070c20c17c6,Lotus,25.0,11.0,19.0,23.0,Gold,1.0,318.167,3.0,1.0,0.0,11.0,13.0,1,1,3
7df7cc7f-dbe8-4b24-8c98-c29e02ba824d,Ascent,13.0,1.0,16.0,4.0,Gold,2.0,225.176,3.0,3.0,0.0,4.0,13.0,0,1,3
18ddb955-01f0-44c7-bbb9-21190c004d09,Breeze,27.0,6.0,11.0,15.0,Gold,1.0,380.95,7.0,2.0,1.0,13.0,7.0,0,1,3
c2ec2d61-30d1-4842-9e4a-45ed7ad666ea,Lotus,20.0,6.0,11.0,13.0,Gold,2.0,246.0,3.0,1.0,1.0,13.0,10.0,1,1,3
cc8561cc-84da-47d2-b727-772c74dc4957,Breeze,20.0,3.0,8.0,4.0,Gold,2.0,283.111,4.0,1.0,2.0,13.0,5.0,0,1,3
5446e95b-5da2-44de-933d-78a758012e39,Ascent,13.0,5.0,16.0,7.0,Gold,2.0,228.611,1.0,2.0,0.0,5.0,13.0,1,1,3
71dc7dcc-60d8-44dc-8ecb-c0135b758726,Lotus,16.0,6.0,13.0,12.0,Gold,2.0,197.13,2.0,2.0,1.0,13.0,10.0,0,1,3
c6d6ab43-30ec-467f-a2e0-0451efe00b88,Summit,23.0,2.0,16.0,16.0,Gold,2.0,299.864,2.0,1.0,0.0,9.0,13.0,1,2,2
ac478f50-e8f6-42dc-b246-09e79b9612ef,Ascent,18.0,5.0,15.0,5.0,Gold,2.0,257.158,3.0,2.0,0.0,6.0,13.0,0,2,2
448ced0c-dfba-49be-b1c2-9c33a9cec2db,Sunset,27.0,9.0,16.0,18.0,Gold,2.0,321.417,2.0,3.0,1.0,13.0,11.0,1,1,3
570b7418-d0be-4bbf-96e4-e4c799711c68,Split,15.0,5.0,10.0,10.0,Gold,2.0,267.188,3.0,2.0,1.0,13.0,3.0,0,1,3
eb25d339-4e14-4fd9-8f64-3cc0c0262a80,Sunset,19.0,6.0,12.0,5.0,Gold,2.0,230.091,3.0,2.0,2.0,13.0,9.0,0,1,3
83c40d40-76a3-4b71-877e-9aeb04e2e386,Haven,20.0,5.0,16.0,14.0,Gold,2.0,309.474,4.0,0.0,0.0,6.0,13.0,0,4,0
9672a4d3-91a7-4ebb-b2d4-541a16f74ac9,Ascent,22.0,2.0,12.0,21.0,Gold,2.0,364.944,4.0,1.0,0.0,5.0,10.0,1,4,0
7f1e9684-1bc9-4f9e-8795-ef1734bdcac1,Breeze,21.0,12.0,5.0,12.0,Gold,3.0,426.267,2.0,2.0,1.0,13.0,2.0,1,1,3
52d4fe11-6cd7-42de-8a92-757ecb542b53,Split,24.0,6.0,12.0,13.0,Gold,2.0,295.591,1.0,3.0,2.0,13.0,9.0,1,1,3
4d2830fc-ec49-4b8c-8fe7-b7d623343cfe,Sunset,27.0,7.0,11.0,16.0,Gold,2.0,353.0,1.0,2.0,3.0,13.0,8.0,0,1,3
4816da07-36b6-475b-90be-815f663bfb30,Ascent,22.0,4.0,17.0,11.0,Gold,2.0,240.917,4.0,3.0,4.0,13.0,11.0,0,1,3
dd2950d8-0913-44e5-ab0d-3e883a479f78,Summit,46.0,4.0,12.0,30.0,Gold,3.0,599.136,6.0,0.0,2.0,13.0,9.0,1,4,0
7dbef0f8-687f-40ab-b2c0-f10e4263a7c5,Abyss,34.0,5.0,16.0,21.0,Unrated,,439.783,5.0,1.0,0.0,10.0,13.0,1,4,0
b7b5dc64-be87-4e67-a437-bb377e862b56,Split,7.0,9.0,18.0,7.0,Gold,3.0,191.722,3.0,5.0,0.0,5.0,13.0,0,1,3
dc1d4d7c-7cf2-4b73-8151-320d7a6564ff,Lotus,15.0,6.0,12.0,11.0,Gold,3.0,218.056,1.0,1.0,1.0,13.0,5.0,0,1,3
3ae52c41-707f-4c33-8a17-4d12a2231f09,Ascent,26.0,5.0,16.0,13.0,Gold,3.0,319.087,4.0,2.0,1.0,13.0,10.0,1,2,2
426cc63d-c724-4e6e-97f4-ce99b51813f0,Ascent,35.0,6.0,14.0,28.0,Gold,3.0,393.077,5.0,0.0,2.0,14.0,12.0,0,2,2
f4da9b48-b84d-4163-abc4-876db8dc2aff,Summit,5.0,5.0,18.0,5.0,Gold,3.0,136.353,1.0,3.0,0.0,4.0,13.0,1,1,3
fab087b3-cd39-47d8-a21c-7fc03277ccb1,Split,25.0,5.0,16.0,13.0,Gold,3.0,268.808,1.0,1.0,1.0,14.0,12.0,1,2,2
a54041a4-ced5-452b-9882-013e84eb3f53,Sunset,16.0,6.0,13.0,11.0,Gold,3.0,247.944,1.0,4.0,2.0,13.0,5.0,0,2,2
d25d1bfd-f8c5-4262-ab09-2f6b066065b4,Ascent,26.0,2.0,9.0,15.0,Gold,3.0,412.125,4.0,1.0,1.0,13.0,3.0,0,1,3
ceedb3f9-e3b0-453b-843d-97f58af3c821,Lotus,28.0,3.0,16.0,19.0,Gold,3.0,327.333,3.0,1.0,0.0,11.0,13.0,0,1,3
2a92a35d-7254-4cbd-b4b9-975d4ddd9249,Ascent,15.0,6.0,17.0,10.0,Gold,1.0,180.625,3.0,3.0,0.0,11.0,13.0,1,3,1
bb50cfa2-2b5d-4365-b1cc-af505b558339,Summit,22.0,6.0,7.0,23.0,Gold,1.0,330.222,1.0,1.0,1.0,13.0,5.0,0,3,1
980adc96-9b32-401e-a6b6-a35984da7077,Summit,11.0,4.0,16.0,17.0,Gold,1.0,204.778,2.0,2.0,0.0,5.0,13.0,0,3,1
5438dcf4-e906-45c0-8a0e-381c3bc7eb06,Split,13.0,4.0,14.0,14.0,Gold,1.0,251.625,1.0,2.0,0.0,3.0,13.0,1,3,1
417567c8-fae6-4cba-9b09-922f74a4cf0c,Sunset,21.0,6.0,15.0,17.0,Gold,1.0,227.333,1.0,0.0,0.0,11.0,13.0,1,0,4
a15a90c9-2ec7-459c-9ea0-545a8dbf98de,Abyss,9.0,2.0,13.0,7.0,Gold,1.0,137.143,0.0,0.0,1.0,13.0,8.0,1,1,3
a7a02dfe-92c0-4cd8-8138-70167346109c,Haven,11.0,3.0,17.0,7.0,Gold,1.0,141.364,1.0,1.0,0.0,9.0,13.0,1,1,3
e219e334-b5df-4189-a3a3-5981303a0954,Sunset,7.0,2.0,18.0,5.0,Unrated,,110.5,1.0,2.0,1.0,13.0,9.0,1,1,3
e0ab965d-ba65-48f3-84b6-285f1178d5e8,Abyss,18.0,6.0,9.0,15.0,Gold,1.0,252.526,1.0,1.0,1.0,13.0,6.0,1,0,4
472b780f-a72c-40bc-9adc-6ed2887671dc,Ascent,21.0,5.0,18.0,20.0,Gold,1.0,319.095,4.0,1.0,0.0,8.0,13.0,1,1,3
12bba38b-1df4-477c-96c8-6aceb417f07e,Ascent,10.0,2.0,15.0,7.0,Gold,1.0,161.0,2.0,2.0,0.0,6.0,13.0,1,1,3
ad5c3c2c-c2ba-4eb0-98b3-ecb1a9dbcb7b,Abyss,20.0,7.0,14.0,16.0,Gold,1.0,243.435,2.0,0.0,1.0,13.0,10.0,1,1,3
556705f8-897a-4228-b505-45d1aa6910fc,Sunset,21.0,5.0,13.0,16.0,Gold,1.0,306.619,3.0,1.0,1.0,13.0,8.0,1,1,3
ac651b19-7396-46e7-ac73-48c545ecfbfb,Lotus,9.0,6.0,17.0,8.0,Gold,1.0,151.455,2.0,2.0,0.0,9.0,13.0,0,2,2
4c678726-c263-4246-9396-ef41d7a1a97d,Sunset,12.0,1.0,14.0,5.0,Gold,1.0,189.167,0.0,2.0,0.0,5.0,11.0,1,2,2
c10f42da-41e3-4639-8992-ec2cae36cb05,Summit,19.0,4.0,12.0,19.0,Gold,1.0,342.389,5.0,2.0,1.0,13.0,5.0,0,2,2
7f4f8603-4229-4592-b8ec-a444b5ea39d6,Split,16.0,5.0,7.0,9.0,Gold,1.0,284.2,1.0,2.0,1.0,11.0,2.0,0,0,4
35d29eef-86e5-48c8-8fd3-5979d462cd27,Sunset,10.0,8.0,15.0,4.0,Gold,1.0,152.0,2.0,1.0,1.0,13.0,8.0,1,2,2
9a311c7f-5597-477a-a55d-7cb574e0d472,Haven,14.0,6.0,17.0,14.0,Gold,1.0,180.045,3.0,1.0,2.0,13.0,9.0,1,2,2
313b84ba-21ce-4a0b-a6e9-1dfe4ffa1888,Lotus,18.0,8.0,16.0,13.0,Gold,1.0,257.174,2.0,6.0,1.0,13.0,10.0,0,2,2
47266040-1c38-4f44-9819-d448fac706f1,Summit,26.0,7.0,18.0,18.0,Gold,1.0,325.292,5.0,2.0,2.0,13.0,11.0,1,2,2
a505b0e8-985e-48fc-b4be-03bcd59f0b37,Summit,12.0,3.0,19.0,10.0,Gold,2.0,176.818,2.0,7.0,0.0,9.0,13.0,1,2,2
daafbfbd-6fcd-4d79-9865-730883805b3f,Split,10.0,9.0,16.0,6.0,Gold,2.0,180.905,2.0,4.0,0.0,8.0,13.0,0,2,2
338d6b6a-2e85-4369-8611-e4da7ffae307,Lotus,19.0,6.0,9.0,15.0,Gold,2.0,271.474,3.0,1.0,1.0,13.0,6.0,0,2,2
dfa23665-2644-4904-8342-6186275bb0bb,Split,18.0,6.0,9.0,10.0,Gold,2.0,243.15,1.0,1.0,1.0,13.0,7.0,1,2,2
f060fc8a-04bc-437f-af48-6c48252bec58,Sunset,10.0,5.0,18.0,9.0,Gold,2.0,143.875,1.0,3.0,0.0,11.0,13.0,1,2,2
7f6d409b-c869-41e0-9604-1698ec062c35,Sunset,13.0,6.0,21.0,6.0,Silver,1.0,158.292,2.0,2.0,0.0,11.0,13.0,1,0,4
772f6bc7-525b-42e3-8e9a-e638e2a61ae5,Lotus,11.0,3.0,11.0,11.0,Bronze,3.0,177.722,2.0,1.0,1.0,13.0,5.0,0,0,4
3477832b-065c-4c9e-a891-ea89f1ec2b8a,Split,14.0,9.0,17.0,12.0,Bronze,3.0,201.455,3.0,0.0,2.0,13.0,9.0,0,2,2
f94e6466-d661-43a1-97b8-0a0e8a82c983,Summit,21.0,7.0,23.0,20.0,Bronze,3.0,219.536,1.0,5.0,2.0,14.0,14.0,0,0,4
c0b207fe-5eff-40df-9fe3-e9fd04613822,Haven,20.0,6.0,13.0,14.0,Bronze,3.0,228.091,0.0,1.0,3.0,13.0,9.0,0,0,4
546bc7ec-8c28-4d16-af30-836ccb11a8fc,Haven,24.0,6.0,19.0,14.0,Silver,1.0,240.077,1.0,2.0,1.0,14.0,12.0,0,0,4
c55554b4-85d5-4a9b-b684-b70eb01c1ffe,Split,16.0,10.0,7.0,8.0,Silver,1.0,206.368,1.0,1.0,2.0,13.0,6.0,0,0,4
75115c4d-de33-46e1-a209-a9a32c0510dd,Sunset,23.0,9.0,19.0,15.0,Silver,1.0,285.042,2.0,1.0,3.0,13.0,11.0,1,0,4
cfb8ee41-a486-4cdd-8b17-6f7a7656de07,Abyss,19.0,3.0,20.0,11.0,Silver,1.0,211.385,1.0,2.0,3.0,13.0,13.0,0,0,4
f5eb0b11-b55d-4314-9ed1-40b249f911e0,Abyss,13.0,5.0,12.0,10.0,Silver,1.0,201.2,1.0,1.0,4.0,13.0,7.0,0,0,4
cc3a2961-6ac1-4afd-87e4-d05e13fb30ce,Split,12.0,7.0,10.0,8.0,Silver,1.0,180.824,2.0,0.0,1.0,13.0,4.0,1,0,4
395ff478-f955-4c35-b53c-1aaac8e21bc4,Lotus,26.0,5.0,14.0,23.0,Silver,1.0,354.053,2.0,2.0,2.0,13.0,6.0,0,0,4
5425287b-baf4-4c58-bf12-635fb675efa8,Summit,7.0,3.0,17.0,8.0,Silver,1.0,113.45,0.0,0.0,0.0,7.0,13.0,0,0,4
58a6c35f-5517-45c8-8aa7-604a8880a077,Split,4.0,0.0,4.0,3.0,Silver,1.0,92.923,0.0,0.0,0.0,0.0,4.0,0,0,4
ff40e8ef-704a-4f52-9b52-4cb5385ec72d,Lotus,11.0,3.0,13.0,11.0,Silver,1.0,233.812,2.0,0.0,0.0,3.0,13.0,0,0,4
1e7ba774-e078-4541-8cdd-3f0d2bdd7f3f,Lotus,17.0,7.0,9.0,11.0,Silver,1.0,275.765,2.0,0.0,1.0,13.0,4.0,0,0,4
6de1ac50-a749-4845-82ca-36511a10e503,Summit,18.0,6.0,23.0,15.0,Silver,1.0,215.192,0.0,3.0,0.0,12.0,14.0,0,0,4
87358c28-2970-4da3-8e3b-c073ce948f84,Abyss,12.0,3.0,14.0,11.0,Silver,1.0,184.632,1.0,2.0,0.0,6.0,13.0,1,0,4
6dc2b03d-c8bc-4786-baad-b67a5129d9c8,Ascent,13.0,1.0,15.0,10.0,Silver,1.0,236.312,2.0,3.0,0.0,3.0,13.0,0,0,4
b50c3977-c786-4175-870c-3925f0764743,Sunset,17.0,4.0,17.0,14.0,Silver,1.0,260.381,4.0,5.0,0.0,8.0,13.0,0,1,3
f2171d01-d991-4238-926d-5057dd945165,Abyss,17.0,4.0,12.0,10.0,Silver,1.0,225.045,4.0,1.0,1.0,13.0,9.0,1,1,3
502db62b-6ac5-445f-8db7-684528aeb756,Sunset,13.0,2.0,15.0,12.0,Silver,1.0,213.389,4.0,4.0,0.0,5.0,13.0,0,1,3
fb25e535-026b-4b48-a721-b665b4516540,Haven,9.0,7.0,18.0,7.0,Silver,1.0,133.208,3.0,2.0,0.0,11.0,13.0,0,0,4
ad26c74c-d2af-4769-ad43-5380f41e4845,Haven,19.0,3.0,16.0,14.0,Silver,1.0,239.909,4.0,3.0,1.0,13.0,9.0,0,0,4
b9bb680d-6b1d-49dc-85ec-e6acb6672889,Split,23.0,2.0,14.0,17.0,Silver,1.0,305.0,4.0,0.0,0.0,7.0,13.0,0,1,3
1a5cefe6-b185-4014-a5e9-c8d1bb2c9fdf,Ascent,29.0,11.0,18.0,25.0,Silver,1.0,287.5,4.0,0.0,1.0,16.0,14.0,1,1,3
c3b550fa-7769-45a4-9d81-887174835cb3,Abyss,14.0,8.0,16.0,7.0,Silver,1.0,207.842,1.0,2.0,0.0,6.0,13.0,0,1,3
eda2b682-76ec-497b-a063-34708f170f4e,Split,11.0,4.0,12.0,5.0,Silver,1.0,157.278,1.0,1.0,0.0,5.0,12.0,0,1,3
ab80b754-d3aa-4119-8be4-70df299ec5cb,Summit,16.0,3.0,15.0,18.0,Silver,1.0,225.955,4.0,4.0,1.0,13.0,9.0,0,0,4
af628786-3c7c-4bbd-8df8-68c275e05032,Lotus,16.0,3.0,17.0,15.0,Silver,1.0,252.75,6.0,3.0,2.0,13.0,7.0,0,0,4
cffc377a-b5e3-4d94-be05-44ce822f8bce,Sunset,20.0,4.0,16.0,13.0,Silver,1.0,260.583,3.0,3.0,1.0,13.0,11.0,1,0,4
7bf5e74a-d583-4ceb-9824-46e76931e85d,Haven,7.0,7.0,16.0,10.0,Silver,1.0,131.389,0.0,2.0,0.0,5.0,13.0,0,0,4
b7185f6e-3404-45cd-bec2-7264c80ec1ed,Split,11.0,0.0,2.0,7.0,Silver,1.0,159.643,0.0,0.0,1.0,8.0,1.0,0,0,4
6359eba5-e28e-4e27-a461-5eaa7fcfa7b7,Sunset,17.0,6.0,12.0,12.0,Silver,1.0,240.316,1.0,0.0,2.0,13.0,6.0,0,0,4
3cf5c793-7f58-411d-9a4f-2837f8e23a4b,Summit,16.0,2.0,4.0,12.0,Silver,1.0,301.857,4.0,0.0,1.0,8.0,1.0,1,0,4
32daf8d4-fcbd-44d4-9051-ed0afc0b2b0a,Haven,27.0,4.0,13.0,13.0,Silver,1.0,371.35,3.0,1.0,2.0,13.0,7.0,0,2,2
21d756b1-6889-44d1-a565-2e8b61a64038,Ascent,8.0,4.0,16.0,8.0,Silver,1.0,163.765,1.0,1.0,0.0,4.0,13.0,0,2,2
f8bc6db2-6139-4c39-82dd-5f071b6a9b09,Summit,19.0,1.0,17.0,16.0,Silver,1.0,254.381,3.0,3.0,1.0,13.0,8.0,1,3,1
261c971e-5922-4a57-b7d1-1536067adbd8,Sunset,11.0,6.0,15.0,11.0,Silver,1.0,209.333,1.0,5.0,0.0,5.0,13.0,0,0,4
dedbb6be-690b-4df3-9626-dd4fd6677f43,Haven,21.0,3.0,18.0,22.0,Silver,1.0,256.125,2.0,4.0,0.0,11.0,13.0,0,0,4
6ba4d98e-a0e2-466a-84f5-a4501ece800e,Abyss,15.0,5.0,17.0,5.0,Silver,1.0,212.818,5.0,4.0,0.0,9.0,13.0,1,0,4
a40efea1-f9e0-49c7-9e68-418159b6bd9d,Summit,19.0,11.0,13.0,15.0,Silver,1.0,300.789,1.0,1.0,0.0,6.0,13.0,0,2,2
4e2e8ed4-6b00-4b8f-9bd4-bcf1b748a9b1,Lotus,17.0,2.0,15.0,7.0,Silver,1.0,256.2,2.0,0.0,0.0,7.0,13.0,1,2,2
2c007488-c53d-4530-8a67-ffe1f3e867e5,Ascent,9.0,7.0,11.0,5.0,Silver,1.0,153.133,0.0,1.0,0.0,2.0,10.0,0,2,2
3008d0b0-4e27-4f0a-8422-d914738bf7d5,Lotus,18.0,3.0,7.0,5.0,Silver,1.0,277.294,5.0,1.0,1.0,13.0,4.0,1,2,2
e837007f-07b5-45d2-ad01-0bdbc76de266,Summit,18.0,4.0,15.0,15.0,Silver,1.0,246.619,2.0,2.0,2.0,13.0,8.0,0,2,2
46fb99ad-e03d-4502-a5a7-c968d62ee4b2,Abyss,20.0,5.0,15.0,9.0,Silver,1.0,262.435,6.0,2.0,3.0,13.0,10.0,1,2,2
22fdcbee-321b-4e47-b57e-6004e9481b70,Split,17.0,6.0,19.0,8.0,Silver,1.0,188.714,1.0,3.0,1.0,15.0,13.0,1,0,4
dfa652f1-f891-4a4c-a907-772886f33e14,Split,14.0,3.0,15.0,7.0,Silver,1.0,231.444,1.0,2.0,0.0,5.0,13.0,1,1,3
df4ed03b-89dd-4292-8c5b-7f6e6adba313,Sunset,16.0,7.0,20.0,5.0,Silver,1.0,207.25,4.0,3.0,0.0,11.0,13.0,1,2,2
cb91d98d-c8a5-4c92-a51f-a19906b2b52c,Haven,22.0,15.0,21.0,23.0,Silver,1.0,233.633,3.0,4.0,0.0,14.0,16.0,0,2,2
c5b7f972-d743-43da-80b5-e01236a31c2d,Abyss,22.0,1.0,10.0,4.0,Silver,1.0,302.65,4.0,1.0,1.0,13.0,7.0,1,2,2
987b38b6-3fe2-4a52-af69-3a81aca803c2,Split,19.0,3.0,15.0,12.0,Silver,1.0,264.1,5.0,1.0,2.0,13.0,7.0,0,2,2
e140ecbc-fab0-4486-8e87-02497e53112b,Abyss,13.0,4.0,16.0,8.0,Silver,1.0,234.333,2.0,2.0,0.0,5.0,13.0,1,2,2
50497065-ff60-466c-b9cc-258e819ef19d,Sunset,20.0,6.0,16.0,10.0,Silver,1.0,268.043,1.0,0.0,1.0,13.0,10.0,0,1,3
c45ebfc5-aa55-43be-9742-c3cb4fa3aa12,Split,12.0,2.0,12.0,8.0,Silver,1.0,171.105,2.0,2.0,1.0,13.0,6.0,1,0,4
f024de03-9cf4-4374-9a17-23a493ba82e6,Summit,11.0,4.0,14.0,14.0,Silver,1.0,173.714,0.0,1.0,2.0,13.0,8.0,0,0,4
7a974488-b953-4aa2-9b1d-4583dee553f0,Abyss,4.0,3.0,14.0,4.0,Silver,1.0,112.0,0.0,5.0,0.0,1.0,13.0,0,1,3
29b5b5aa-5c15-488b-adb2-e00193214edf,Ascent,15.0,5.0,18.0,5.0,Silver,1.0,212.0,5.0,2.0,0.0,9.0,13.0,1,1,3
ef994e02-31ec-4736-b371-2adfe680cbaa,Sunset,19.0,4.0,17.0,13.0,Silver,1.0,245.652,1.0,3.0,0.0,10.0,13.0,0,3,1
526c83f5-cebc-4fbc-87de-45467ae81b89,Lotus,16.0,1.0,12.0,7.0,Silver,1.0,236.222,2.0,2.0,1.0,13.0,5.0,1,3,1
bc496540-15a0-4a91-b816-922d619136ac,Summit,20.0,5.0,16.0,13.0,Silver,1.0,229.042,4.0,1.0,2.0,13.0,11.0,0,2,2
3925fce0-0a92-4071-822d-59962ef53dba,Ascent,2.0,0.0,9.0,1.0,Silver,1.0,42.0,0.0,2.0,0.0,0.0,9.0,1,2,2
f8fe430f-6fe9-4bb9-80cb-aa1523182199,Abyss,18.0,4.0,9.0,12.0,Silver,1.0,250.15,3.0,1.0,1.0,13.0,7.0,0,0,4
5ce4c1b8-5e91-4660-8d03-65580cb2fe2e,Split,24.0,2.0,16.0,16.0,Silver,1.0,278.174,6.0,1.0,1.0,13.0,10.0,0,0,4
1be90ae7-b39c-41d8-958e-5c47365ebee4,Ascent,17.0,4.0,19.0,9.0,Silver,1.0,217.917,1.0,3.0,0.0,11.0,13.0,0,0,4
5ddff66a-1549-4d55-a3fa-ebcee5f87f4c,Haven,21.0,3.0,16.0,12.0,Silver,1.0,278.5,5.0,3.0,1.0,13.0,9.0,0,0,4
690152ad-5b6e-43f1-8275-8726d9774466,Lotus,14.0,9.0,20.0,7.0,Silver,1.0,180.167,1.0,4.0,1.0,13.0,11.0,0,1,3
f6aff96c-9da7-47b3-ba30-08637350f83b,Split,14.0,8.0,22.0,12.0,Silver,1.0,215.391,7.0,2.0,0.0,10.0,13.0,1,1,3
4fb4f96c-4fe1-4ba9-b1e4-431e84a7e51f,Haven,24.0,6.0,19.0,16.0,Silver,1.0,319.208,8.0,3.0,1.0,13.0,11.0,1,1,3
a18369f0-0c94-417d-9208-213978a491e7,Ascent,19.0,5.0,16.0,15.0,Silver,1.0,246.417,1.0,0.0,0.0,11.0,13.0,1,1,3
6aa9e5a8-9565-4ce0-9d77-298a2a02811e,Haven,14.0,5.0,9.0,7.0,Silver,1.0,242.188,2.0,2.0,1.0,13.0,3.0,1,0,4
5d5cde9e-572b-413a-b666-7cac9430a8dc,Abyss,20.0,1.0,8.0,16.0,Silver,1.0,317.375,5.0,2.0,1.0,13.0,3.0,0,0,4
73c5617f-44cb-4961-9a7d-7ffd9286005c,Lotus,8.0,4.0,15.0,8.0,Silver,2.0,153.947,1.0,2.0,0.0,6.0,13.0,0,0,4
1d573e15-59f8-4372-8380-c4019de3099b,Haven,24.0,2.0,11.0,17.0,Silver,2.0,346.556,4.0,1.0,1.0,13.0,5.0,0,0,4
2c2f1386-1a1c-4da1-a608-79653d38b736,Summit,21.0,2.0,14.0,18.0,Silver,2.0,328.889,2.0,5.0,0.0,5.0,13.0,0,0,4
be6ee4d6-6b51-4eee-82f7-0d05e2673e00,Split,20.0,3.0,14.0,11.0,Silver,1.0,256.95,1.0,2.0,1.0,13.0,7.0,0,1,3
18b3efcc-c311-49f8-ab26-3dbdac086b65,Lotus,12.0,8.0,18.0,12.0,Silver,2.0,160.391,0.0,3.0,0.0,10.0,13.0,1,0,4
1eccb456-d102-44ac-86cc-4c0242a5d40f,Abyss,21.0,5.0,21.0,19.0,Silver,2.0,213.607,0.0,3.0,0.0,13.0,15.0,0,0,4
3cd183eb-fdea-4a77-990b-8f4cb55d9a4f,Ascent,15.0,4.0,16.0,9.0,Diamond,3.0,204.045,3.0,3.0,0.0,9.0,13.0,1,0,4
fc66c4c8-2797-42cc-9d3e-570c738240d9,Summit,9.0,7.0,18.0,6.0,Diamond,3.0,153.333,3.0,1.0,0.0,5.0,13.0,0,2,2
f9575745-3a94-4998-a935-911025ba419f,Haven,15.0,5.0,15.0,12.0,Diamond,3.0,197.818,4.0,1.0,1.0,13.0,9.0,0,2,2
ab286cb4-bb23-4d08-b482-f430007cd62d,Split,12.0,0.0,14.0,5.0,Diamond,3.0,168.737,1.0,1.0,0.0,6.0,13.0,1,2,2
700099dc-c7eb-4c40-86db-819845c17922,Abyss,19.0,0.0,14.0,11.0,Diamond,3.0,255.55,2.0,0.0,0.0,7.0,13.0,1,0,4
8b2df52a-f0bd-4b4c-8594-d244e734f953,Lotus,12.0,3.0,15.0,4.0,Diamond,3.0,172.421,2.0,4.0,0.0,6.0,13.0,1,0,4
747eb5e9-0400-42ac-a53d-195231821e58,Lotus,17.0,4.0,4.0,10.0,Diamond,3.0,262.824,2.0,1.0,1.0,13.0,4.0,1,0,4
93d75efb-3bc1-4946-aa32-3c8b01e5950b,Split,24.0,2.0,15.0,8.0,Diamond,3.0,245.885,5.0,5.0,1.0,14.0,12.0,1,0,4
1a3a3e3a-e63e-40c1-9e17-02e41a9e6913,Summit,15.0,4.0,18.0,9.0,Diamond,3.0,243.5,4.0,1.0,0.0,7.0,13.0,1,0,4
733d466f-5f62-416a-b0ba-7bef8755d8a6,Ascent,12.0,0.0,17.0,8.0,Diamond,3.0,171.368,0.0,1.0,0.0,6.0,13.0,1,0,4
c47a96b0-a5a5-4efe-99b0-a0bf961ac30d,Summit,8.0,1.0,15.0,5.0,Diamond,3.0,125.421,2.0,0.0,0.0,6.0,13.0,1,0,4
7c05b460-dd84-4192-beef-b43db334fc3d,Lotus,4.0,3.0,16.0,3.0,Diamond,3.0,101.647,3.0,4.0,0.0,4.0,13.0,0,0,4
368a0a91-9abe-4797-b23b-b1ff55971c8f,Split,11.0,5.0,16.0,6.0,Diamond,3.0,164.857,2.0,3.0,0.0,8.0,13.0,1,0,4
4e1e8c22-bffc-4325-9b13-7b20e906a812,Lotus,21.0,4.0,18.0,13.0,Diamond,3.0,213.143,2.0,3.0,0.0,13.0,15.0,1,0,4
8bb70d92-2948-4a15-bc38-8ec4806e5407,Lotus,16.0,3.0,13.0,8.0,Diamond,3.0,199.435,4.0,3.0,1.0,13.0,10.0,1,0,4
13cecf81-819e-4e68-aa31-f240d08f9e0b,Summit,13.0,0.0,17.0,9.0,Diamond,2.0,172.217,3.0,1.0,0.0,10.0,13.0,0,0,4
d2205403-5c81-4bf0-a688-4966292ac0d4,Sunset,21.0,4.0,16.0,10.0,Diamond,3.0,256.958,2.0,0.0,1.0,13.0,11.0,1,0,4
4ee600e6-5dba-47fa-b7a4-5af5f701d5fe,Haven,16.0,1.0,6.0,8.0,Diamond,2.0,256.133,2.0,0.0,2.0,10.0,2.0,1,0,4
5be7269d-2f53-492a-8c5e-dccdab375370,Haven,24.0,1.0,14.0,12.0,Diamond,2.0,266.542,2.0,1.0,3.0,13.0,11.0,1,0,4
cc32df57-8057-4a4a-a482-fe12e09eae9c,Summit,6.0,7.0,16.0,5.0,Unrated,,131.294,2.0,3.0,0.0,4.0,13.0,1,4,0
12039cbb-bb15-4705-8509-9f37b868f4c8,Haven,17.0,5.0,14.0,10.0,Bronze,3.0,193.364,0.0,2.0,1.0,13.0,9.0,0,4,0
c0c81f0e-641f-4ccf-84a3-5de0d3272bf0,Lotus,29.0,17.0,24.0,17.0,Bronze,3.0,333.267,6.0,5.0,1.0,15.0,15.0,1,0,4
4f928c54-011f-4a0d-a306-f11d062182c2,Ascent,16.0,5.0,17.0,11.0,Bronze,3.0,288.444,2.0,2.0,0.0,5.0,13.0,1,0,4
fea30b44-41c0-4b67-b08f-c3643e71a7d2,Lotus,16.0,3.0,19.0,12.0,Bronze,3.0,194.75,3.0,2.0,1.0,13.0,11.0,0,0,4
1bbe367b-aeb2-4f1d-9160-84163fc7e83d,Haven,8.0,5.0,19.0,4.0,Silver,2.0,130.381,1.0,1.0,0.0,8.0,13.0,0,1,3
32fd6f23-6d77-45c6-8ef0-7037a0de5cc0,Haven,11.0,16.0,22.0,4.0,Silver,2.0,141.357,1.0,3.0,1.0,15.0,13.0,0,1,3
95799edf-4ec3-4865-bd79-d759ad23bb01,Lotus,21.0,14.0,21.0,5.0,Silver,2.0,207.3,0.0,3.0,0.0,14.0,16.0,1,1,3
a0be3300-259f-404b-ba43-425bb316260c,Pearl,18.0,3.0,19.0,8.0,Silver,2.0,227.542,5.0,2.0,0.0,11.0,13.0,0,3,1
00fa081a-0796-466b-a9f8-0fb5bc983aee,Lotus,26.0,4.0,16.0,20.0,Silver,2.0,316.391,2.0,3.0,1.0,13.0,10.0,0,3,1
fbbff0ae-0b9c-4e7b-901f-a71055f49015,Breeze,20.0,7.0,20.0,16.0,Silver,2.0,213.357,3.0,4.0,1.0,14.0,14.0,1,0,4
1df91289-61fd-4f9f-8937-92216e075af2,Fracture,21.0,8.0,16.0,12.0,Silver,2.0,278.143,5.0,1.0,0.0,8.0,13.0,1,1,3
66c8a419-a503-41ff-9422-4431ced30f11,Breeze,19.0,3.0,14.0,10.0,Silver,2.0,245.45,0.0,3.0,0.0,7.0,13.0,0,1,3
795d1ccf-b3b5-4691-acaa-c4c3b92e12d8,Breeze,12.0,1.0,7.0,7.0,Silver,2.0,214.0,0.0,1.0,1.0,13.0,1.0,0,1,3
d606ec31-6800-4467-bde2-712fac77422e,Fracture,20.0,2.0,10.0,4.0,Silver,2.0,295.412,3.0,0.0,1.0,13.0,4.0,0,0,4
87ff8761-874b-447e-acfb-0b62095d8658,Ascent,22.0,7.0,19.0,6.0,Silver,2.0,279.87,4.0,3.0,1.0,13.0,10.0,0,1,3
f3e326aa-844d-4d48-89f3-1412a8d229db,Lotus,19.0,4.0,16.0,6.0,Silver,2.0,250.727,2.0,3.0,0.0,9.0,13.0,1,2,2
503a70f6-527c-4c01-bc90-2ef3b7f39931,Pearl,10.0,0.0,13.0,5.0,Silver,2.0,205.812,1.0,2.0,0.0,3.0,13.0,0,4,0
c1972303-3dc7-46a2-a26d-39d449eb5900,Haven,15.0,5.0,17.0,8.0,Silver,1.0,216.913,4.0,3.0,1.0,13.0,10.0,1,3,1
59547ca8-d1ac-4d2b-9125-e407fade610c,Haven,15.0,4.0,17.0,16.0,Silver,2.0,190.143,3.0,1.0,0.0,8.0,13.0,0,1,3
690ea1d2-e4ec-4433-ba26-3a1361d10f5c,Fracture,29.0,0.0,12.0,12.0,Silver,1.0,363.857,7.0,2.0,1.0,13.0,8.0,1,1,3
83ce32e7-01fa-4689-8232-4dccf35e8c3a,Breeze,16.0,1.0,16.0,7.0,Silver,2.0,237.333,3.0,2.0,0.0,5.0,13.0,1,1,3
029af2c3-6446-413d-a35e-11bcaa0f4d88,Pearl,18.0,5.0,20.0,7.0,Silver,2.0,244.087,2.0,3.0,0.0,10.0,13.0,1,4,0
aaf05d09-954e-4d38-bf46-7d92a6151fff,Fracture,16.0,8.0,14.0,10.0,Silver,2.0,231.6,0.0,0.0,1.0,13.0,7.0,0,4,0
801a19ab-0f6a-4988-a9ca-8520b177c090,Haven,19.0,2.0,16.0,8.0,Silver,2.0,211.217,3.0,3.0,1.0,13.0,10.0,1,1,3
0eb1dad8-b5d1-4792-bbf9-d4350e4f1287,Split,18.0,8.0,10.0,7.0,Silver,2.0,281.588,3.0,0.0,2.0,13.0,4.0,0,1,3
1a004b85-14aa-406d-9b4e-b00387991d46,Lotus,15.0,7.0,17.0,7.0,Silver,2.0,201.227,3.0,0.0,0.0,9.0,13.0,1,2,2
b2f4de61-548f-412f-8c82-1f3fa806b719,Split,18.0,6.0,9.0,8.0,Silver,2.0,291.556,2.0,1.0,1.0,13.0,5.0,0,2,2
31d4fac1-6e3c-4571-80e9-bf1522a9964c,Ascent,16.0,8.0,16.0,6.0,Unrated,,227.571,4.0,0.0,0.0,8.0,13.0,0,1,3
6bb9cee1-3352-4be0-87c9-efc1026318cf,Summit,10.0,9.0,18.0,4.0,Unrated,,144.391,0.0,4.0,0.0,10.0,13.0,0,1,3
dcbdb706-7fdd-448b-97f9-e3e142015913,Lotus,11.0,3.0,14.0,8.0,Unrated,,164.571,1.0,3.0,0.0,8.0,13.0,0,1,3
68798acb-c3b8-4575-be02-b8c3e7870555,Haven,17.0,6.0,17.0,9.0,Unrated,,220.435,4.0,3.0,1.0,13.0,10.0,0,0,4
c63ae207-775e-44ad-bc1b-d731f04dc1b4,Ascent,27.0,9.0,15.0,9.0,Unrated,,339.818,3.0,2.0,2.0,13.0,9.0,1,0,4
1cdcc5ed-b9c9-475a-9001-48f9662b6679,Split,14.0,13.0,13.0,9.0,Bronze,2.0,224.0,3.0,2.0,1.0,13.0,6.0,0,4,0
e439c5d2-bcaa-47c9-b58c-5ff48348d315,Haven,9.0,13.0,17.0,4.0,Bronze,2.0,147.667,3.0,5.0,2.0,13.0,8.0,1,1,3
c4b925aa-fb58-4d08-b79a-141e7b13be27,Lotus,14.0,12.0,19.0,9.0,Bronze,2.0,186.25,1.0,4.0,0.0,11.0,13.0,1,0,4
1fc69cd6-eb93-4a59-a93b-925cd978631b,Ascent,14.0,9.0,18.0,10.0,Bronze,2.0,211.318,3.0,1.0,0.0,9.0,13.0,0,0,4
c06f855e-a35a-426d-9cd5-882222c517bd,Summit,20.0,4.0,15.0,1.0,Bronze,2.0,222.125,1.0,0.0,1.0,13.0,11.0,0,1,3
13914a77-2fec-4ad8-b705-2db84ce3dc0a,Breeze,24.0,2.0,17.0,10.0,Bronze,2.0,298.304,2.0,1.0,0.0,10.0,13.0,0,1,3
c4e0e852-896f-41c9-bafd-71db7c0ee67e,Lotus,23.0,6.0,16.0,11.0,Bronze,2.0,294.455,6.0,0.0,2.0,13.0,9.0,0,4,0
96c3d835-41b6-42a9-a300-d529425b09cd,Ascent,7.0,2.0,18.0,2.0,Bronze,2.0,120.211,3.0,2.0,0.0,6.0,13.0,0,4,0
2abfe2f9-87a1-492d-a6bc-b2da7101f829,Breeze,10.0,9.0,16.0,11.0,Bronze,2.0,188.95,1.0,3.0,0.0,7.0,13.0,0,4,0
ced664a5-45c2-4c3f-bcdc-3cb3961d8e27,Sunset,2.0,0.0,5.0,2.0,Bronze,2.0,44.231,1.0,1.0,0.0,0.0,5.0,1,4,0
c360fb51-e2d7-4a8c-b012-bf2df25f582a,Haven,10.0,2.0,17.0,7.0,Bronze,2.0,133.19,1.0,4.0,0.0,8.0,13.0,0,4,0
a5387727-cc79-4430-a359-77be3eb81c40,Ascent,20.0,5.0,14.0,10.0,Bronze,2.0,263.429,4.0,1.0,0.0,8.0,13.0,0,1,3
508494e1-4270-4af3-807e-d14476e99a77,Summit,15.0,5.0,18.0,9.0,Bronze,2.0,199.364,3.0,3.0,1.0,13.0,9.0,1,1,3
a7d04c61-3484-4b3c-bca7-15ad626c36e8,Sunset,14.0,3.0,12.0,5.0,Bronze,2.0,168.45,1.0,1.0,2.0,13.0,7.0,0,1,3
d1fe314d-24bd-4650-8f9a-bd5a4d3916a8,Split,13.0,10.0,19.0,3.0,Bronze,2.0,170.792,0.0,3.0,1.0,13.0,11.0,0,0,4
f271f227-e105-4c8f-9d03-f92e364bb723,Sunset,16.0,12.0,15.0,6.0,Bronze,2.0,206.174,1.0,2.0,0.0,10.0,13.0,0,1,3
b1e3d209-6f53-474d-b4f9-2e604eefb53a,Summit,17.0,5.0,8.0,9.0,Bronze,2.0,354.333,3.0,1.0,1.0,11.0,2.0,1,1,3
3987088d-cc34-441a-b06d-b669efaec249,Split,20.0,6.0,18.0,12.0,Bronze,2.0,239.391,6.0,2.0,0.0,10.0,13.0,0,1,3
b77b05a4-41e3-4b53-afd3-b30bc92e62c4,Ascent,10.0,4.0,13.0,4.0,Bronze,3.0,164.111,2.0,2.0,1.0,13.0,5.0,1,0,4
df8d7032-e1e9-4f75-8d21-1834f0660f1d,Breeze,21.0,7.0,16.0,7.0,Bronze,2.0,289.708,3.0,1.0,2.0,13.0,11.0,0,0,4
f93e046d-614f-445f-a2ba-373a4d310515,Ascent,22.0,1.0,11.0,3.0,Bronze,3.0,245.273,4.0,0.0,1.0,13.0,9.0,0,4,0
9db2d4ee-52c1-4dc1-8a44-4b6b4d928869,Split,20.0,6.0,19.0,6.0,Bronze,3.0,225.192,3.0,3.0,2.0,14.0,12.0,0,4,0
2c13e39c-d85e-4229-a2fc-30c5f46850e6,Summit,19.0,3.0,19.0,11.0,Bronze,3.0,231.125,3.0,2.0,0.0,11.0,13.0,1,2,2
041c8e79-a04c-431d-a4a2-015664764b61,Sunset,10.0,2.0,13.0,6.0,Bronze,3.0,192.6,1.0,3.0,0.0,2.0,13.0,0,1,3
49bf6e22-525d-4241-b8a0-f1d4377cf84f,Haven,16.0,3.0,18.0,2.0,Bronze,3.0,192.409,5.0,2.0,1.0,13.0,9.0,0,4,0
3695a531-73e5-4d0c-bde9-b68565b1639a,Sunset,20.0,2.0,18.0,4.0,Bronze,3.0,251.364,5.0,2.0,0.0,9.0,13.0,1,2,2
4178ad44-3201-4a47-952b-308984411bf2,Summit,14.0,5.0,15.0,7.0,Bronze,3.0,238.474,2.0,0.0,0.0,6.0,13.0,0,2,2
9bcb49fe-2b00-4fd1-8398-83633be46e83,Haven,11.0,3.0,17.0,9.0,Bronze,3.0,181.944,3.0,1.0,0.0,5.0,13.0,0,1,3
2415484c-2c8c-4cd5-b233-3b04114ddb89,Breeze,7.0,1.0,9.0,2.0,Bronze,3.0,130.071,1.0,2.0,1.0,11.0,1.0,0,1,3
1812eaff-5612-4cab-989f-8244965d6721,Split,17.0,20.0,18.0,11.0,Bronze,3.0,260.391,3.0,2.0,0.0,10.0,13.0,0,1,3
aeb153ca-e4bf-40fc-a452-d0b28b2a0a5b,Ascent,24.0,4.0,16.0,10.0,Bronze,3.0,300.167,6.0,3.0,1.0,13.0,11.0,1,1,3
95b07954-9a33-4232-85b0-b734c9c653df,Haven,21.0,8.0,20.0,5.0,Bronze,3.0,240.731,2.0,4.0,0.0,12.0,14.0,0,1,3
1fc00f17-036e-47b1-839b-68bca664c5b9,Summit,13.0,10.0,14.0,7.0,Bronze,3.0,238.211,5.0,1.0,1.0,13.0,6.0,1,1,3
0fb0449a-f0d2-4ac0-abac-e93405601e2f,Breeze,14.0,0.0,11.0,6.0,Bronze,3.0,167.444,1.0,0.0,1.0,13.0,5.0,1,1,3
9ab32c89-710a-4ceb-a4ae-2c1de86e8205,Summit,25.0,1.0,10.0,6.0,Bronze,3.0,355.632,5.0,0.0,2.0,13.0,6.0,1,1,3
14ecc691-5b6f-4159-8d8a-77da633b0501,Ascent,10.0,11.0,16.0,6.0,Bronze,3.0,169.15,2.0,2.0,0.0,7.0,13.0,0,1,3
66e23967-50d7-42cd-a471-6dca69341d78,Haven,14.0,8.0,17.0,9.0,Bronze,3.0,205.81,1.0,0.0,0.0,8.0,13.0,0,1,3
8110fd15-73c4-48dc-8b13-9b6c13fc68ec,Ascent,24.0,1.0,17.0,13.0,Bronze,3.0,261.25,5.0,4.0,1.0,13.0,11.0,1,1,3
e9b73e5e-139a-4eb1-940a-31abea4fb84e,Breeze,20.0,6.0,20.0,17.0,Silver,1.0,220.786,2.0,0.0,0.0,13.0,15.0,1,1,3
cc934f61-31fa-4221-bcb5-4bdb279531a4,Summit,17.0,2.0,9.0,7.0,Bronze,3.0,284.438,3.0,1.0,1.0,13.0,3.0,0,1,3
a49fd1e9-e17e-485d-9bed-b0310493f993,Lotus,28.0,9.0,15.0,14.0,Silver,1.0,352.043,2.0,4.0,1.0,13.0,10.0,0,1,3
c6d6ab43-30ec-467f-a2e0-0451efe00b88,Summit,16.0,5.0,17.0,5.0,Silver,1.0,208.818,4.0,0.0,0.0,9.0,13.0,0,1,3
ac478f50-e8f6-42dc-b246-09e79b9612ef,Ascent,6.0,7.0,14.0,4.0,Silver,1.0,95.526,1.0,1.0,0.0,6.0,13.0,1,1,3
83c40d40-76a3-4b71-877e-9aeb04e2e386,Haven,15.0,7.0,14.0,7.0,Silver,1.0,226.316,3.0,2.0,0.0,6.0,13.0,0,4,0
9672a4d3-91a7-4ebb-b2d4-541a16f74ac9,Ascent,11.0,3.0,12.0,6.0,Silver,1.0,183.944,2.0,1.0,0.0,5.0,10.0,0,4,0
106486af-4ee3-4636-8b51-0261d81bf11a,Breeze,28.0,3.0,19.0,17.0,Silver,1.0,284.357,6.0,5.0,2.0,14.0,14.0,0,0,4
6882f11e-f45e-48a7-85dd-5225512a7eb4,Breeze,21.0,9.0,14.0,5.0,Silver,1.0,338.421,3.0,1.0,1.0,13.0,6.0,1,0,4
60ecec97-45c2-4865-ac61-3dd7162b8343,Sunset,14.0,9.0,16.0,5.0,Silver,1.0,181.455,2.0,1.0,0.0,9.0,13.0,1,1,3
f319cfd3-36dd-4535-a203-74edb5784c2d,Summit,25.0,6.0,12.0,6.0,Silver,1.0,327.727,6.0,1.0,1.0,13.0,9.0,1,2,2
baf59be2-52d5-4680-9f7e-b5c5ff32bad0,Lotus,18.0,1.0,21.0,7.0,Silver,1.0,187.962,4.0,1.0,0.0,12.0,14.0,0,1,3
71ef8b26-f34c-4e69-a515-bb1591349489,Lotus,15.0,10.0,20.0,8.0,Silver,1.0,181.269,1.0,2.0,0.0,12.0,14.0,0,0,4
ebee0202-e6aa-4a4b-84e2-b9e14bfe57fc,Summit,15.0,0.0,13.0,11.0,Silver,1.0,174.952,2.0,3.0,1.0,13.0,8.0,0,0,4
1dce62e1-78c7-4715-8c32-55888d29a9ec,Ascent,14.0,3.0,12.0,5.0,Silver,1.0,163.0,1.0,3.0,1.0,13.0,11.0,1,2,2
6a0804bd-6037-4f30-986a-de7ffc2ead3a,Haven,16.0,5.0,15.0,11.0,Silver,1.0,174.391,0.0,2.0,1.0,13.0,10.0,0,0,4
663a005e-e122-4c56-9084-1ed508aa7b81,Split,12.0,14.0,16.0,9.0,Silver,1.0,197.1,2.0,4.0,0.0,7.0,13.0,0,0,4
f39cff46-c0a9-4388-8524-a3b7d823dcd7,Split,15.0,4.0,17.0,7.0,Silver,1.0,257.0,2.0,2.0,0.0,6.0,13.0,1,1,3
a99aa541-55fb-4919-8e2e-8754a5638fb0,Breeze,18.0,5.0,17.0,11.0,Silver,1.0,249.45,2.0,2.0,0.0,7.0,13.0,1,1,3
bba04ddd-92e8-4ae2-ae89-eb544bc1a4f6,Ascent,18.0,3.0,16.0,8.0,Silver,1.0,211.5,1.0,5.0,0.0,11.0,13.0,1,1,3
80db8550-630d-4838-b69a-5a8c6bddcf3a,Breeze,22.0,3.0,14.0,10.0,Silver,1.0,245.542,2.0,1.0,1.0,13.0,11.0,1,1,3
0057f9ec-55e6-4555-98b4-20dd37b55b6c,Haven,16.0,4.0,16.0,9.0,Unrated,,223.4,1.0,2.0,0.0,7.0,13.0,0,1,3
3e3b7c5b-da15-42a5-bd5d-32cd22a46126,Split,24.0,5.0,7.0,11.0,Silver,1.0,363.176,7.0,0.0,1.0,13.0,4.0,0,1,3
f8ed04dd-83bb-4ea7-9ea2-616f53c98cc9,Lotus,17.0,10.0,14.0,12.0,Silver,1.0,241.609,4.0,2.0,1.0,13.0,10.0,0,1,3
3ae52c41-707f-4c33-8a17-4d12a2231f09,Ascent,24.0,5.0,16.0,10.0,Silver,1.0,283.957,2.0,5.0,1.0,13.0,10.0,1,2,2
941714e1-203b-4feb-8afd-2d2e13e922b7,Lotus,26.0,7.0,19.0,9.0,Silver,1.0,238.429,2.0,4.0,2.0,15.0,13.0,1,2,2
e1761a89-a9ad-44d9-bc9e-5d2cfa9a266b,Abyss,17.0,7.0,16.0,9.0,Silver,2.0,289.263,2.0,2.0,0.0,6.0,13.0,1,4,0
62097f83-cde9-49ff-8560-8e0b80f2ee18,Haven,19.0,0.0,15.0,9.0,Silver,2.0,204.87,1.0,1.0,0.0,10.0,13.0,0,2,2
6887a0ef-25d5-4a5e-b98a-e1aa5be29e21,Lotus,13.0,5.0,18.0,4.0,Diamond,2.0,140.0,1.0,1.0,0.0,13.0,15.0,0,2,2
08e9a8bf-e669-4cc6-a99a-991b6abe792e,Breeze,3.0,2.0,2.0,3.0,Diamond,2.0,61.308,1.0,0.0,1.0,4.0,0.0,0,1,3
069e7c91-a60e-4bf8-9551-425765422de0,Lotus,10.0,7.0,14.0,8.0,Diamond,2.0,146.105,0.0,2.0,0.0,6.0,13.0,1,2,2
9a324d64-46a2-4ef9-897a-259957898a60,Haven,13.0,2.0,14.0,8.0,Diamond,2.0,181.65,2.0,4.0,0.0,7.0,13.0,0,3,1
5241ef39-25f1-49cf-b3c2-acd78b956505,Pearl,13.0,9.0,15.0,11.0,Diamond,2.0,221.278,1.0,2.0,0.0,5.0,13.0,1,2,2
26282bba-dbdf-471f-ae49-74f6c1718374,Breeze,16.0,2.0,15.0,10.0,Diamond,2.0,216.4,2.0,2.0,0.0,7.0,13.0,0,1,3
f330ccc4-f64f-4cf9-992f-97b85c1438b4,Fracture,13.0,7.0,13.0,8.0,Diamond,1.0,185.05,1.0,1.0,1.0,13.0,7.0,1,1,3
1cc6d180-fc6a-4e8b-989e-2b9cc6442d8b,Lotus,28.0,9.0,17.0,15.0,Diamond,2.0,320.846,2.0,0.0,0.0,12.0,14.0,0,3,1
547bf733-24a2-40fd-b9f3-3b9cbcdc3d25,Ascent,13.0,8.0,17.0,8.0,Diamond,2.0,173.696,1.0,2.0,1.0,13.0,10.0,0,3,1
54b235de-3ad0-44c1-970c-325c6c0cd59c,Pearl,22.0,6.0,9.0,11.0,Diamond,2.0,284.0,2.0,0.0,1.0,13.0,7.0,1,2,2
8c3eee17-e73c-4a9c-acc8-1f5411ff97c4,Lotus,8.0,4.0,18.0,7.0,Diamond,2.0,115.095,1.0,1.0,0.0,8.0,13.0,1,1,3
59214d17-7a5a-483d-b6d9-028cff5580b6,Pearl,3.0,13.0,17.0,3.0,Diamond,2.0,91.263,0.0,2.0,0.0,6.0,13.0,0,1,3
56db44d8-b584-44c3-8aac-b706f2b8972f,Haven,10.0,8.0,18.0,5.0,Diamond,1.0,146.238,0.0,1.0,0.0,8.0,13.0,0,1,3
0dbecad3-f4ec-4235-9489-5e3326be6a5a,Split,22.0,10.0,16.0,15.0,Diamond,1.0,280.478,1.0,0.0,1.0,13.0,10.0,1,1,3
88521f5b-6846-4878-bfae-1651f21ce44d,Haven,19.0,12.0,16.0,14.0,Diamond,1.0,230.435,1.0,0.0,0.0,10.0,13.0,0,1,3
84a2ba04-8797-4a3f-b4e9-7fb83e417609,Breeze,22.0,11.0,24.0,10.0,Diamond,1.0,233.767,2.0,3.0,0.0,15.0,15.0,0,1,3
d682793c-f41d-4a2a-bc8a-d91884b59d75,Ascent,13.0,7.0,21.0,8.0,Diamond,1.0,164.174,0.0,1.0,0.0,10.0,13.0,0,1,3
4ab02943-f55b-4f0c-85e4-83c950266fb7,Split,17.0,3.0,15.0,7.0,Unrated,,193.905,2.0,1.0,1.0,13.0,8.0,1,1,3
02269dfc-8c87-47aa-95bb-0d78bffa8321,Haven,16.0,8.0,16.0,12.0,Unrated,,216.524,0.0,2.0,0.0,8.0,13.0,0,2,2
40cc1c0a-d702-417d-a191-11dc04dea3fd,Haven,14.0,10.0,19.0,8.0,Unrated,,222.958,0.0,1.0,0.0,11.0,13.0,0,1,3
8742ba15-d744-43d0-892f-720cfc614a9c,Summit,18.0,5.0,19.0,9.0,Unrated,,220.522,0.0,2.0,1.0,13.0,10.0,1,1,3
f777f512-04f2-49a7-9aab-1b24caf08299,Ascent,4.0,2.0,17.0,3.0,Gold,3.0,67.333,0.0,3.0,0.0,5.0,13.0,0,1,3
eaab17ce-e067-4eaa-8401-09c9380187b9,Split,7.0,4.0,18.0,4.0,Gold,3.0,135.444,2.0,3.0,0.0,5.0,13.0,0,1,3
9a5eff18-82c3-4753-a92d-621331414c45,Sunset,32.0,7.0,17.0,16.0,Unrated,,342.808,4.0,0.0,0.0,12.0,14.0,1,1,3
10dc272e-7cb3-469f-aa2f-41ee0b66d32f,Split,8.0,2.0,14.0,5.0,Gold,3.0,138.375,0.0,0.0,0.0,3.0,13.0,0,1,3
d53611d1-dfc1-40f0-8a2f-197677a6fa25,Summit,18.0,7.0,15.0,16.0,Gold,3.0,275.1,1.0,1.0,1.0,13.0,7.0,1,1,3
185947aa-e505-48a0-8c57-63b5ea6cea13,Summit,7.0,2.0,15.0,6.0,Gold,3.0,74.783,0.0,0.0,0.0,10.0,13.0,1,0,4
d01e6670-564c-42de-83a4-2837775d0c91,Sunset,25.0,6.0,10.0,14.0,Gold,3.0,330.85,2.0,3.0,1.0,13.0,7.0,0,1,3
77dac6b4-e9d1-4524-bb88-0ea6fb35588a,Lotus,33.0,8.0,24.0,18.0,Gold,3.0,365.643,7.0,5.0,0.0,13.0,15.0,0,1,3
0a343fe4-d93a-44da-bd2f-ba91ee7fe0ee,Sunset,11.0,12.0,17.0,8.0,Gold,3.0,200.056,3.0,1.0,1.0,13.0,5.0,0,1,3
28df92f5-35f4-44d4-a430-7a5bb0a23e87,Ascent,12.0,2.0,16.0,7.0,Gold,3.0,157.542,0.0,2.0,0.0,11.0,13.0,1,1,3
24593432-5ec6-4989-aaa6-6ddc3786cb44,Haven,7.0,4.0,14.0,9.0,Gold,3.0,179.0,0.0,4.0,0.0,2.0,13.0,0,1,3
8cefd0c8-4ba3-4c46-b012-f910701cfbc6,Sunset,26.0,2.0,15.0,17.0,Gold,3.0,350.905,1.0,0.0,0.0,8.0,13.0,0,1,3
c3df0b23-157b-4993-9d8c-c5ef2b320f30,Breeze,13.0,8.0,19.0,10.0,Gold,3.0,194.5,2.0,3.0,1.0,13.0,9.0,0,1,3
b7f4be41-6657-4c6c-ac15-22a8a1826af1,Split,28.0,19.0,20.0,15.0,Gold,3.0,312.893,5.0,1.0,1.0,15.0,13.0,0,1,3
85b33e5f-66a8-4ed9-befd-f1e9b1128795,Lotus,16.0,5.0,12.0,13.0,Gold,3.0,303.267,3.0,2.0,2.0,13.0,2.0,0,1,3
0d53ff8e-81c9-4996-b784-aa112f181de3,Breeze,30.0,7.0,13.0,21.0,Gold,2.0,390.545,0.0,0.0,3.0,13.0,9.0,0,1,3
834aa334-9f41-4610-bb3f-6172d058cacf,Summit,18.0,4.0,16.0,8.0,Gold,3.0,277.05,3.0,2.0,0.0,7.0,13.0,1,1,3
d3dddfdd-96ee-4c31-b508-616d18f168b3,Ascent,18.0,7.0,17.0,14.0,Gold,3.0,240.571,1.0,2.0,0.0,8.0,13.0,0,1,3
1f0fb501-9f9a-4f65-9031-158180536785,Sunset,10.0,5.0,17.0,6.0,Gold,3.0,121.174,0.0,0.0,1.0,13.0,10.0,0,1,3
b975b625-1eb2-4732-a615-d6876d9bf5f3,Sunset,14.0,8.0,20.0,5.0,Gold,3.0,202.042,0.0,2.0,2.0,13.0,11.0,1,1,3
1077bc51-1c2c-4e00-8f99-7005ceffa31f,Ascent,19.0,4.0,18.0,18.0,Gold,3.0,200.462,3.0,3.0,0.0,12.0,14.0,0,1,3
d54fcd2e-01be-4180-8036-3aed979e0438,Lotus,11.0,3.0,17.0,9.0,Gold,3.0,169.211,1.0,4.0,0.0,6.0,13.0,0,1,3
17d6522a-533d-4f49-9f55-fac28246af95,Split,15.0,3.0,16.0,7.0,Gold,3.0,241.421,0.0,2.0,0.0,6.0,13.0,0,0,4
35b67058-967c-462c-a860-a87744a84eaa,Ascent,19.0,4.0,18.0,14.0,Gold,3.0,234.591,1.0,0.0,1.0,13.0,9.0,0,0,4
8078c944-1efd-4652-a90f-5bc34434e567,Split,13.0,9.0,17.0,10.0,Gold,3.0,195.652,2.0,2.0,0.0,10.0,13.0,1,0,4
0a42a355-7869-47d4-b8ea-da80d9b9e34e,Summit,24.0,9.0,16.0,7.0,Gold,3.0,271.333,0.0,1.0,0.0,11.0,13.0,0,2,2
a6b5e84e-ba29-4faf-a32a-e229c1bd8b36,Summit,21.0,8.0,14.0,7.0,Gold,3.0,265.455,0.0,1.0,1.0,13.0,9.0,1,1,3
fba97a27-3be3-4def-ba8d-a560e9a84952,Sunset,21.0,4.0,18.0,11.0,Gold,3.0,316.524,4.0,2.0,2.0,13.0,8.0,0,1,3
2f41c81c-e9c1-4a0c-9727-05a48c1b9e82,Haven,13.0,3.0,17.0,9.0,Gold,3.0,166.174,0.0,1.0,0.0,10.0,13.0,0,2,2
aa941533-cb70-40ac-b6b2-52568cf4a485,Split,17.0,2.0,15.0,13.0,Gold,3.0,301.389,0.0,2.0,0.0,5.0,13.0,1,2,2
961c9df8-36a9-44f5-8700-317fa81c2b31,Split,24.0,6.0,12.0,11.0,Gold,3.0,372.167,3.0,1.0,1.0,13.0,5.0,1,1,3
132db2cd-1e34-4cac-baa8-3bce93daf1f0,Lotus,10.0,1.0,16.0,5.0,Gold,3.0,182.294,3.0,2.0,0.0,4.0,13.0,1,2,2
fd873def-23b4-4c55-a1f4-5c279096526a,Breeze,6.0,6.0,14.0,4.0,Gold,3.0,170.5,1.0,2.0,0.0,1.0,13.0,0,2,2
b450eada-eca2-4ecf-b2a6-da91192ff455,Summit,11.0,5.0,19.0,7.0,Gold,3.0,201.3,1.0,5.0,0.0,7.0,13.0,0,2,2
00a031dc-daec-4217-a4ba-2dc55b1e1097,Sunset,19.0,3.0,10.0,7.0,Gold,3.0,265.412,2.0,1.0,1.0,13.0,4.0,0,2,2
212ff55a-b708-4c68-b7bd-3f3de124999e,Ascent,7.0,10.0,9.0,2.0,Gold,3.0,115.062,1.0,0.0,1.0,13.0,3.0,0,1,3
a4aaa55c-9170-4d46-b912-6446ecb4c297,Summit,12.0,6.0,13.0,9.0,Gold,3.0,220.059,2.0,1.0,2.0,13.0,4.0,0,1,3
8965199f-6b10-48f5-b659-63bc9c0f2d3c,Ascent,14.0,3.0,13.0,7.0,Gold,3.0,189.789,3.0,5.0,3.0,13.0,6.0,0,1,3
d68e659f-7889-426e-8cc6-473959c5fb19,Sunset,16.0,4.0,18.0,11.0,Gold,3.0,208.391,1.0,3.0,0.0,10.0,13.0,0,1,3
c25c4c41-6484-4c40-804a-73e79092c452,Haven,17.0,10.0,17.0,8.0,Gold,3.0,216.409,1.0,2.0,0.0,9.0,13.0,1,2,2
31d8c7ab-9fa5-4f2f-839b-91821c07670a,Sunset,22.0,7.0,16.0,14.0,Gold,3.0,242.542,0.0,3.0,1.0,13.0,11.0,0,1,3
5eff7926-9ea4-4b80-8556-d79ee4ef67fd,Split,24.0,10.0,13.0,13.0,Platinum,1.0,264.083,2.0,0.0,0.0,11.0,13.0,0,2,2
b887b436-6ccc-4e71-ba33-e7d682909d61,Breeze,23.0,4.0,14.0,12.0,Gold,3.0,305.143,2.0,3.0,1.0,13.0,8.0,0,2,2
9f77448f-c6f8-4019-bbf1-f634abd79a82,Split,14.0,2.0,12.0,11.0,Gold,3.0,211.9,2.0,5.0,2.0,13.0,7.0,0,2,2
ecddf0a8-fd25-4fa2-8fe7-8eced9d19e1f,Lotus,24.0,1.0,15.0,11.0,Platinum,1.0,294.136,1.0,2.0,0.0,9.0,13.0,1,2,2
05a24602-192c-49a6-a15a-f5043188ed20,Haven,18.0,4.0,12.0,12.0,Platinum,1.0,240.421,3.0,4.0,1.0,13.0,6.0,0,2,2
deb3e481-ed1f-4aa3-a8f4-32016a52c521,Sunset,21.0,6.0,14.0,11.0,Platinum,1.0,243.13,1.0,0.0,2.0,13.0,10.0,0,2,2
69bad123-bb52-4349-8e26-c213381a7be0,Lotus,18.0,8.0,14.0,15.0,Platinum,1.0,258.087,0.0,3.0,3.0,13.0,10.0,0,1,3
8f38a178-d5fa-4e59-bc08-0e3f63dd0ca4,Ascent,9.0,8.0,21.0,9.0,Platinum,1.0,145.478,1.0,1.0,0.0,10.0,13.0,1,2,2
bc221bb6-861e-4b4b-b77f-57c1db99f866,Haven,12.0,10.0,19.0,7.0,Platinum,1.0,125.933,0.0,2.0,1.0,16.0,14.0,1,1,3
d75539f6-5196-4847-b540-fbc06a273786,Breeze,13.0,3.0,16.0,6.0,Platinum,1.0,181.238,3.0,1.0,0.0,8.0,13.0,0,1,3
86a8d95d-2e46-4f5f-bbc5-e707899fddb7,Ascent,12.0,11.0,15.0,11.0,Platinum,1.0,209.5,0.0,2.0,0.0,7.0,13.0,0,2,2
824dd921-cfca-4db7-a8f3-aa67ace2ed82,Haven,17.0,7.0,21.0,10.0,Platinum,1.0,195.321,2.0,5.0,0.0,13.0,15.0,1,2,2
25b494a0-c598-447b-a25b-f682b1a8bb40,Sunset,19.0,9.0,21.0,9.0,Platinum,1.0,205.357,2.0,0.0,0.0,13.0,15.0,0,2,2
80833f99-a990-4d65-a828-8d1c1aade23b,Breeze,21.0,9.0,16.0,12.0,Platinum,1.0,255.818,1.0,0.0,0.0,9.0,13.0,0,2,2
848ca95b-57e8-4e39-b29c-6be59e37d4a6,Summit,17.0,10.0,19.0,12.0,Platinum,1.0,212.583,3.0,2.0,0.0,11.0,13.0,0,1,3
ce18f954-d549-4c9f-8288-e72c12ab96e6,Lotus,13.0,8.0,15.0,9.0,Gold,3.0,159.417,1.0,2.0,0.0,11.0,13.0,1,2,2
ad472d33-aff5-438a-bcf6-cd5c2faf4b4a,Haven,16.0,3.0,12.0,4.0,Gold,3.0,208.143,2.0,2.0,0.0,8.0,13.0,0,1,3
b093986f-f079-4ad5-93c1-0657881c291b,Split,13.0,5.0,18.0,7.0,Gold,3.0,182.9,1.0,4.0,0.0,7.0,13.0,0,1,3
7496cbe4-a3c7-421f-8aeb-c55bd437a6eb,Sunset,24.0,4.0,24.0,17.0,Gold,3.0,212.438,3.0,3.0,0.0,15.0,17.0,1,1,3
ef3f5f9d-09de-4791-bad4-0bcf271df6a4,Haven,8.0,8.0,18.0,6.0,Gold,3.0,160.7,0.0,2.0,0.0,7.0,13.0,0,2,2
37df8c40-38ee-4fb0-b5b9-7b25ba1db6b2,Breeze,8.0,6.0,15.0,5.0,Gold,3.0,132.167,1.0,1.0,0.0,5.0,13.0,1,1,3
e715c244-ddc2-434c-8433-cb69d24dc18a,Lotus,10.0,6.0,11.0,8.0,Gold,2.0,164.941,0.0,2.0,3.0,13.0,4.0,0,3,1
bd2c8ab2-2b4a-4405-9ca1-65aefc8a67c7,Sunset,17.0,4.0,16.0,18.0,Gold,2.0,249.429,2.0,1.0,0.0,8.0,13.0,0,2,2
d16795a8-195d-408f-99e5-34ce4d2c01e2,Split,19.0,16.0,21.0,11.0,Gold,3.0,205.0,1.0,1.0,1.0,15.0,13.0,0,2,2
312f706f-4ac6-4ec6-b169-06c63c5a02fa,Haven,23.0,5.0,14.0,13.0,Gold,2.0,271.909,2.0,0.0,2.0,13.0,9.0,0,2,2
30d5882c-6bcf-49d9-812d-6ec3bb62cd5f,Split,17.0,14.0,15.0,9.0,Gold,2.0,235.667,1.0,2.0,3.0,13.0,8.0,0,1,3
a369e565-c9ae-469b-84fb-b0a10ac99818,Summit,19.0,4.0,16.0,8.0,Gold,3.0,300.105,2.0,1.0,0.0,6.0,13.0,0,1,3
162bb4a5-3a47-49a3-956b-141a2e6c1e9a,Lotus,16.0,4.0,16.0,9.0,Gold,3.0,204.0,1.0,2.0,1.0,13.0,9.0,0,2,2
0984862d-beb5-47e5-93d1-c67b8809044c,Summit,11.0,3.0,20.0,7.0,Gold,3.0,139.304,3.0,3.0,0.0,10.0,13.0,1,1,3
cccdc282-16f6-450d-9abd-2c714909b58c,Split,1.0,0.0,13.0,1.0,Gold,3.0,39.643,0.0,1.0,0.0,1.0,12.0,0,2,2
f88252f2-b0ca-4fbe-9405-6d42268f389d,Lotus,20.0,5.0,22.0,13.0,Gold,3.0,212.615,0.0,2.0,1.0,14.0,12.0,0,2,2
56dc68b0-4e3c-4168-9422-99c5e2de9d00,Ascent,10.0,7.0,16.0,4.0,Gold,3.0,140.55,0.0,1.0,0.0,7.0,13.0,1,0,4
ffc8cb9f-2bcc-4c1f-be70-18cd9b4384c3,Lotus,14.0,3.0,18.0,5.0,Gold,3.0,171.5,0.0,1.0,0.0,9.0,13.0,0,1,3
8d405d69-ce76-4e87-aa41-849583a1feb8,Ascent,18.0,9.0,17.0,12.0,Gold,3.0,235.5,2.0,2.0,1.0,13.0,11.0,0,1,3
b706fb81-3fe0-49db-9ea2-54392e71a452,Split,24.0,5.0,18.0,18.0,Gold,3.0,330.955,1.0,1.0,0.0,9.0,13.0,0,1,3
b90fe57a-e3ea-4a31-8691-db9a375d9d94,Sunset,12.0,4.0,5.0,8.0,Gold,3.0,227.071,0.0,1.0,1.0,13.0,1.0,0,2,2
62ac08fc-12cb-4d04-bb65-7e6bb76820b5,Sunset,13.0,6.0,18.0,8.0,Unrated,,156.125,1.0,0.0,0.0,11.0,13.0,0,1,3
c5fc8be7-c3ae-4342-bcfa-6ad8e6364ce6,Abyss,13.0,6.0,12.0,3.0,Gold,3.0,152.263,3.0,2.0,1.0,13.0,6.0,0,1,3
8627ef1c-6072-4727-a764-dd9ad32aa71b,Ascent,17.0,2.0,17.0,14.0,Gold,3.0,205.087,2.0,2.0,1.0,13.0,10.0,1,1,3
dbc18550-cc27-4d88-8b66-5b5374dfb9ee,Haven,16.0,10.0,20.0,9.0,Bronze,1.0,163.536,1.0,3.0,1.0,15.0,13.0,1,1,3
15c9f11b-4d35-4eb0-aa95-cf45421428bc,Split,10.0,6.0,14.0,5.0,Bronze,1.0,142.7,1.0,2.0,1.0,13.0,7.0,1,4,0
00d24683-4c86-4883-b61c-3cff43ce0d5d,Summit,11.0,3.0,17.0,6.0,Bronze,1.0,166.238,1.0,0.0,0.0,8.0,13.0,0,3,1
f8d344c0-20b0-4b2d-a9ab-241f28ca4c71,Breeze,2.0,1.0,5.0,2.0,Bronze,1.0,58.538,0.0,1.0,0.0,0.0,5.0,0,3,1
96c3d835-41b6-42a9-a300-d529425b09cd,Ascent,8.0,4.0,18.0,6.0,Bronze,1.0,138.737,0.0,2.0,0.0,6.0,13.0,0,4,0
2abfe2f9-87a1-492d-a6bc-b2da7101f829,Breeze,7.0,7.0,18.0,2.0,Bronze,1.0,117.75,1.0,1.0,0.0,7.0,13.0,0,4,0
ced664a5-45c2-4c3f-bcdc-3cb3961d8e27,Sunset,0.0,0.0,5.0,0.0,Bronze,1.0,20.077,0.0,1.0,0.0,0.0,5.0,0,4,0
c360fb51-e2d7-4a8c-b012-bf2df25f582a,Haven,9.0,3.0,15.0,8.0,Bronze,1.0,131.857,1.0,2.0,0.0,8.0,13.0,1,4,0
f93e046d-614f-445f-a2ba-373a4d310515,Ascent,6.0,6.0,14.0,1.0,Bronze,1.0,87.409,0.0,0.0,1.0,13.0,9.0,1,4,0
9db2d4ee-52c1-4dc1-8a44-4b6b4d928869,Split,13.0,5.0,17.0,6.0,Bronze,1.0,143.769,0.0,0.0,2.0,14.0,12.0,1,4,0
49bf6e22-525d-4241-b8a0-f1d4377cf84f,Haven,11.0,5.0,17.0,4.0,Bronze,1.0,144.773,0.0,0.0,1.0,13.0,9.0,1,4,0
65dc72c1-8469-47f7-95d4-96bc92b58058,Breeze,5.0,6.0,11.0,4.0,Bronze,1.0,95.444,0.0,1.0,1.0,13.0,5.0,0,1,3
29cebccb-bb8e-48b3-9383-5a6ff1ae389e,Breeze,9.0,3.0,11.0,6.0,Bronze,1.0,150.471,2.0,2.0,1.0,13.0,4.0,0,4,0
a3431873-897c-4c62-ac29-f007ce101ad0,Ascent,7.0,6.0,18.0,6.0,Bronze,1.0,102.3,1.0,1.0,0.0,7.0,13.0,0,4,0
270bde2b-4db8-45ea-9d10-dcdfdab36f21,Summit,11.0,8.0,11.0,5.0,Bronze,1.0,204.062,0.0,1.0,1.0,13.0,3.0,1,4,0
4bd481fe-0978-4a6d-82cf-276198608c4d,Summit,6.0,9.0,5.0,3.0,Bronze,1.0,146.533,1.0,1.0,3.0,13.0,2.0,1,1,3
37200c8b-8875-4448-ad53-d62bbc84976f,Lotus,7.0,6.0,14.0,7.0,Bronze,1.0,169.375,1.0,5.0,0.0,3.0,13.0,0,1,3
74f636fd-184b-4477-9283-66f02f2bed08,Split,8.0,11.0,24.0,4.0,Bronze,1.0,111.429,0.0,2.0,0.0,13.0,15.0,1,1,3
7b8535aa-9694-4788-afb8-6a8b2132cd60,Ascent,9.0,5.0,10.0,7.0,Bronze,1.0,144.118,0.0,1.0,1.0,13.0,4.0,0,4,0
410a9ab9-d933-453c-9d5f-2f328c75418b,Ascent,4.0,10.0,17.0,6.0,Bronze,1.0,88.524,0.0,0.0,1.0,13.0,8.0,0,2,2
b2e0d16a-6765-4459-bfa1-ae681d2d2d6a,Breeze,8.0,7.0,18.0,6.0,Bronze,1.0,114.167,0.0,2.0,0.0,11.0,13.0,1,2,2
26559ed8-023d-4f96-9eca-fdfa2f1865d6,Sunset,13.0,6.0,19.0,12.0,Bronze,1.0,164.708,1.0,0.0,0.0,11.0,13.0,1,2,2
0b11099e-2791-4319-9fe3-dea509eeff31,Split,7.0,2.0,15.0,9.0,Bronze,1.0,99.421,0.0,2.0,0.0,6.0,13.0,1,2,2
f22b17ba-186c-486c-b300-f511d9451c4b,Sunset,11.0,4.0,10.0,8.0,Bronze,1.0,166.789,0.0,0.0,1.0,13.0,6.0,1,2,2
23bf9427-d97e-4050-ab86-9a44a18e6578,Split,16.0,2.0,17.0,9.0,Bronze,1.0,177.333,0.0,2.0,0.0,11.0,13.0,1,2,2
83c40d40-76a3-4b71-877e-9aeb04e2e386,Haven,11.0,5.0,15.0,6.0,Bronze,1.0,156.632,2.0,1.0,0.0,6.0,13.0,0,4,0
9672a4d3-91a7-4ebb-b2d4-541a16f74ac9,Ascent,6.0,3.0,12.0,5.0,Bronze,1.0,107.667,0.0,2.0,0.0,5.0,10.0,0,4,0
40eac06c-89b5-408d-893c-277ede158430,Split,11.0,3.0,23.0,3.0,Bronze,1.0,117.5,4.0,2.0,3.0,14.0,12.0,0,2,2
b00e90e1-7b25-4bac-9112-9efcdf8d0fe6,Abyss,12.0,8.0,13.0,4.0,Unrated,,144.905,1.0,3.0,1.0,13.0,8.0,0,2,2
e5a62072-25e2-468e-bcda-448d910e2341,Ascent,10.0,8.0,17.0,8.0,Bronze,1.0,149.727,2.0,2.0,1.0,13.0,9.0,0,1,3
d30299de-a88f-4288-9d9a-5efd23543009,Split,9.0,5.0,18.0,5.0,Bronze,1.0,86.5,0.0,1.0,0.0,12.0,14.0,1,1,3
0ec0f61a-b33c-4f21-ae3a-47e0129057be,Haven,10.0,5.0,16.0,6.0,Bronze,1.0,135.909,2.0,0.0,0.0,9.0,13.0,0,1,3
11941135-f687-43b1-967b-144499b39713,Sunset,11.0,4.0,24.0,8.0,Bronze,1.0,131.179,1.0,0.0,0.0,14.0,14.0,1,2,2
d7965452-51c0-4a7e-93d1-e38be6393e7e,Lotus,11.0,3.0,15.0,7.0,Bronze,1.0,161.368,2.0,0.0,0.0,6.0,13.0,0,2,2
593b2f9e-61ed-4227-8b92-c7bc334493ba,Summit,11.0,9.0,20.0,6.0,Bronze,1.0,131.923,1.0,1.0,1.0,14.0,12.0,0,2,2
492ffba2-951b-4036-83e1-1204b2ae5b8c,Split,12.0,5.0,15.0,7.0,Bronze,1.0,148.476,1.0,1.0,0.0,8.0,13.0,1,2,2
dd2950d8-0913-44e5-ab0d-3e883a479f78,Summit,14.0,5.0,17.0,8.0,Bronze,1.0,200.364,2.0,2.0,2.0,13.0,9.0,1,4,0
7dbef0f8-687f-40ab-b2c0-f10e4263a7c5,Abyss,12.0,7.0,15.0,7.0,Bronze,1.0,147.87,0.0,3.0,0.0,10.0,13.0,1,4,0
1dbd2787-150c-4d14-bfca-e549eab1ffe7,Sunset,11.0,7.0,16.0,6.0,Bronze,1.0,150.826,1.0,4.0,1.0,13.0,10.0,0,2,2
7f0d00af-a1d2-4519-9aea-1889ec5b0e65,Lotus,7.0,3.0,18.0,3.0,Bronze,1.0,96.45,1.0,0.0,0.0,7.0,13.0,0,2,2
f63aa389-0057-41ed-ab36-a1625597c462,Abyss,9.0,14.0,12.0,4.0,Bronze,1.0,127.0,1.0,1.0,1.0,13.0,9.0,1,2,2
26b63120-551b-44d7-9c16-7f844a2c2eaa,Summit,10.0,4.0,9.0,7.0,Bronze,1.0,158.176,1.0,0.0,1.0,13.0,4.0,1,1,3
4e781147-441a-401e-8ea9-66c26694ba9f,Haven,7.0,4.0,17.0,4.0,Bronze,1.0,113.211,0.0,3.0,0.0,6.0,13.0,1,1,3
6f4d1b27-3f2d-4670-af14-c74a8f9499c1,Sunset,12.0,6.0,15.0,8.0,Bronze,1.0,155.417,1.0,1.0,1.0,13.0,11.0,0,2,2
941714e1-203b-4feb-8afd-2d2e13e922b7,Lotus,14.0,9.0,19.0,9.0,Bronze,1.0,152.429,0.0,2.0,2.0,15.0,13.0,1,2,2
df247ca0-e064-4f6b-95cd-5b8e9586afb7,Ascent,10.0,13.0,21.0,6.0,Bronze,1.0,113.75,0.0,3.0,2.0,14.0,14.0,0,1,3
97840bc0-b466-4ae8-bddc-0baf2e673017,Summit,10.0,5.0,18.0,7.0,Bronze,1.0,168.6,1.0,3.0,0.0,7.0,13.0,1,2,2
394d6231-e7cd-4e51-898b-8c15ad99e711,Ascent,21.0,5.0,14.0,10.0,Bronze,1.0,239.182,4.0,0.0,1.0,13.0,9.0,0,2,2
e1761a89-a9ad-44d9-bc9e-5d2cfa9a266b,Abyss,3.0,4.0,15.0,7.0,Bronze,1.0,88.0,0.0,0.0,0.0,6.0,13.0,1,4,0
6b41ba6b-a035-4c98-9daf-5be76ebc9b88,Sunset,8.0,4.0,11.0,4.0,Bronze,1.0,152.4,2.0,0.0,0.0,2.0,10.0,1,2,2
b90fe57a-e3ea-4a31-8691-db9a375d9d94,Sunset,18.0,5.0,8.0,12.0,Platinum,2.0,345.143,4.0,2.0,1.0,13.0,1.0,0,4,0
62ac08fc-12cb-4d04-bb65-7e6bb76820b5,Sunset,18.0,4.0,15.0,12.0,Unrated,,217.125,3.0,1.0,0.0,11.0,13.0,1,4,0
ffc8cb9f-2bcc-4c1f-be70-18cd9b4384c3,Lotus,11.0,2.0,18.0,7.0,Platinum,2.0,149.727,4.0,4.0,0.0,9.0,13.0,0,1,3
8d405d69-ce76-4e87-aa41-849583a1feb8,Ascent,22.0,3.0,18.0,20.0,Platinum,2.0,262.792,3.0,4.0,1.0,13.0,11.0,0,1,3
b706fb81-3fe0-49db-9ea2-54392e71a452,Split,16.0,7.0,18.0,13.0,Platinum,2.0,238.0,3.0,2.0,0.0,9.0,13.0,1,1,3
8627ef1c-6072-4727-a764-dd9ad32aa71b,Ascent,26.0,2.0,15.0,18.0,Platinum,2.0,313.913,7.0,5.0,1.0,13.0,10.0,0,1,3
4f24a1b0-f77f-42b2-9baf-d7a29ea475e0,Summit,10.0,6.0,18.0,9.0,Gold,3.0,139.909,1.0,5.0,0.0,9.0,13.0,0,0,4
9c8e52da-5d68-4f1a-977b-47c013250810,Sunset,14.0,8.0,21.0,10.0,Gold,3.0,186.333,1.0,6.0,0.0,11.0,13.0,1,0,4
808240c5-8466-4ff5-9635-17b52d48e4ad,Ascent,10.0,2.0,15.0,9.0,Gold,3.0,129.81,2.0,1.0,1.0,13.0,8.0,1,0,4
17dc867f-55d8-4aee-a8f8-ac083691202c,Sunset,19.0,12.0,24.0,12.0,Gold,3.0,212.5,2.0,3.0,1.0,14.0,14.0,0,0,4
81c948f2-6178-4731-b279-a0c4be973506,Summit,15.0,4.0,19.0,10.0,Gold,3.0,176.217,1.0,1.0,0.0,10.0,13.0,0,0,4
0c86aa78-db26-4fe6-947f-14f11d682fe7,Ascent,13.0,5.0,17.0,9.0,Gold,3.0,162.81,0.0,1.0,1.0,13.0,8.0,1,0,4
f449aa80-3150-4ecb-938c-75943f91ed02,Lotus,19.0,4.0,14.0,14.0,Gold,3.0,250.75,2.0,2.0,2.0,13.0,7.0,1,0,4
dd1c9b23-c0a8-472b-8828-20e130474d56,Haven,12.0,6.0,23.0,9.0,Gold,3.0,142.958,2.0,4.0,0.0,11.0,13.0,1,0,4
8935ba15-90bc-43e0-94aa-c9dddf2854f3,Sunset,8.0,3.0,15.0,5.0,Gold,3.0,159.625,0.0,3.0,0.0,3.0,13.0,1,0,4
476b14f2-6e5e-45a0-a85c-a7c5988e314d,Sunset,19.0,1.0,17.0,15.0,Gold,3.0,273.6,1.0,4.0,0.0,7.0,13.0,1,1,3
3ee930db-0b6c-40e1-9eec-008092727d3b,Haven,8.0,3.0,17.0,8.0,Gold,3.0,130.55,0.0,2.0,0.0,7.0,13.0,1,1,3
5a2ba782-dfc0-4df0-915e-72ca562b9dfa,Lotus,6.0,3.0,16.0,3.0,Silver,2.0,107.579,0.0,2.0,0.0,6.0,13.0,1,1,3
278688f9-b6df-45e3-b71e-c37895af4c1e,Summit,17.0,3.0,18.0,11.0,Silver,2.0,219.091,1.0,5.0,0.0,9.0,13.0,0,1,3
d138a8fd-b9df-4924-9d97-e2a7ad536656,Haven,15.0,5.0,14.0,10.0,Silver,1.0,252.222,4.0,5.0,1.0,13.0,5.0,0,1,3
1a6e4c49-9117-4bc7-a2e6-2849e6fe52cd,Split,22.0,4.0,22.0,13.0,Silver,2.0,266.0,6.0,3.0,0.0,11.0,13.0,1,1,3
1167ebff-ba66-413c-8b54-5bce3d4e5869,Ascent,6.0,4.0,14.0,5.0,Silver,2.0,146.333,1.0,5.0,0.0,2.0,13.0,0,1,3
40eac06c-89b5-408d-893c-277ede158430,Split,30.0,8.0,20.0,10.0,Silver,3.0,324.269,5.0,2.0,3.0,14.0,12.0,0,2,2
bcd3b7d8-741e-48e5-ada1-b56a5dc06ad6,Breeze,9.0,1.0,20.0,4.0,Silver,3.0,136.6,3.0,1.0,0.0,7.0,13.0,1,0,4
87c87918-a588-409c-9f74-1ac710af8284,Haven,6.0,3.0,15.0,1.0,Silver,3.0,100.0,0.0,3.0,0.0,3.0,11.0,1,0,4
e5a62072-25e2-468e-bcda-448d910e2341,Ascent,27.0,2.0,11.0,11.0,Silver,3.0,348.682,7.0,2.0,1.0,13.0,9.0,0,1,3
d30299de-a88f-4288-9d9a-5efd23543009,Split,30.0,10.0,21.0,24.0,Silver,3.0,369.346,4.0,4.0,0.0,12.0,14.0,0,1,3
0ec0f61a-b33c-4f21-ae3a-47e0129057be,Haven,26.0,6.0,15.0,18.0,Unrated,,342.682,3.0,1.0,0.0,9.0,13.0,0,1,3
11941135-f687-43b1-967b-144499b39713,Sunset,39.0,5.0,21.0,24.0,Silver,3.0,394.786,5.0,4.0,0.0,14.0,14.0,0,2,2
d7965452-51c0-4a7e-93d1-e38be6393e7e,Lotus,18.0,6.0,15.0,13.0,Silver,3.0,285.947,2.0,4.0,0.0,6.0,13.0,0,2,2
593b2f9e-61ed-4227-8b92-c7bc334493ba,Summit,30.0,13.0,18.0,18.0,Silver,3.0,337.462,4.0,1.0,1.0,14.0,12.0,0,2,2
492ffba2-951b-4036-83e1-1204b2ae5b8c,Split,23.0,5.0,16.0,15.0,Silver,3.0,333.857,2.0,3.0,0.0,8.0,13.0,0,2,2
1dbd2787-150c-4d14-bfca-e549eab1ffe7,Sunset,28.0,5.0,12.0,15.0,Silver,3.0,345.0,4.0,2.0,1.0,13.0,10.0,1,2,2
7f0d00af-a1d2-4519-9aea-1889ec5b0e65,Lotus,21.0,4.0,16.0,17.0,Silver,3.0,323.55,5.0,2.0,0.0,7.0,13.0,0,2,2
f63aa389-0057-41ed-ab36-a1625597c462,Abyss,26.0,7.0,15.0,12.0,Silver,3.0,338.955,3.0,1.0,1.0,13.0,9.0,0,2,2
6b41ba6b-a035-4c98-9daf-5be76ebc9b88,Sunset,12.0,5.0,11.0,8.0,Silver,3.0,252.667,2.0,3.0,0.0,2.0,10.0,0,2,2
92359503-8735-417f-830c-98dd3f100f6b,Split,6.0,4.0,14.0,6.0,Bronze,2.0,119.0,0.0,1.0,0.0,3.0,13.0,1,0,4
3c687180-0d87-4bd8-9246-93fc5d84851f,Abyss,10.0,3.0,7.0,2.0,Bronze,2.0,165.0,1.0,1.0,1.0,10.0,3.0,1,0,4
242a9055-9c98-4874-bfbd-12a22e64abdf,Haven,12.0,6.0,17.0,15.0,Bronze,2.0,166.435,0.0,0.0,0.0,10.0,13.0,1,0,4
f5b0eb24-edbe-4ac3-9941-0430a6f152aa,Sunset,14.0,9.0,21.0,14.0,Bronze,2.0,174.391,0.0,5.0,0.0,10.0,13.0,1,0,4
21a2e03c-dc7a-4776-a400-54299e095d86,Split,12.0,5.0,13.0,11.0,Unrated,,198.111,4.0,1.0,1.0,13.0,5.0,1,0,4
757d8158-3300-46b2-84d7-d03deefc198c,Sunset,5.0,1.0,15.0,2.0,Bronze,2.0,98.25,1.0,4.0,0.0,3.0,13.0,0,0,4
b25a327c-55cb-4051-bd29-97d15268d36a,Summit,14.0,10.0,23.0,10.0,Bronze,2.0,187.5,4.0,4.0,0.0,12.0,14.0,1,0,4
46e4d085-1b6f-4c68-b351-5edff9737cf4,Sunset,8.0,3.0,7.0,4.0,Bronze,2.0,143.5,1.0,3.0,1.0,10.0,3.0,1,0,4
0a30c35f-586f-48e7-b100-5e9e200aa8d2,Summit,14.0,3.0,16.0,8.0,Bronze,2.0,168.125,1.0,4.0,2.0,13.0,11.0,0,0,4
5039e1fa-c50b-416a-a703-5c2199c3f771,Abyss,14.0,7.0,16.0,9.0,Bronze,2.0,195.273,1.0,1.0,0.0,9.0,13.0,1,0,4
8e42f58b-c82b-43dc-86cc-2f7cfc29c3fd,Abyss,11.0,5.0,20.0,25.0,Bronze,1.0,189.895,2.0,5.0,0.0,6.0,13.0,1,0,4
120c74e7-f5b8-40dc-adf6-fe43a7a0265b,Summit,14.0,5.0,6.0,21.0,Bronze,1.0,289.4,2.0,0.0,1.0,10.0,2.0,1,0,4
8603c734-a291-42c4-ade9-87c4386c001e,Haven,18.0,2.0,8.0,12.0,Bronze,1.0,326.071,3.0,1.0,2.0,13.0,1.0,1,0,4
0f7e4124-4bff-4e0a-9c05-0f183701f116,Ascent,10.0,5.0,13.0,8.0,Bronze,1.0,220.857,1.0,0.0,0.0,1.0,13.0,1,0,4
a7f3c7fd-4970-40e3-90e0-8a7b92fb4187,Summit,28.0,3.0,15.0,26.0,Bronze,1.0,340.591,2.0,1.0,0.0,9.0,13.0,1,0,4
e58457f7-6737-44b6-832b-3ae395c02480,Abyss,10.0,13.0,19.0,12.0,Bronze,1.0,183.7,2.0,4.0,0.0,7.0,13.0,1,0,4
bfc22360-8735-4372-8566-2da102a604ba,Haven,16.0,7.0,14.0,13.0,Bronze,1.0,245.368,4.0,2.0,1.0,13.0,6.0,1,0,4
9f182a43-ab64-4023-9f66-13c882cd109e,Split,19.0,6.0,20.0,11.0,Bronze,1.0,226.909,1.0,1.0,0.0,9.0,13.0,1,0,4
b769f4b6-7a75-4411-a53d-241f9e40b7fe,Haven,21.0,7.0,13.0,12.0,Bronze,1.0,322.263,4.0,0.0,1.0,13.0,6.0,1,0,4
221e6d54-35ca-4524-8aaf-0fb9e8494d99,Ascent,17.0,14.0,18.0,17.0,Bronze,1.0,236.636,4.0,2.0,0.0,9.0,13.0,1,0,4
004a1b36-3e06-462d-ac37-23567b5ed644,Summit,16.0,3.0,12.0,15.0,Bronze,2.0,256.941,4.0,2.0,1.0,13.0,4.0,1,0,4
6c31c067-9e3f-43e8-9df0-2988d16bfb68,Lotus,21.0,10.0,17.0,20.0,Bronze,1.0,280.0,5.0,3.0,2.0,13.0,11.0,1,0,4
83711def-626f-42a0-b411-ac45e3cc6a22,Abyss,14.0,6.0,10.0,11.0,Bronze,1.0,237.722,5.0,3.0,3.0,13.0,5.0,1,0,4
3e24a479-5ab3-49a0-a365-3f0bd5b75c12,Split,18.0,5.0,14.0,23.0,Bronze,1.0,256.3,4.0,2.0,4.0,13.0,7.0,1,0,4
21256001-9e5f-4871-a548-ae94aec12546,Summit,11.0,5.0,15.0,12.0,Bronze,1.0,189.667,3.0,3.0,0.0,5.0,13.0,1,0,4
5f3e815a-ca3c-455c-93dd-89d484f389d7,Haven,12.0,5.0,14.0,16.0,Bronze,2.0,253.438,5.0,0.0,0.0,3.0,13.0,1,0,4
45c32d51-c283-495a-8a39-d401c5ae0cd6,Abyss,20.0,5.0,15.0,26.0,Bronze,2.0,254.478,5.0,3.0,0.0,10.0,13.0,1,0,4
ecd456af-b63c-4d82-83c1-e3a51a584e05,Summit,24.0,6.0,20.0,27.0,Bronze,2.0,264.538,4.0,1.0,0.0,12.0,14.0,1,0,4
69ead6e4-a745-43fe-806a-77db521db107,Haven,23.0,5.0,7.0,13.0,Bronze,2.0,407.4,1.0,0.0,1.0,13.0,2.0,1,0,4
d9a65ee4-e954-4167-85fb-124a122672c7,Summit,11.0,6.0,17.0,13.0,Bronze,2.0,215.0,5.0,3.0,0.0,5.0,13.0,1,0,4
7a986db6-220e-42b7-be77-1328507f66ac,Sunset,17.0,7.0,21.0,20.0,Bronze,2.0,257.286,3.0,5.0,0.0,8.0,13.0,1,0,4
ad9fb7e4-21a8-49ec-895c-e4e573b6fbc1,Abyss,21.0,3.0,19.0,14.0,Bronze,2.0,299.261,4.0,5.0,0.0,10.0,13.0,1,0,4
7af11927-4167-450b-aff5-6ded43cd8397,Ascent,26.0,7.0,22.0,15.0,Bronze,2.0,301.692,7.0,6.0,1.0,14.0,12.0,1,0,4
57106712-020c-4f7a-a9fd-36525c50dfe8,Sunset,14.0,10.0,18.0,9.0,Bronze,2.0,193.522,4.0,3.0,0.0,10.0,13.0,1,0,4
6709f79d-1a0b-442a-92bd-586e7fd67a7e,Sunset,10.0,4.0,13.0,7.0,Gold,3.0,160.333,1.0,3.0,1.0,13.0,5.0,1,0,4
ed1ff030-0698-49e9-8ec3-10cf3ab1231c,Haven,20.0,4.0,9.0,6.0,Gold,3.0,363.25,5.0,1.0,2.0,10.0,3.0,1,0,4
abeec12b-0895-4694-9e49-7c52cc8573fd,Summit,12.0,6.0,16.0,10.0,Gold,3.0,221.176,3.0,1.0,0.0,4.0,13.0,1,1,3
9f56eb00-b404-4c5e-aded-cd59408d7975,Lotus,28.0,3.0,17.0,15.0,Gold,3.0,340.565,5.0,5.0,0.0,10.0,13.0,1,1,3
2599938e-a654-43d0-94f1-ce0b0ff25f9b,Lotus,28.0,3.0,21.0,20.0,Gold,3.0,398.667,10.0,3.0,1.0,13.0,8.0,0,0,4
c1bdd189-7fff-4077-aa84-7c20d139923b,Haven,14.0,0.0,14.0,10.0,Unrated,,246.125,5.0,0.0,0.0,3.0,13.0,1,0,4
b479772b-8e00-406a-bd76-dfa87eb1c190,Lotus,14.0,4.0,16.0,9.0,Platinum,1.0,217.211,2.0,1.0,0.0,6.0,13.0,0,0,4
8e55f137-3dc3-4a17-b4b1-d0633273cedd,Ascent,9.0,10.0,18.0,5.0,Bronze,3.0,143.381,1.0,3.0,1.0,13.0,8.0,1,1,3
3defb2ac-8fa8-4463-9b2d-134ce88c24e4,Ascent,20.0,15.0,20.0,15.0,Bronze,3.0,266.478,1.0,3.0,2.0,13.0,10.0,1,1,3
dbc56ed7-e0dc-4c89-a0d8-78580bea6016,Lotus,10.0,3.0,16.0,5.0,Bronze,3.0,144.474,1.0,0.0,0.0,6.0,13.0,0,1,3
0c4db3e1-f9f0-4f61-b1e6-52a65772f264,Breeze,13.0,7.0,17.0,9.0,Bronze,3.0,157.125,1.0,4.0,1.0,13.0,11.0,0,1,3
87790e52-db3f-4020-b86c-2bdfe2b77d36,Fracture,19.0,4.0,17.0,9.0,Bronze,1.0,255.208,2.0,2.0,0.0,11.0,13.0,1,2,2
663b668e-14aa-46a4-b414-64e9e2fdf3a0,Split,9.0,4.0,14.0,8.0,Bronze,1.0,135.571,1.0,2.0,1.0,13.0,8.0,1,0,4
9dff2f76-89da-41ac-8ade-a275499899f6,Breeze,7.0,4.0,20.0,4.0,Bronze,1.0,105.739,1.0,3.0,0.0,10.0,13.0,1,1,3
978c4af4-b5e1-4de2-9e2b-a7ea0a2cd39b,Lotus,8.0,5.0,12.0,4.0,Bronze,1.0,143.471,0.0,1.0,1.0,13.0,4.0,0,0,4
00fa081a-0796-466b-a9f8-0fb5bc983aee,Lotus,19.0,0.0,15.0,16.0,Bronze,1.0,235.174,4.0,1.0,1.0,13.0,10.0,1,3,1
9d7f62b9-9334-410c-a60c-0df1b047d1bc,Split,14.0,7.0,17.0,8.0,Bronze,2.0,191.364,2.0,4.0,0.0,9.0,13.0,1,0,4
793f769a-fc9b-4902-8ccc-a2715ce687ab,Split,25.0,5.0,21.0,16.0,Bronze,2.0,248.75,4.0,1.0,0.0,14.0,14.0,1,0,4
17806c20-9a29-42b0-a891-d3c7e4a865ab,Pearl,16.0,2.0,16.0,17.0,Bronze,2.0,192.261,1.0,4.0,1.0,13.0,10.0,1,0,4
cb3d7345-b2c4-48c0-8410-92502c39db42,Bind,20.0,2.0,21.0,14.0,Bronze,2.0,220.423,1.0,7.0,0.0,12.0,14.0,1,4,0
066d4d36-5f5f-4331-b0be-5b5cd44ec00d,Lotus,15.0,9.0,13.0,10.0,Bronze,2.0,240.4,3.0,3.0,1.0,13.0,7.0,1,0,4
50491aeb-07d4-4a9a-9d3d-57a619dfb287,Pearl,14.0,3.0,18.0,9.0,Bronze,2.0,207.304,2.0,3.0,0.0,10.0,13.0,1,1,3
aee13bbe-fba8-4ff4-8502-2659320d5f97,Fracture,10.0,7.0,13.0,5.0,Bronze,2.0,154.211,2.0,2.0,1.0,13.0,6.0,0,0,4
767dc04e-77ae-4fa9-b5b8-28e30ea0fcc4,Pearl,21.0,2.0,14.0,15.0,Bronze,2.0,278.667,5.0,1.0,1.0,13.0,8.0,1,0,4
d03bea05-5418-4ef6-a096-ee9c546f3027,Ascent,11.0,5.0,17.0,5.0,Bronze,2.0,238.059,3.0,3.0,0.0,4.0,13.0,1,0,4
8a1fed11-e742-4426-8113-94beba6a879d,Split,26.0,6.0,22.0,16.0,Bronze,2.0,297.231,6.0,7.0,0.0,12.0,14.0,1,0,4
32811dbd-0271-4eaa-ade5-247755acb915,Fracture,19.0,7.0,22.0,10.0,Bronze,2.0,228.308,3.0,5.0,0.0,12.0,14.0,1,0,4
2fe6c70d-0b19-4368-b124-c2cdcc10dbab,Lotus,23.0,6.0,18.0,17.0,Bronze,2.0,303.583,4.0,2.0,1.0,13.0,11.0,1,0,4
9af478eb-8663-455f-8a3c-8017f24e94b5,Haven,14.0,4.0,15.0,7.0,Bronze,2.0,202.95,2.0,3.0,2.0,13.0,7.0,1,0,4
6aae10d1-d8d3-4276-b5af-aa3d779a5355,Haven,26.0,9.0,21.0,15.0,Bronze,2.0,246.133,4.0,4.0,1.0,15.0,15.0,1,0,4
fd55c82e-4585-4845-9886-6de95a8e3a6a,Fracture,14.0,2.0,15.0,9.0,Bronze,2.0,263.118,2.0,1.0,0.0,4.0,13.0,1,0,4
c890d2b8-0cb0-49f5-802d-35c2dfcb1830,Fracture,13.0,2.0,18.0,9.0,Bronze,2.0,233.579,2.0,2.0,0.0,6.0,13.0,1,0,4
3d5a3519-235d-4c0c-99dc-40f8ec20105b,Ascent,22.0,2.0,18.0,11.0,Bronze,2.0,283.87,4.0,3.0,0.0,10.0,13.0,1,0,4
725acbd5-0fb7-44be-a124-6b406788b772,Lotus,14.0,5.0,19.0,8.0,Bronze,2.0,231.7,1.0,2.0,0.0,7.0,13.0,1,2,2
5f3154c4-4862-4b92-a687-a833063aeb43,Breeze,18.0,5.0,18.0,11.0,Bronze,2.0,239.714,1.0,4.0,0.0,8.0,13.0,1,4,0
54f6013c-d302-4efb-abbf-825393a73f7c,Haven,19.0,3.0,18.0,11.0,Bronze,2.0,252.409,2.0,5.0,0.0,9.0,13.0,1,0,4
7ac1949f-1ec7-4fca-98ee-19b2f9f5add2,Pearl,11.0,5.0,9.0,4.0,Bronze,1.0,226.0,3.0,4.0,2.0,13.0,2.0,1,0,4
16d79d42-022e-45c4-bd0c-f494babd8a77,Ascent,12.0,7.0,17.0,4.0,Bronze,1.0,207.524,2.0,5.0,0.0,8.0,13.0,1,0,4
fea61afc-abd9-4ae9-bb97-c2a96b61c59f,Haven,23.0,5.0,16.0,18.0,Bronze,2.0,369.474,4.0,3.0,0.0,6.0,13.0,1,0,4
f3e326aa-844d-4d48-89f3-1412a8d229db,Lotus,24.0,4.0,17.0,13.0,Bronze,2.0,334.909,2.0,2.0,0.0,9.0,13.0,1,2,2
503a70f6-527c-4c01-bc90-2ef3b7f39931,Pearl,7.0,3.0,15.0,2.0,Bronze,2.0,139.625,0.0,1.0,0.0,3.0,13.0,1,4,0
5dafdce6-c4f6-46ce-9465-18e9ceaee7a7,Haven,15.0,3.0,15.0,8.0,Bronze,1.0,201.727,1.0,4.0,1.0,13.0,9.0,1,1,3
0f5f6461-8805-4a79-939e-c4b306ef8f52,Ascent,10.0,4.0,16.0,7.0,Bronze,1.0,171.0,2.0,2.0,0.0,6.0,13.0,1,0,4
2b0c6139-a00b-4473-a699-eba177745de5,Lotus,18.0,4.0,18.0,5.0,Bronze,2.0,243.864,1.0,3.0,0.0,9.0,13.0,1,1,3
5e077ceb-ec99-4b4c-bbcc-10fe2023c191,Lotus,19.0,3.0,14.0,6.0,Bronze,2.0,261.6,2.0,1.0,1.0,13.0,7.0,1,0,4
78f20882-b69a-46c2-93d7-644ef6a66871,Split,20.0,4.0,12.0,7.0,Bronze,1.0,266.158,2.0,3.0,2.0,13.0,6.0,1,0,4
89d6795c-c17e-40cc-845b-d8faca4f5121,Pearl,8.0,7.0,14.0,6.0,Bronze,2.0,157.053,1.0,1.0,0.0,6.0,13.0,1,4,0
87dba074-8141-4f21-8d13-8fa9c9f3eedc,Haven,22.0,6.0,15.0,13.0,Bronze,2.0,287.773,3.0,6.0,1.0,13.0,9.0,1,4,0
c1972303-3dc7-46a2-a26d-39d449eb5900,Haven,23.0,6.0,16.0,9.0,Bronze,2.0,266.957,3.0,1.0,1.0,13.0,10.0,1,3,1
74dec13a-7a51-4a64-bad3-71980f9d42d0,Breeze,18.0,4.0,18.0,9.0,Bronze,2.0,259.429,2.0,2.0,0.0,8.0,13.0,1,2,2
61326806-d76c-47ee-8c53-f6015457899c,Fracture,31.0,7.0,11.0,16.0,Bronze,2.0,390.045,2.0,1.0,1.0,13.0,9.0,1,0,4
1522d752-d0c5-4579-9485-a8619a9c8482,Ascent,14.0,5.0,19.0,5.0,Bronze,2.0,154.917,3.0,6.0,0.0,11.0,13.0,1,0,4
801a19ab-0f6a-4988-a9ca-8520b177c090,Haven,21.0,6.0,19.0,14.0,Bronze,3.0,284.609,5.0,4.0,1.0,13.0,10.0,1,1,3
0eb1dad8-b5d1-4792-bbf9-d4350e4f1287,Split,12.0,4.0,12.0,4.0,Bronze,2.0,213.353,2.0,4.0,2.0,13.0,4.0,1,1,3
1a004b85-14aa-406d-9b4e-b00387991d46,Lotus,18.0,1.0,19.0,9.0,Bronze,3.0,213.455,2.0,2.0,0.0,9.0,13.0,1,2,2
a53cc781-bd8e-4a6d-8d5b-18543b57f17f,Breeze,15.0,3.0,15.0,9.0,Bronze,3.0,236.9,4.0,2.0,1.0,13.0,7.0,1,4,0
0c3e623d-2cf2-447f-b79a-8473138f4cef,Haven,21.0,3.0,13.0,15.0,Bronze,3.0,268.2,2.0,2.0,2.0,13.0,7.0,1,4,0
a709c081-0c08-45c4-aba8-991378dc8265,Split,10.0,4.0,16.0,4.0,Bronze,3.0,182.882,2.0,1.0,0.0,4.0,13.0,1,4,0
fe3a898e-3f5d-4ea1-a331-76fdec20518d,Breeze,20.0,2.0,18.0,13.0,Bronze,3.0,243.609,1.0,4.0,0.0,10.0,13.0,1,0,4
9c1489ca-cf05-43f6-b39f-c7e5fd07d9c4,Ascent,13.0,5.0,18.0,7.0,Bronze,3.0,180.5,3.0,1.0,1.0,13.0,11.0,1,0,4
f17f6553-32e5-47ca-a1d6-1915c2ae7aa3,Fracture,21.0,2.0,14.0,11.0,Bronze,3.0,280.905,1.0,2.0,2.0,13.0,8.0,1,0,4
f650016b-8f6b-444b-8119-b8f006397819,Pearl,20.0,6.0,17.0,11.0,Bronze,3.0,275.0,3.0,2.0,1.0,13.0,8.0,1,0,4
25836339-ebed-40d1-8e99-206bebc9c0cb,Fracture,12.0,2.0,17.0,1.0,Silver,1.0,166.9,0.0,6.0,0.0,7.0,13.0,1,0,4
e351fcca-6901-4254-9268-29778a978b7c,Haven,14.0,2.0,20.0,12.0,Silver,1.0,154.75,1.0,3.0,1.0,13.0,11.0,1,4,0
441151d2-df0b-4831-98a8-50d72119b095,Ascent,18.0,5.0,18.0,13.0,Silver,1.0,259.35,4.0,3.0,2.0,13.0,7.0,1,4,0
e544faab-c55e-4b38-8b5b-3a559e2b5327,Split,20.0,2.0,20.0,9.0,Silver,1.0,299.381,2.0,4.0,0.0,8.0,13.0,1,4,0
1c81bd27-c45a-4eb5-90b7-050e01c29f00,Lotus,15.0,5.0,18.0,13.0,Silver,1.0,237.474,3.0,4.0,0.0,6.0,13.0,1,4,0
9f1c9435-c0ac-4858-866c-5292b601ec32,Ascent,20.0,2.0,15.0,14.0,Silver,1.0,247.773,4.0,2.0,2.0,13.0,9.0,1,1,3
07c8ba64-2472-47e0-9ee0-faab75d2e9fb,Lotus,12.0,3.0,20.0,9.0,Silver,1.0,159.391,2.0,1.0,1.0,13.0,10.0,1,0,4
61826a2d-3852-492a-9f26-9c490688661f,Ascent,17.0,5.0,20.0,7.0,Silver,1.0,185.192,2.0,4.0,0.0,12.0,14.0,1,0,4
550b39ef-f5fe-4eea-b2cf-c29b7a01cb08,Pearl,14.0,4.0,17.0,9.0,Silver,1.0,181.826,5.0,3.0,1.0,13.0,10.0,1,3,1
41eeff46-8770-4323-9e72-fbfe14c0eb68,Haven,10.0,3.0,17.0,5.0,Silver,1.0,132.409,4.0,4.0,0.0,9.0,13.0,1,3,1
bfa83d37-a0da-4a70-ae02-f95656bf1e10,Ascent,12.0,7.0,15.0,10.0,Unrated,,224.158,3.0,3.0,1.0,13.0,6.0,1,1,3
59fc0ff4-a418-4790-bc53-9dba888993a4,Breeze,20.0,3.0,20.0,16.0,Bronze,2.0,278.714,3.0,3.0,0.0,8.0,13.0,1,4,0
c995a64e-b96b-4284-9960-a3bd6fe12a2b,Lotus,6.0,0.0,1.0,0.0,Bronze,2.0,88.769,0.0,0.0,1.0,4.0,0.0,1,4,0
31d4fac1-6e3c-4571-80e9-bf1522a9964c,Ascent,11.0,3.0,19.0,8.0,Bronze,2.0,175.095,5.0,2.0,0.0,8.0,13.0,1,1,3
f22895f0-6dcd-4044-9ea4-58dc4bf96d93,Sunset,20.0,3.0,8.0,6.0,Bronze,2.0,355.75,3.0,0.0,1.0,13.0,3.0,1,1,3
0e831e5e-9ed0-4367-95ff-6a95be03b9ad,Split,17.0,2.0,18.0,5.0,Bronze,2.0,235.667,3.0,2.0,0.0,8.0,13.0,1,1,3
16404202-2ec0-45c9-978a-e6a112f18ba8,Sunset,19.0,8.0,21.0,8.0,Bronze,2.0,211.857,2.0,6.0,0.0,14.0,14.0,1,0,4
805fe7da-988b-4682-ad3a-ccbc10972e9b,Summit,11.0,4.0,15.0,3.0,Bronze,2.0,149.857,2.0,2.0,1.0,13.0,8.0,1,2,2
5dccdf2d-42a9-4204-b794-3354b16f356f,Lotus,4.0,1.0,9.0,2.0,Bronze,2.0,83.714,0.0,1.0,0.0,1.0,9.0,1,2,2
e76cdc59-7ec8-4f57-915b-9b995285e936,Ascent,13.0,7.0,17.0,4.0,Bronze,2.0,162.773,3.0,2.0,1.0,13.0,9.0,0,4,0
e809a353-a80f-412a-8781-7937b83c8eb4,Haven,16.0,2.0,15.0,12.0,Bronze,2.0,202.591,4.0,4.0,2.0,13.0,9.0,1,4,0
1cdcc5ed-b9c9-475a-9001-48f9662b6679,Split,15.0,7.0,16.0,8.0,Bronze,2.0,237.632,1.0,1.0,1.0,13.0,6.0,1,4,0
15c9f11b-4d35-4eb0-aa95-cf45421428bc,Split,19.0,2.0,16.0,11.0,Bronze,2.0,247.7,5.0,1.0,1.0,13.0,7.0,1,4,0
1d78b24e-193c-46a8-99c7-97a78656921d,Haven,14.0,4.0,18.0,5.0,Bronze,3.0,231.526,3.0,3.0,0.0,6.0,13.0,1,0,4
c06f855e-a35a-426d-9cd5-882222c517bd,Summit,21.0,4.0,20.0,14.0,Bronze,2.0,253.75,4.0,4.0,1.0,13.0,11.0,1,1,3
13914a77-2fec-4ad8-b705-2db84ce3dc0a,Breeze,21.0,4.0,17.0,11.0,Bronze,3.0,272.696,5.0,5.0,0.0,10.0,13.0,1,1,3
c4e0e852-896f-41c9-bafd-71db7c0ee67e,Lotus,20.0,4.0,18.0,6.0,Bronze,3.0,233.227,2.0,2.0,2.0,13.0,9.0,1,4,0
f93e046d-614f-445f-a2ba-373a4d310515,Ascent,18.0,7.0,13.0,8.0,Bronze,3.0,238.818,4.0,4.0,1.0,13.0,9.0,0,4,0
9db2d4ee-52c1-4dc1-8a44-4b6b4d928869,Split,22.0,8.0,18.0,14.0,Bronze,3.0,237.538,1.0,4.0,2.0,14.0,12.0,1,4,0
2c13e39c-d85e-4229-a2fc-30c5f46850e6,Summit,14.0,8.0,23.0,9.0,Bronze,3.0,200.375,2.0,4.0,0.0,11.0,13.0,1,2,2
041c8e79-a04c-431d-a4a2-015664764b61,Sunset,5.0,4.0,15.0,5.0,Bronze,3.0,135.8,1.0,2.0,0.0,2.0,13.0,1,1,3
49bf6e22-525d-4241-b8a0-f1d4377cf84f,Haven,17.0,3.0,19.0,5.0,Bronze,3.0,214.682,3.0,5.0,1.0,13.0,9.0,1,4,0
21a65392-f61c-4846-bd42-3c09c252107e,Summit,10.0,0.0,14.0,4.0,Bronze,3.0,172.75,1.0,4.0,0.0,3.0,13.0,1,0,4
70c495ab-6c53-450c-bf82-c7d731c97a3e,Split,25.0,5.0,19.0,20.0,Bronze,3.0,318.708,7.0,4.0,0.0,11.0,13.0,1,2,2
5ee26194-d7e8-4b31-9dc3-539700c10781,Sunset,21.0,7.0,20.0,17.0,Bronze,3.0,307.609,5.0,4.0,0.0,10.0,13.0,1,2,2
29cebccb-bb8e-48b3-9383-5a6ff1ae389e,Breeze,21.0,3.0,12.0,9.0,Bronze,3.0,347.941,2.0,0.0,1.0,13.0,4.0,1,4,0
a3431873-897c-4c62-ac29-f007ce101ad0,Ascent,16.0,3.0,16.0,8.0,Bronze,3.0,234.45,4.0,2.0,0.0,7.0,13.0,1,4,0
270bde2b-4db8-45ea-9d10-dcdfdab36f21,Summit,19.0,4.0,14.0,3.0,Bronze,3.0,310.625,3.0,2.0,1.0,13.0,3.0,1,4,0
aedb673a-a5f7-4a0c-826c-47459f8854c5,Split,10.0,6.0,20.0,6.0,Bronze,3.0,148.381,1.0,2.0,0.0,8.0,13.0,0,1,3
0da2f9a3-6ebe-47fe-8197-82c1bbc71906,Lotus,22.0,1.0,22.0,9.0,Bronze,3.0,214.107,3.0,6.0,0.0,13.0,15.0,1,1,3
1dbee0f2-059f-4c3e-83f8-5cbd47f85a66,Lotus,9.0,4.0,11.0,3.0,Bronze,3.0,121.895,0.0,3.0,1.0,13.0,6.0,0,1,3
4d1b5161-6354-428a-b754-815f5005a658,Sunset,17.0,2.0,10.0,6.0,Bronze,3.0,321.929,5.0,3.0,2.0,13.0,1.0,1,1,3
5167c40c-55ac-440e-80e2-db505d25d29d,Split,19.0,5.0,20.0,10.0,Bronze,3.0,250.261,2.0,6.0,0.0,10.0,13.0,1,1,3
3695a531-73e5-4d0c-bde9-b68565b1639a,Sunset,8.0,6.0,22.0,5.0,Bronze,3.0,128.5,3.0,6.0,0.0,9.0,13.0,1,2,2
4178ad44-3201-4a47-952b-308984411bf2,Summit,16.0,5.0,14.0,9.0,Bronze,3.0,244.158,1.0,0.0,0.0,6.0,13.0,0,2,2
afadea03-a71a-44e7-8aee-65dd8735cf2b,Haven,17.0,2.0,18.0,13.0,Bronze,3.0,239.81,3.0,4.0,0.0,8.0,13.0,1,0,4
7c866786-c9a5-4e3a-922e-3d53b0b38ee6,Summit,11.0,6.0,21.0,3.0,Bronze,3.0,125.385,1.0,0.0,0.0,12.0,14.0,0,1,3
94072ae9-3dd6-44a5-8a5d-14f56e754c3c,Haven,19.0,3.0,16.0,9.0,Bronze,3.0,247.273,1.0,2.0,1.0,13.0,9.0,1,2,2
279218d3-2226-45c8-be51-42de69aff1d7,Breeze,19.0,6.0,24.0,7.0,Bronze,3.0,228.0,2.0,6.0,1.0,14.0,12.0,1,2,2
7b8535aa-9694-4788-afb8-6a8b2132cd60,Ascent,13.0,7.0,12.0,7.0,Bronze,3.0,237.0,1.0,1.0,2.0,13.0,4.0,1,4,0
cbb61e8a-8ecd-44c0-b51e-10611e548c68,Split,17.0,4.0,20.0,10.0,Silver,1.0,221.682,2.0,4.0,1.0,13.0,9.0,1,2,2
ab12740e-f162-458b-865c-ce5631a2af65,Sunset,24.0,8.0,11.0,14.0,Bronze,3.0,338.5,2.0,3.0,2.0,13.0,7.0,0,2,2
1e4347dd-1fdf-4d3c-b11b-44cb18f2ec0d,Ascent,25.0,7.0,16.0,13.0,Bronze,3.0,299.125,6.0,1.0,3.0,13.0,11.0,0,2,2
728ddb1e-c0b2-4955-9347-35538063ade6,Summit,14.0,5.0,17.0,10.0,Silver,1.0,204.0,1.0,4.0,0.0,10.0,13.0,1,0,4
e2049ace-dea8-42a0-a3a9-96f5d1d65385,Haven,16.0,3.0,14.0,8.0,Silver,1.0,206.591,3.0,2.0,1.0,13.0,9.0,1,0,4
b2e0d16a-6765-4459-bfa1-ae681d2d2d6a,Breeze,13.0,2.0,22.0,7.0,Silver,1.0,160.292,0.0,6.0,0.0,11.0,13.0,1,2,2
f17b53af-dd0c-40a2-a89c-ad1b16e568f9,Ascent,8.0,2.0,15.0,4.0,Silver,1.0,113.1,1.0,3.0,1.0,13.0,7.0,1,1,3
c5075285-d4f0-47e6-ba4d-58a9cbd9faa5,Breeze,13.0,5.0,18.0,9.0,Silver,1.0,157.25,1.0,8.0,0.0,11.0,13.0,1,1,3
26559ed8-023d-4f96-9eca-fdfa2f1865d6,Sunset,13.0,4.0,21.0,7.0,Silver,1.0,178.875,3.0,6.0,0.0,11.0,13.0,1,2,2
0b11099e-2791-4319-9fe3-dea509eeff31,Split,12.0,4.0,19.0,9.0,Silver,1.0,187.053,4.0,4.0,0.0,6.0,13.0,1,2,2
410a9ab9-d933-453c-9d5f-2f328c75418b,Ascent,18.0,2.0,11.0,6.0,Silver,1.0,216.19,0.0,3.0,1.0,13.0,8.0,1,2,2
1500a640-7d05-4099-847c-28ff78950125,Ascent,15.0,7.0,20.0,6.0,Silver,1.0,182.808,1.0,2.0,0.0,12.0,14.0,1,0,4
8153a3b6-6c9d-4fae-a653-c42d30eada75,Summit,20.0,4.0,17.0,17.0,Silver,1.0,273.476,5.0,6.0,1.0,13.0,8.0,1,1,3
d2cca13c-0322-4c2a-8c41-fee1fb29a0bb,Lotus,14.0,4.0,17.0,8.0,Silver,1.0,201.048,2.0,2.0,2.0,13.0,8.0,1,1,3
23bf9427-d97e-4050-ab86-9a44a18e6578,Split,20.0,6.0,17.0,13.0,Silver,1.0,236.583,2.0,5.0,0.0,11.0,13.0,1,2,2
08cfc6ae-f478-4e5b-9802-d9916a58a589,Split,10.0,5.0,20.0,5.0,Silver,1.0,158.524,2.0,1.0,0.0,8.0,13.0,1,1,3
f22b17ba-186c-486c-b300-f511d9451c4b,Sunset,18.0,3.0,16.0,9.0,Silver,1.0,273.158,7.0,4.0,1.0,13.0,6.0,1,2,2
ab2264d6-0387-4839-9605-d0777e2d4136,Lotus,18.0,7.0,17.0,12.0,Silver,1.0,242.619,5.0,5.0,1.0,13.0,8.0,1,0,4
83c40d40-76a3-4b71-877e-9aeb04e2e386,Haven,11.0,3.0,16.0,9.0,Silver,1.0,170.947,3.0,2.0,0.0,6.0,13.0,1,4,0
9672a4d3-91a7-4ebb-b2d4-541a16f74ac9,Ascent,9.0,2.0,13.0,7.0,Silver,1.0,168.722,2.0,3.0,0.0,5.0,10.0,1,4,0
9f451dc2-0ae0-40fd-9938-ff0b7a60e9f8,Split,24.0,2.0,16.0,10.0,Silver,1.0,295.087,3.0,4.0,0.0,10.0,13.0,1,1,3
90472b9a-c3b8-45a7-96b2-76fc21af11f6,Haven,19.0,6.0,13.0,9.0,Silver,1.0,281.65,3.0,1.0,1.0,13.0,7.0,1,1,3
40eac06c-89b5-408d-893c-277ede158430,Split,18.0,7.0,21.0,15.0,Silver,1.0,209.654,4.0,3.0,3.0,14.0,12.0,1,2,2
60ecec97-45c2-4865-ac61-3dd7162b8343,Sunset,16.0,10.0,18.0,7.0,Silver,1.0,221.955,2.0,3.0,0.0,9.0,13.0,0,1,3
f319cfd3-36dd-4535-a203-74edb5784c2d,Summit,11.0,7.0,17.0,7.0,Silver,1.0,169.955,3.0,4.0,1.0,13.0,9.0,1,2,2
baf59be2-52d5-4680-9f7e-b5c5ff32bad0,Lotus,24.0,6.0,24.0,16.0,Silver,1.0,281.577,6.0,3.0,0.0,12.0,14.0,1,1,3
1dce62e1-78c7-4715-8c32-55888d29a9ec,Ascent,20.0,3.0,19.0,8.0,Silver,1.0,250.5,1.0,4.0,1.0,13.0,11.0,1,2,2
786bc135-5f53-431a-8e1e-844f1d8d6490,Summit,13.0,2.0,17.0,9.0,Silver,1.0,205.211,3.0,4.0,0.0,6.0,13.0,1,0,4
f39cff46-c0a9-4388-8524-a3b7d823dcd7,Split,9.0,2.0,16.0,7.0,Silver,1.0,131.842,0.0,1.0,0.0,6.0,13.0,1,1,3
a99aa541-55fb-4919-8e2e-8754a5638fb0,Breeze,5.0,4.0,17.0,9.0,Silver,1.0,105.6,2.0,2.0,0.0,7.0,13.0,1,1,3
bba04ddd-92e8-4ae2-ae89-eb544bc1a4f6,Ascent,14.0,5.0,18.0,8.0,Silver,1.0,161.167,2.0,4.0,0.0,11.0,13.0,0,1,3
80db8550-630d-4838-b69a-5a8c6bddcf3a,Breeze,23.0,5.0,18.0,7.0,Silver,1.0,254.0,4.0,5.0,1.0,13.0,11.0,1,1,3
0057f9ec-55e6-4555-98b4-20dd37b55b6c,Haven,21.0,3.0,16.0,9.0,Unrated,,305.55,3.0,6.0,0.0,7.0,13.0,1,1,3
3e3b7c5b-da15-42a5-bd5d-32cd22a46126,Split,14.0,7.0,12.0,7.0,Silver,1.0,237.059,0.0,1.0,1.0,13.0,4.0,1,1,3
5b433f78-6afc-40d1-aa6f-07f169564f7a,Haven,18.0,3.0,11.0,11.0,Silver,1.0,316.0,4.0,2.0,1.0,13.0,3.0,1,2,2
bb242e09-af70-4e3d-bf8b-9ad3d872d389,Sunset,10.0,2.0,18.0,3.0,Silver,1.0,190.722,1.0,4.0,0.0,5.0,13.0,0,0,4
b00e90e1-7b25-4bac-9112-9efcdf8d0fe6,Abyss,28.0,0.0,13.0,18.0,Silver,1.0,374.857,5.0,4.0,1.0,13.0,8.0,1,2,2
b5821b12-bfb8-4225-8d10-77798dc769a2,Lotus,19.0,6.0,17.0,12.0,Silver,1.0,293.05,1.0,1.0,0.0,7.0,13.0,1,1,3
87a38b51-e9bb-44bd-be3a-e5132e1e36f7,Lotus,13.0,7.0,17.0,6.0,Silver,1.0,174.364,1.0,0.0,0.0,9.0,13.0,0,2,2
cc802ded-7e3f-4ab1-add6-8351fadd79fb,Haven,19.0,5.0,13.0,11.0,Silver,1.0,319.235,3.0,5.0,1.0,13.0,4.0,1,2,2
2b2e4bef-0f85-48d9-9a30-b28c8179ca35,Split,19.0,2.0,17.0,10.0,Silver,1.0,211.846,4.0,6.0,0.0,12.0,14.0,1,4,0
593b2f9e-61ed-4227-8b92-c7bc334493ba,Summit,28.0,4.0,17.0,9.0,Silver,1.0,294.308,7.0,3.0,1.0,14.0,12.0,1,2,2
492ffba2-951b-4036-83e1-1204b2ae5b8c,Split,15.0,3.0,19.0,12.0,Silver,1.0,212.857,2.0,4.0,0.0,8.0,13.0,1,2,2
4e781147-441a-401e-8ea9-66c26694ba9f,Haven,11.0,3.0,19.0,9.0,Silver,1.0,183.316,3.0,4.0,0.0,6.0,13.0,1,1,3
f8ed04dd-83bb-4ea7-9ea2-616f53c98cc9,Lotus,22.0,1.0,13.0,11.0,Silver,1.0,252.217,6.0,1.0,1.0,13.0,10.0,1,1,3
26b63120-551b-44d7-9c16-7f844a2c2eaa,Summit,17.0,6.0,13.0,8.0,Silver,1.0,276.0,3.0,1.0,1.0,13.0,4.0,1,1,3
6f4d1b27-3f2d-4670-af14-c74a8f9499c1,Sunset,19.0,6.0,17.0,11.0,Silver,1.0,255.75,1.0,3.0,1.0,13.0,11.0,1,2,2
426cc63d-c724-4e6e-97f4-ce99b51813f0,Ascent,17.0,5.0,20.0,10.0,Silver,1.0,198.462,1.0,4.0,2.0,14.0,12.0,1,2,2
df247ca0-e064-4f6b-95cd-5b8e9586afb7,Ascent,12.0,10.0,24.0,4.0,Silver,1.0,162.679,4.0,4.0,2.0,14.0,14.0,1,1,3
fab087b3-cd39-47d8-a21c-7fc03277ccb1,Split,20.0,3.0,20.0,7.0,Silver,1.0,237.654,5.0,2.0,2.0,14.0,12.0,1,2,2
a54041a4-ced5-452b-9882-013e84eb3f53,Sunset,14.0,5.0,15.0,10.0,Silver,1.0,210.611,2.0,2.0,3.0,13.0,5.0,1,2,2
e1761a89-a9ad-44d9-bc9e-5d2cfa9a266b,Abyss,9.0,5.0,17.0,7.0,Silver,2.0,162.947,1.0,4.0,0.0,6.0,13.0,1,4,0
62097f83-cde9-49ff-8560-8e0b80f2ee18,Haven,14.0,2.0,20.0,14.0,Silver,2.0,181.783,1.0,2.0,0.0,10.0,13.0,1,2,2
e59b9766-e72c-4109-9a27-63963e7acaa7,Ascent,13.0,7.0,14.0,8.0,Platinum,3.0,222.875,1.0,1.0,0.0,3.0,13.0,0,0,4
0974ff2b-f701-47f3-8b1d-1a625b13c8a0,Split,6.0,0.0,18.0,6.0,Platinum,3.0,102.941,0.0,3.0,0.0,4.0,13.0,1,0,4
33613c84-d358-42ae-bab0-41a187da5374,Fracture,27.0,3.0,22.0,24.0,Platinum,3.0,279.286,7.0,2.0,1.0,15.0,13.0,0,0,4
a606ac59-f2aa-4c40-8e9a-86b9a64259b3,Split,11.0,6.0,16.0,8.0,Platinum,3.0,166.7,1.0,1.0,0.0,7.0,13.0,0,0,4
0f63f8f1-ee90-4c02-9716-dc321910ea9c,Ascent,18.0,3.0,20.0,14.0,Platinum,3.0,240.227,2.0,4.0,0.0,9.0,13.0,1,0,4
d22e30cf-fa44-4ded-b32e-610248ee0a8a,Pearl,17.0,7.0,17.0,15.0,Platinum,3.0,204.435,2.0,3.0,1.0,13.0,10.0,0,0,4
d1d2d7c9-4203-45ac-a6c2-9cf31a9f4fe3,Ascent,21.0,6.0,18.0,16.0,Platinum,3.0,283.591,4.0,6.0,1.0,13.0,9.0,1,0,4
afc44653-ab80-4a3d-ae6a-319dbc6ac470,Fracture,7.0,2.0,9.0,4.0,Platinum,3.0,106.333,0.0,0.0,0.0,5.0,13.0,0,0,4
39f5b8fa-2796-491c-9bbf-f226c85e207b,Breeze,4.0,1.0,7.0,4.0,Platinum,3.0,93.0,2.0,1.0,0.0,1.0,6.0,1,0,4
6f5e399f-11a6-4595-afc2-27e1e94030c2,Lotus,7.0,4.0,14.0,6.0,Platinum,3.0,173.25,3.0,4.0,0.0,3.0,13.0,0,0,4
1bdb0eec-0a65-495e-bb63-ea36c2e62233,Ascent,6.0,9.0,16.0,3.0,Unrated,,108.3,0.0,1.0,0.0,7.0,13.0,1,0,4
0b3b89e0-9735-4482-810a-88001c434853,Lotus,5.0,3.0,17.0,3.0,Unrated,,86.368,0.0,6.0,0.0,6.0,13.0,0,0,4
e5751ac6-974d-46c5-9d90-b40297c85592,Haven,16.0,3.0,9.0,4.0,Unrated,,231.647,2.0,0.0,1.0,13.0,4.0,0,0,4
f1e911e6-e442-4ba9-8f23-4c49a0bdf625,Haven,18.0,5.0,13.0,5.0,Unrated,,223.727,0.0,2.0,0.0,9.0,13.0,1,0,4
1fcbd80c-d8fa-48af-98b3-30f1843a92b5,Breeze,17.0,2.0,16.0,8.0,Unrated,,189.583,4.0,1.0,0.0,11.0,13.0,1,0,4
d6560501-c3d4-4159-9ce0-d685121fddee,Sunset,6.0,3.0,15.0,4.0,Silver,3.0,110.9,0.0,0.0,1.0,13.0,7.0,0,1,3
5d9a54d9-95f9-4899-a5df-666a3485a232,Split,5.0,5.0,17.0,5.0,Silver,3.0,87.2,0.0,1.0,2.0,13.0,7.0,0,1,3
58dba48e-ce4c-4981-a56f-8771ba1b4954,Ascent,21.0,5.0,9.0,6.0,Silver,3.0,352.0,4.0,3.0,1.0,13.0,4.0,1,0,4
0b6e2330-63eb-4bb4-a70a-724e2b78c81f,Sunset,13.0,4.0,13.0,8.0,Silver,3.0,243.471,2.0,5.0,2.0,13.0,4.0,0,0,4
cc4f5bc5-2908-4a1b-b2ea-1122a1b9b02f,Split,17.0,9.0,16.0,10.0,Gold,1.0,228.217,3.0,2.0,1.0,13.0,10.0,0,1,3
12039cbb-bb15-4705-8509-9f37b868f4c8,Haven,24.0,2.0,12.0,11.0,Gold,1.0,273.182,1.0,1.0,1.0,13.0,9.0,1,1,3
cc32df57-8057-4a4a-a482-fe12e09eae9c,Summit,9.0,4.0,15.0,2.0,Unrated,,154.765,0.0,1.0,0.0,4.0,13.0,1,1,3
0c62a57e-5595-42c6-a755-ba2eca48162a,Haven,7.0,3.0,19.0,3.0,Iron,3.0,78.042,1.0,2.0,1.0,13.0,11.0,0,2,2
71b3ac3c-567c-418e-8db1-c598848b3160,Split,20.0,8.0,17.0,7.0,Iron,3.0,237.75,1.0,3.0,2.0,13.0,11.0,1,2,2
3252c811-c034-454c-86de-a6a0ee9ac298,Sunset,12.0,5.0,16.0,5.0,Iron,3.0,159.174,1.0,2.0,0.0,10.0,13.0,0,0,4
d81471b5-d08a-4f4a-b78c-bba0b3fa47dc,Breeze,6.0,7.0,7.0,1.0,Iron,2.0,83.471,0.0,2.0,1.0,13.0,4.0,0,0,4
33159958-550a-4f11-b8af-eb6f310be5d6,Ascent,15.0,6.0,18.0,4.0,Iron,2.0,216.727,4.0,2.0,2.0,13.0,9.0,1,0,4
2a3aad0d-435a-4acb-a49e-0b8d8beeb640,Summit,16.0,6.0,20.0,5.0,Iron,3.0,173.308,4.0,0.0,1.0,14.0,12.0,0,0,4
bb8f10f1-a615-4e9a-ad92-aa36cb404ae6,Split,9.0,9.0,14.0,5.0,Iron,3.0,190.294,3.0,4.0,2.0,13.0,4.0,0,0,4
ca976df5-db44-4a43-919d-8d8e8914e9fa,Lotus,17.0,3.0,20.0,8.0,Iron,3.0,216.087,4.0,2.0,0.0,10.0,13.0,0,0,4
66308632-6608-42cd-b872-139d8076a595,Lotus,10.0,9.0,21.0,7.0,Iron,3.0,134.565,2.0,6.0,0.0,10.0,13.0,0,1,3
05224a5f-9cb5-4f15-866f-12fa20b2e285,Breeze,28.0,9.0,20.0,13.0,Iron,3.0,275.071,3.0,2.0,0.0,13.0,15.0,1,0,4
465ac3da-38d7-42ea-be40-a68698f09bc6,Lotus,13.0,9.0,19.0,2.0,Iron,3.0,205.773,4.0,3.0,0.0,9.0,13.0,0,0,4
cc774879-c7b7-47ab-8b8e-956c56d5f81d,Sunset,15.0,5.0,14.0,4.0,Iron,3.0,196.524,2.0,2.0,1.0,13.0,8.0,1,0,4
a125a249-8d25-430c-bbdc-90f8831c5be8,Breeze,7.0,10.0,8.0,1.0,Iron,3.0,159.714,0.0,0.0,2.0,13.0,1.0,1,0,4
e9f2e26a-5252-4a00-a9a6-62a9c6947cbf,Ascent,9.0,3.0,15.0,6.0,Iron,3.0,138.444,1.0,2.0,0.0,5.0,13.0,0,2,2
05db0b55-4882-497d-b881-1e85f2b0da8f,Summit,10.0,4.0,16.0,4.0,Iron,3.0,142.125,1.0,1.0,1.0,13.0,11.0,0,2,2
4f9603de-8160-4a60-8b32-a5ba8097b5b0,Ascent,13.0,8.0,15.0,8.0,Iron,3.0,169.13,3.0,1.0,0.0,10.0,13.0,0,2,2
2d8d8f2e-5977-4df8-982a-93125a32e1a2,Lotus,11.0,9.0,17.0,5.0,Iron,3.0,188.55,3.0,1.0,1.0,13.0,7.0,1,0,4
55143cbd-8d06-4701-807a-4bcb69e13f21,Haven,14.0,7.0,19.0,8.0,Iron,3.0,179.522,2.0,4.0,0.0,10.0,13.0,0,0,4
ba6a6c39-9ab2-491d-af98-adcafb08338b,Lotus,4.0,2.0,12.0,2.0,Iron,3.0,67.895,2.0,4.0,0.0,6.0,13.0,0,2,2
e0f861c9-76ed-4047-9c64-986229fc3e5b,Ascent,14.0,11.0,19.0,9.0,Iron,3.0,234.952,3.0,2.0,1.0,13.0,8.0,0,2,2
aa4e76e0-afa4-4f19-82d2-30a29cfbd1cb,Sunset,6.0,3.0,14.0,4.0,Iron,3.0,144.812,0.0,2.0,0.0,3.0,13.0,1,0,4
e4d6cdae-0aa3-487f-816b-fb9500de1e2f,Ascent,3.0,5.0,15.0,1.0,Iron,3.0,93.2,1.0,3.0,0.0,2.0,13.0,0,0,4
21d9f87d-c989-43bc-a8f1-f41f5b4111bb,Breeze,13.0,4.0,12.0,3.0,Iron,3.0,168.25,2.0,2.0,1.0,13.0,7.0,1,1,3
82a566f7-3d91-490c-99d7-8c6531f9ff65,Breeze,17.0,1.0,10.0,8.0,Iron,3.0,257.294,5.0,2.0,1.0,13.0,4.0,0,0,4
d5ac36c6-350d-448b-bc4b-5ed236795d8d,Lotus,14.0,12.0,17.0,7.0,Iron,3.0,212.857,3.0,4.0,1.0,13.0,8.0,0,0,4
c7c9bbdf-6f67-46f7-9be3-8450375d0d4d,Sunset,7.0,5.0,10.0,3.0,Iron,3.0,102.8,1.0,4.0,2.0,13.0,7.0,0,1,3
2b74e03e-ab8c-469c-9793-00de8def0ecb,Summit,16.0,5.0,16.0,8.0,Iron,3.0,225.905,1.0,5.0,0.0,8.0,13.0,0,1,3
b4b039b6-bb0f-4bfc-9789-33a70c492c95,Split,16.0,1.0,10.0,6.0,Iron,3.0,208.182,5.0,2.0,1.0,13.0,9.0,0,0,4
a9f14718-5c47-4d4b-b311-1cdab837408a,Breeze,20.0,9.0,24.0,12.0,Iron,3.0,265.375,2.0,3.0,0.0,11.0,13.0,0,0,4
17b9ee36-0d56-4f38-91e1-51acbffb7f41,Haven,18.0,4.0,17.0,6.0,Iron,3.0,205.667,0.0,1.0,0.0,11.0,13.0,0,0,4
9e9a1da8-61fc-4981-b275-2a184bd0ff6c,Lotus,13.0,5.0,22.0,2.0,Iron,3.0,139.857,2.0,6.0,1.0,15.0,13.0,1,0,4
891b8b0e-508c-4131-895f-7c4907115f08,Summit,15.0,7.0,20.0,7.0,Iron,3.0,185.625,1.0,2.0,0.0,11.0,13.0,0,0,4
36cc707e-ab33-44cc-8e55-9ae22e903013,Haven,14.0,7.0,22.0,4.0,Iron,3.0,169.846,1.0,4.0,1.0,14.0,12.0,0,0,4
58e77664-2947-4f36-b736-df109504a34a,Breeze,4.0,3.0,16.0,4.0,Iron,3.0,64.85,1.0,5.0,0.0,7.0,13.0,1,2,2
615a7026-adc3-4bc0-9e2d-7a28e5f30872,Ascent,17.0,12.0,8.0,2.0,Iron,3.0,271.588,1.0,1.0,1.0,13.0,4.0,0,0,4
de5d81c0-baa0-4316-a8e7-313b15a4dbd9,Summit,17.0,9.0,12.0,7.0,Iron,3.0,234.667,1.0,0.0,2.0,13.0,8.0,0,0,4
f358f17a-2bfc-43d4-9fc0-c946a0663650,Sunset,2.0,0.0,9.0,0.0,Iron,3.0,35.067,0.0,2.0,0.0,2.0,13.0,0,0,4
8f655a6e-e5f9-4dbe-9fb5-fe920517f7c6,Ascent,10.0,4.0,14.0,5.0,Iron,3.0,203.294,1.0,2.0,0.0,4.0,13.0,0,0,4
cada7b78-a81b-4d0a-8aa3-77ce4ecf5895,Summit,18.0,4.0,17.0,6.0,Iron,3.0,217.458,3.0,1.0,1.0,13.0,11.0,0,0,4
b2761153-fea1-4ec0-8880-cb46d2c743fc,Lotus,1.0,1.0,6.0,1.0,Iron,3.0,21.438,0.0,2.0,0.0,3.0,9.0,0,0,4
d691ea72-d853-4062-bac0-9abe0b12e3d2,Ascent,19.0,7.0,19.0,6.0,Iron,3.0,249.478,3.0,1.0,1.0,13.0,10.0,1,0,4
1c3cc9be-510c-414e-8be0-8940b0e65cf4,Summit,22.0,7.0,18.0,13.0,Iron,3.0,260.167,2.0,4.0,2.0,13.0,11.0,0,0,4
36002fd8-ec4b-449e-a57d-60061b197d87,Breeze,18.0,9.0,18.0,15.0,Iron,3.0,239.304,1.0,7.0,1.0,13.0,10.0,0,0,4
493bfd2f-ea10-43e9-aa53-e031b94aa87f,Haven,9.0,6.0,20.0,8.0,Iron,3.0,156.318,3.0,5.0,0.0,9.0,13.0,0,0,4
9dea3ca9-4359-4c4c-8e06-351abd704880,Breeze,22.0,12.0,21.0,15.0,Iron,3.0,264.808,3.0,3.0,0.0,12.0,14.0,1,0,4
47785ace-aae5-4cc7-8a64-a57e928e522c,Lotus,5.0,2.0,3.0,1.0,Iron,3.0,100.538,1.0,1.0,1.0,5.0,0.0,0,0,4
ca85ec9d-b003-4eb2-bd1a-b054257dfa21,Lotus,21.0,2.0,22.0,9.0,Iron,3.0,214.143,2.0,5.0,0.0,13.0,15.0,0,0,4
1eb73a6e-0f04-4260-b9d5-eb1592d45ae0,Summit,19.0,4.0,11.0,8.0,Iron,3.0,250.684,2.0,0.0,1.0,13.0,6.0,0,0,4
8a6b1a64-9698-45a6-8cba-4a915de7388a,Sunset,3.0,4.0,14.0,1.0,Iron,3.0,82.667,1.0,4.0,0.0,2.0,13.0,0,0,4
7b5a479e-3a08-4e77-805e-e319f41b614b,Haven,27.0,10.0,15.0,14.0,Iron,3.0,360.952,2.0,1.0,1.0,13.0,8.0,0,0,4
b1c67611-ad55-486f-945f-4000b7ae3633,Split,10.0,13.0,11.0,2.0,Iron,3.0,169.765,1.0,2.0,2.0,13.0,4.0,1,0,4
5addbf11-e810-40f1-98a2-e37e2c825261,Ascent,21.0,8.0,17.0,12.0,Iron,3.0,304.238,2.0,0.0,3.0,13.0,8.0,0,0,4
3db5cf59-255c-44e9-8d92-dc00134524e6,Breeze,9.0,8.0,19.0,5.0,Iron,3.0,128.043,3.0,2.0,0.0,10.0,13.0,0,0,4
7db407bd-69f5-4ce2-8805-c54b95a49f47,Breeze,8.0,3.0,14.0,3.0,Bronze,1.0,153.688,1.0,1.0,0.0,3.0,13.0,0,0,4
9fa15c06-afb1-46e8-94c1-8ecf4d12380a,Breeze,11.0,5.0,16.0,4.0,Bronze,1.0,140.381,1.0,5.0,1.0,13.0,8.0,0,0,4
d44aa0cd-7652-4dfc-aed5-d946df514b39,Summit,15.0,9.0,19.0,6.0,Bronze,1.0,179.792,1.0,2.0,2.0,13.0,11.0,1,0,4
cab80cab-9029-4428-aec8-7ca4cad8eee5,Haven,7.0,5.0,4.0,4.0,Iron,3.0,142.467,1.0,0.0,3.0,11.0,2.0,0,0,4
b1a99c2c-8f3d-4086-9d0e-11fc882e9eb9,Summit,24.0,7.0,17.0,9.0,Bronze,1.0,303.739,2.0,2.0,0.0,10.0,13.0,0,2,2
510c95fd-31bb-4118-9d30-be1df4691735,Ascent,15.0,7.0,18.0,8.0,Bronze,1.0,228.8,3.0,1.0,0.0,7.0,13.0,1,0,4
875cb019-e7e5-47ca-bbe8-663c610fe4a9,Split,11.0,4.0,14.0,3.0,Bronze,1.0,170.45,1.0,1.0,1.0,12.0,7.0,0,1,3
6e428435-825b-4c06-a5c7-ebed21ee1880,Ascent,13.0,10.0,12.0,2.0,Bronze,1.0,256.778,3.0,3.0,2.0,13.0,5.0,1,0,4
edabc799-4c1c-464e-b749-176741688cc6,Haven,7.0,4.0,15.0,4.0,Bronze,1.0,175.938,3.0,5.0,0.0,3.0,13.0,0,0,4
ce3e655b-d2df-49cf-9f5e-c205b351bd0d,Sunset,19.0,5.0,13.0,9.0,Bronze,1.0,269.619,4.0,1.0,1.0,13.0,8.0,1,0,4
7c777e7b-2d59-42bd-92b4-ce44f1209081,Lotus,21.0,8.0,19.0,7.0,Bronze,1.0,244.958,0.0,2.0,0.0,11.0,13.0,1,0,4
a9eea25c-889e-4f88-8b4c-05e2cdaf89f9,Lotus,17.0,4.0,14.0,7.0,Bronze,1.0,179.583,1.0,1.0,1.0,13.0,11.0,1,0,4
a2ef8941-a313-4703-85f5-62884b0e7329,Breeze,20.0,5.0,18.0,6.0,Bronze,1.0,265.5,2.0,2.0,0.0,9.0,13.0,0,0,4
8983318a-4334-49a5-9f47-77f8482d12e3,Breeze,12.0,6.0,19.0,2.0,Bronze,1.0,186.714,1.0,3.0,0.0,8.0,13.0,1,0,4
81eb30b3-1ad7-4c25-919d-242495f38638,Summit,12.0,8.0,19.0,2.0,Bronze,1.0,164.667,2.0,4.0,1.0,13.0,11.0,1,0,4
e70f9ce6-6997-4994-bf2a-2c433878feeb,Ascent,14.0,8.0,17.0,8.0,Bronze,1.0,198.391,3.0,1.0,2.0,13.0,10.0,1,0,4
4917bb57-f580-4726-911f-ceae2050138d,Split,11.0,4.0,18.0,4.0,Bronze,1.0,145.333,2.0,6.0,0.0,8.0,13.0,0,0,4
f7fd09e1-afd5-4f86-86eb-bdad62409e57,Breeze,11.0,6.0,14.0,5.0,Bronze,1.0,200.529,0.0,1.0,0.0,4.0,13.0,1,0,4
f04f6019-63c6-41cd-80a4-6bf385b584da,Ascent,21.0,3.0,11.0,8.0,Bronze,1.0,374.188,3.0,0.0,1.0,13.0,3.0,0,0,4
7203e006-2415-4b76-845f-627659dfffe2,Lotus,21.0,3.0,16.0,8.0,Bronze,1.0,290.818,4.0,3.0,1.0,13.0,9.0,1,0,4
4768a66d-c7e4-4194-bf39-25d64e92d227,Sunset,7.0,3.0,4.0,4.0,Bronze,1.0,139.154,0.0,1.0,2.0,12.0,0.0,0,0,4
77977480-580b-4b4d-918e-dffe7c85168e,Split,8.0,10.0,19.0,1.0,Bronze,1.0,153.455,1.0,5.0,0.0,9.0,13.0,1,1,3
c35a6a85-5865-42ac-98c3-6bba9ae18982,Summit,7.0,7.0,18.0,2.0,Bronze,1.0,97.696,1.0,3.0,0.0,10.0,13.0,0,1,3
74e22189-4e21-44c1-a11b-671eda1031cd,Summit,19.0,7.0,14.0,4.0,Bronze,1.0,226.091,4.0,4.0,1.0,13.0,9.0,0,0,4
3fc62023-5e83-4f78-b2a1-54f6128ca2b4,Breeze,13.0,14.0,15.0,7.0,Bronze,1.0,188.905,2.0,2.0,1.0,13.0,8.0,0,0,4
58a0d4fd-5f89-4c99-aa9b-a8837dee6e13,Breeze,13.0,7.0,14.0,7.0,Bronze,1.0,221.333,5.0,3.0,2.0,13.0,5.0,0,0,4
5a252e38-22fe-4247-a873-81d5626ab8c4,Lotus,15.0,7.0,18.0,5.0,Bronze,1.0,194.885,4.0,2.0,0.0,12.0,14.0,0,0,4
14d4e091-7b70-4a48-b974-faa16db60c2c,Ascent,18.0,6.0,16.0,6.0,Bronze,1.0,260.286,3.0,0.0,0.0,8.0,13.0,1,0,4
0c568dd7-3bf7-45f0-baa0-de99565496e0,Sunset,12.0,6.0,16.0,1.0,Bronze,1.0,180.4,2.0,1.0,0.0,7.0,13.0,0,0,4
22e52660-bff6-444d-8511-300263a07e81,Summit,12.0,5.0,16.0,3.0,Bronze,1.0,184.25,2.0,0.0,0.0,7.0,13.0,0,0,4
d50c4576-7871-4b27-bcf3-5f548ac39bbb,Lotus,16.0,6.0,16.0,11.0,Bronze,1.0,214.65,4.0,4.0,1.0,13.0,7.0,0,0,4
9a510da7-a573-4c06-b054-808166f76d0a,Haven,19.0,8.0,11.0,7.0,Bronze,1.0,275.35,3.0,2.0,2.0,13.0,7.0,1,0,4
12bc0bb8-9e70-4f16-9f8e-1a5321c8b2c9,Sunset,30.0,6.0,13.0,12.0,Bronze,1.0,406.381,2.0,0.0,3.0,13.0,8.0,1,0,4
90b95d0d-cf2b-4b53-a086-354fee9ca6f6,Lotus,2.0,3.0,12.0,0.0,Bronze,1.0,96.643,1.0,1.0,0.0,1.0,11.0,0,0,4
0578294d-9e4a-415d-b69c-2e867d195541,Ascent,12.0,5.0,17.0,6.0,Bronze,1.0,195.81,1.0,8.0,0.0,8.0,13.0,0,0,4
354b737f-fd1c-4db2-9bd8-92219dbcfbab,Haven,19.0,3.0,21.0,8.0,Bronze,1.0,240.208,3.0,1.0,0.0,11.0,13.0,1,0,4
d88b9a93-8aec-478a-a6b8-6be719681b24,Split,12.0,8.0,15.0,9.0,Bronze,1.0,189.727,1.0,3.0,0.0,9.0,13.0,1,0,4
0b330804-e1e9-46e8-935b-0dd12eb74fcb,Haven,7.0,7.0,16.0,5.0,Bronze,1.0,129.526,2.0,3.0,0.0,6.0,13.0,0,0,4
1aa68292-202b-4dc7-a0dc-8e8c54755cda,Summit,7.0,8.0,17.0,8.0,Bronze,1.0,143.588,2.0,4.0,0.0,4.0,13.0,1,0,4
5da1320a-4f7d-4aed-92da-4bfdc912df41,Sunset,18.0,6.0,16.0,5.0,Bronze,1.0,230.261,4.0,2.0,1.0,13.0,10.0,0,0,4
de7fc9ac-91dd-480a-8182-146dd317439a,Split,11.0,1.0,16.0,8.0,Bronze,1.0,216.176,1.0,2.0,0.0,4.0,13.0,1,0,4
46885b18-de90-41b1-9056-ec91d9e6af59,Summit,16.0,7.0,16.0,7.0,Bronze,1.0,288.5,5.0,3.0,0.0,7.0,13.0,0,0,4
61983cec-3267-4b9f-9beb-a736731d4dc7,Breeze,9.0,4.0,14.0,5.0,Bronze,1.0,152.312,0.0,4.0,0.0,3.0,13.0,0,1,3
6d8c5819-ce7d-4687-9540-00cb92a81900,Sunset,8.0,5.0,19.0,6.0,Bronze,1.0,122.087,2.0,6.0,0.0,10.0,13.0,0,1,3
7ab8aa41-bd41-458c-929a-34f93c1ca99c,Split,5.0,2.0,5.0,2.0,Bronze,1.0,89.733,2.0,0.0,1.0,6.0,2.0,0,1,3
a3576ff8-56d4-4d19-b90f-171d01ebe911,Summit,7.0,5.0,15.0,4.0,Bronze,1.0,113.3,0.0,1.0,2.0,13.0,7.0,1,1,3
75da9c5a-b9a0-4912-8fd3-5291683547b9,Split,15.0,5.0,8.0,6.0,Bronze,1.0,249.5,2.0,1.0,3.0,13.0,3.0,0,0,4
caecc2b8-a3fa-46d7-a1a4-f342e448e663,Haven,13.0,7.0,11.0,4.0,Bronze,1.0,208.143,1.0,1.0,1.0,13.0,8.0,0,2,2
93b76086-5eda-4899-8729-61fe0dccde73,Ascent,8.0,1.0,10.0,3.0,Bronze,1.0,119.8,1.0,1.0,2.0,13.0,2.0,0,2,2
d1fa0100-501b-4ae9-8eaf-95241c1cee4b,Haven,15.0,9.0,21.0,5.0,Bronze,1.0,147.667,1.0,4.0,0.0,14.0,16.0,1,0,4
d79187fe-fe68-4d47-9cb6-9ab2b24be2a0,Breeze,27.0,4.0,14.0,10.0,Bronze,1.0,369.15,4.0,2.0,1.0,13.0,7.0,1,0,4
4ab5cf31-df39-48cf-a9ab-56ce1d9b321e,Haven,11.0,10.0,10.0,4.0,Bronze,1.0,163.579,0.0,0.0,1.0,13.0,6.0,0,0,4
1836d8ac-0a2a-4832-a89a-58586feb4bb3,Summit,10.0,8.0,13.0,5.0,Bronze,1.0,145.545,3.0,1.0,2.0,13.0,9.0,1,2,2
d93a8a0e-4fec-4f7f-8d0d-8f2d9cd1ed26,Split,22.0,7.0,20.0,8.0,Bronze,1.0,230.357,3.0,3.0,0.0,13.0,15.0,1,0,4
b45a95ae-be23-4a07-875f-af4987c6345d,Ascent,6.0,3.0,18.0,5.0,Bronze,2.0,122.667,2.0,1.0,0.0,8.0,13.0,1,2,2
9f289e03-fa62-4f99-a930-c63251ffb0ef,Sunset,16.0,4.0,13.0,6.0,Bronze,2.0,197.619,0.0,1.0,1.0,13.0,8.0,1,2,2
8c2a5829-fe08-4cae-8678-a4c1aa755347,Lotus,14.0,4.0,13.0,3.0,Bronze,2.0,203.444,3.0,2.0,2.0,13.0,5.0,0,0,4
1b418288-316c-4b8d-a99b-5d3a68ff1cfa,Lotus,12.0,8.0,15.0,3.0,Bronze,1.0,139.13,0.0,2.0,3.0,13.0,10.0,1,0,4
ad9d2009-34c8-4643-92c5-4e9a503dae03,Haven,21.0,7.0,17.0,7.0,Bronze,2.0,279.565,2.0,0.0,0.0,10.0,13.0,0,0,4
4c5f4e2f-a0b1-4697-a70e-de2a32dc0d8c,Summit,9.0,5.0,21.0,4.0,Bronze,2.0,140.0,1.0,4.0,0.0,9.0,13.0,0,0,4
49c284e8-26e2-43dd-bbf9-224c15753f45,Sunset,15.0,14.0,7.0,3.0,Bronze,1.0,235.684,0.0,0.0,1.0,13.0,6.0,1,0,4
94feb501-5554-45b1-aca9-23a0ed853419,Breeze,7.0,4.0,5.0,4.0,Bronze,1.0,149.0,2.0,1.0,2.0,11.0,1.0,0,0,4
72fb5e98-8dd0-41ad-9352-aec2c892f398,Breeze,13.0,7.0,15.0,5.0,Bronze,1.0,198.75,2.0,2.0,0.0,7.0,13.0,0,0,4
5f9e85d0-5de2-43c2-a6cd-626f5fa15873,Haven,21.0,9.0,19.0,14.0,Bronze,2.0,220.429,3.0,3.0,0.0,14.0,14.0,1,0,4
f20e9141-259a-41ac-ac3e-c2c9797965ec,Sunset,9.0,4.0,15.0,5.0,Bronze,2.0,91.286,1.0,1.0,1.0,15.0,13.0,0,0,4
575d02ed-12e9-48a4-adb0-adad619de02a,Lotus,1.0,12.0,14.0,1.0,Bronze,2.0,63.125,0.0,2.0,0.0,3.0,13.0,0,0,4
f790d5eb-518b-4438-a88a-65a0e2f5d6ce,Haven,22.0,16.0,17.0,6.0,Bronze,2.0,275.846,4.0,2.0,1.0,14.0,12.0,1,0,4
3f1497c3-752f-4dd5-bf39-6988debc9460,Summit,11.0,4.0,8.0,5.0,Bronze,2.0,192.933,1.0,1.0,2.0,13.0,2.0,1,0,4
29c5f774-28c6-4a00-bddc-805f2682aee1,Sunset,4.0,3.0,10.0,0.0,Bronze,2.0,71.118,0.0,2.0,1.0,13.0,4.0,0,0,4
7c7994f5-94a3-4d1f-8888-436c590f4e36,Summit,24.0,6.0,22.0,8.0,Bronze,2.0,245.75,2.0,0.0,0.0,13.0,15.0,0,0,4
eceaecb8-123c-41a1-b62a-0ce72697945f,Haven,20.0,8.0,15.0,7.0,Bronze,2.0,226.292,2.0,3.0,1.0,13.0,11.0,1,0,4
38218a16-fbdf-4638-9bbf-18e70bfefbc7,Lotus,6.0,2.0,9.0,2.0,Bronze,2.0,100.111,0.0,3.0,0.0,5.0,13.0,1,0,4
138f4118-a314-4096-a3b4-373b76c74fb6,Pearl,12.0,10.0,23.0,11.0,Platinum,3.0,158.077,5.0,5.0,1.0,14.0,12.0,1,2,2
1cc6c1b3-e676-41c1-ae95-13fe9e011f4d,Breeze,24.0,2.0,15.0,12.0,Platinum,3.0,355.789,3.0,2.0,0.0,6.0,13.0,1,0,4
4b3edb88-a8ed-4e7d-a2bc-f4bf6744f750,Ascent,12.0,9.0,18.0,12.0,Platinum,3.0,219.263,0.0,2.0,0.0,6.0,13.0,0,0,4
7dae8cdf-2c75-4daa-b27a-ff40640d9542,Pearl,14.0,3.0,8.0,6.0,Platinum,3.0,231.706,2.0,0.0,1.0,13.0,4.0,0,0,4
da162e80-a02b-401c-baf5-099899a0b566,Fracture,24.0,10.0,12.0,21.0,Platinum,3.0,351.0,1.0,0.0,1.0,13.0,7.0,0,2,2
e02544c5-3fac-454b-9746-0f9433a88482,Ascent,11.0,5.0,15.0,9.0,Platinum,3.0,187.875,1.0,1.0,0.0,3.0,13.0,0,2,2
35af2a73-ea00-4751-8dc7-3cb52e07f606,Split,13.0,10.0,16.0,11.0,Platinum,3.0,180.429,1.0,1.0,1.0,13.0,8.0,0,2,2
7b00a0e0-8e83-4a3c-8558-33f11cf4d4d3,Fracture,39.0,6.0,22.0,32.0,Platinum,3.0,437.192,14.0,2.0,0.0,12.0,14.0,0,2,2
f03ad71c-7897-4530-8c12-2d848e9b9169,Haven,25.0,2.0,18.0,20.0,Platinum,3.0,293.5,5.0,6.0,1.0,13.0,11.0,0,1,3
36e1aa53-def0-4741-9abc-3e114487002b,Fracture,2.0,3.0,8.0,2.0,Platinum,3.0,64.6,0.0,1.0,0.0,2.0,6.0,0,2,2
80249c36-b57e-465e-a2f9-960a71845958,Ascent,15.0,3.0,21.0,12.0,Platinum,3.0,154.875,3.0,1.0,0.0,11.0,13.0,0,1,3
639c0e15-b0d8-424d-a5f7-5791d8d4050a,Haven,29.0,4.0,18.0,21.0,Platinum,3.0,368.19,5.0,1.0,1.0,13.0,8.0,0,1,3
dd77cedf-6c7f-4ff2-8628-0daaef4938b2,Breeze,18.0,4.0,19.0,14.0,Platinum,3.0,216.708,5.0,2.0,0.0,11.0,13.0,0,0,4
028627f9-cd82-472d-86f7-927c0b1ad9f0,Breeze,14.0,2.0,16.0,14.0,Platinum,3.0,178.048,1.0,0.0,0.0,8.0,13.0,0,2,2
b7d713aa-05db-4abe-a46d-fe131928394f,Pearl,15.0,10.0,18.0,14.0,Platinum,3.0,202.65,1.0,0.0,1.0,13.0,7.0,0,2,2
27d24c05-e803-43af-8059-39a7fe3e304f,Lotus,18.0,3.0,18.0,30.0,Platinum,3.0,248.19,7.0,5.0,0.0,8.0,13.0,1,2,2
9974047c-f682-47bd-affd-215733e92bb1,Fracture,16.0,6.0,19.0,12.0,Platinum,3.0,222.5,8.0,3.0,1.0,13.0,9.0,1,2,2
629f1293-1a86-4d91-9a72-d6225b8da783,Haven,16.0,4.0,11.0,14.0,Platinum,3.0,317.0,4.0,3.0,2.0,13.0,2.0,1,2,2
0fad51a7-f330-4fc9-a7f4-88d9a2daff6d,Split,16.0,5.0,13.0,12.0,Platinum,3.0,187.545,3.0,1.0,1.0,13.0,9.0,0,1,3
fd93f971-1833-4eae-8a7c-ab70f417eea7,Ascent,14.0,13.0,20.0,11.0,Platinum,3.0,193.292,0.0,1.0,0.0,11.0,13.0,0,2,2
9ad46b8c-3035-4e06-a0f1-e45bacb75f72,Breeze,15.0,3.0,17.0,14.0,Platinum,3.0,226.25,0.0,3.0,0.0,7.0,13.0,0,1,3
e8a75bf6-b2fb-4bb1-b2e8-8b91b615b0b2,Pearl,25.0,7.0,28.0,25.0,Platinum,3.0,263.633,6.0,9.0,0.0,15.0,15.0,0,1,3
2679d83f-4fcf-4665-b132-97c88a0396b1,Fracture,12.0,3.0,18.0,12.0,Platinum,3.0,180.05,4.0,6.0,1.0,13.0,7.0,1,2,2
830582cd-5fec-497c-ac68-bacbdb268c4f,Haven,18.0,1.0,12.0,7.0,Platinum,3.0,253.947,3.0,0.0,2.0,13.0,6.0,0,2,2
a385a934-6df9-4a4a-bec0-c4d988253e47,Pearl,26.0,8.0,15.0,22.0,Platinum,3.0,285.75,3.0,1.0,3.0,13.0,11.0,0,1,3
4bd80eee-0b47-416e-a2c9-559fe05cfe8a,Haven,35.0,5.0,19.0,34.0,Platinum,3.0,403.346,9.0,5.0,4.0,14.0,12.0,1,1,3
ee0003fa-24e2-449a-aba8-376509d32b92,Fracture,14.0,7.0,16.0,16.0,Platinum,3.0,201.857,6.0,5.0,5.0,13.0,8.0,1,3,1
40b11812-9986-41bd-9368-2186b7881401,Split,23.0,3.0,15.0,15.0,Platinum,3.0,258.417,2.0,0.0,1.0,13.0,11.0,0,0,4
97d89923-f501-4d01-95dd-53b9fcc85e38,Lotus,14.0,4.0,17.0,12.0,Platinum,3.0,231.5,6.0,1.0,0.0,7.0,13.0,0,0,4
47735504-1500-4c2b-ad6d-59a8ac0c25aa,Split,13.0,4.0,16.0,4.0,Platinum,3.0,193.4,2.0,4.0,0.0,7.0,13.0,0,2,2
82f1ba8a-e4da-44c1-bc52-47cb31e63cb5,Fracture,10.0,3.0,8.0,8.0,Platinum,3.0,194.462,2.0,0.0,1.0,13.0,0.0,1,0,4
9563313e-8fbf-4652-97d5-3f8602a9ba81,Fracture,16.0,15.0,10.0,14.0,Platinum,3.0,235.474,0.0,0.0,1.0,13.0,6.0,0,2,2
f8a76852-5648-4dee-b603-e251c72eb8b4,Ascent,24.0,6.0,21.0,20.0,Platinum,3.0,263.846,2.0,4.0,0.0,12.0,14.0,0,1,3
997a8907-a33a-42a3-b3e8-9b50aab9b763,Pearl,17.0,6.0,19.0,14.0,Platinum,3.0,237.0,6.0,6.0,0.0,7.0,13.0,0,1,3
24bde2f0-e315-4355-964a-ffe57814fe22,Ascent,17.0,7.0,17.0,7.0,Platinum,3.0,225.318,3.0,3.0,0.0,9.0,13.0,0,1,3
e649aa0b-c94f-4a80-9469-aa1f6d89e963,Breeze,8.0,6.0,17.0,3.0,Platinum,3.0,131.2,1.0,3.0,0.0,7.0,13.0,0,1,3
d74bbd8a-53b9-4c60-b616-1a4614f20622,Pearl,19.0,5.0,20.0,13.0,Platinum,3.0,221.375,3.0,4.0,1.0,13.0,11.0,1,1,3
26900cc0-ae58-4084-bbe1-6a624f4fc633,Ascent,15.0,3.0,17.0,6.0,Platinum,3.0,214.75,2.0,3.0,0.0,7.0,13.0,1,0,4
802089ea-e065-4148-a027-4acabed03e64,Breeze,17.0,3.0,19.0,17.0,Platinum,3.0,248.0,5.0,4.0,0.0,7.0,13.0,1,1,3
71e17766-75c7-4d1e-ac46-b0081af1e6cb,Lotus,20.0,7.0,22.0,18.0,Platinum,3.0,224.0,5.0,1.0,1.0,14.0,12.0,0,1,3
4d491e19-4106-425e-ae5c-ff25d17bee51,Breeze,21.0,3.0,17.0,4.0,Platinum,3.0,248.875,4.0,2.0,1.0,13.0,11.0,1,1,3
0449c7b0-d0b3-471e-9b78-e968ebfa5f6e,Ascent,11.0,14.0,18.0,11.0,Platinum,3.0,152.542,0.0,3.0,0.0,11.0,13.0,0,2,2
ba4aafa2-d71a-4624-9e12-9864895f69ab,Pearl,9.0,3.0,21.0,10.0,Platinum,3.0,110.0,0.0,4.0,1.0,13.0,10.0,1,2,2
ca498eec-66b8-4adf-b239-f04d5cfb6010,Fracture,13.0,15.0,24.0,6.0,Platinum,3.0,149.107,1.0,1.0,1.0,14.0,14.0,0,2,2
a45af059-a005-4685-a2d1-b1a440a2d6c6,Ascent,18.0,9.0,16.0,14.0,Platinum,3.0,272.455,5.0,6.0,1.0,13.0,9.0,0,0,4
4759af26-75d8-49ba-b43d-5e821f235d73,Lotus,21.0,4.0,8.0,15.0,Platinum,3.0,282.947,1.0,4.0,2.0,13.0,6.0,1,0,4
581cb6cd-e0da-4493-ba11-a4d4f1a08fd3,Pearl,16.0,11.0,13.0,6.0,Platinum,3.0,223.2,3.0,2.0,1.0,13.0,7.0,1,0,4
6ab8b2e6-2980-4ff2-98fe-c25f971c7040,Split,14.0,7.0,17.0,7.0,Platinum,3.0,178.292,2.0,3.0,0.0,11.0,13.0,0,0,4
380b8d02-cf3e-43c6-9875-aa150f2a05f3,Breeze,18.0,9.0,24.0,15.0,Platinum,3.0,206.821,5.0,5.0,0.0,13.0,15.0,0,0,4
755ebbab-8e79-4f48-807f-9faa983c5e7e,Haven,18.0,3.0,22.0,14.0,Platinum,3.0,193.786,4.0,3.0,0.0,13.0,15.0,1,0,4
f1a9a0bc-8c1e-4117-98cf-893de2f877f1,Fracture,12.0,6.0,12.0,4.0,Platinum,3.0,169.842,2.0,3.0,1.0,13.0,6.0,0,0,4
7beff112-4564-4cff-9899-0cca1905e1e9,Lotus,19.0,4.0,20.0,27.0,Platinum,3.0,214.208,1.0,4.0,2.0,13.0,11.0,1,0,4
1d856645-11bc-4143-a939-7fbfdc141f83,Pearl,14.0,5.0,17.0,10.0,Platinum,3.0,188.905,2.0,1.0,0.0,8.0,13.0,0,0,4
95d4c769-d035-4d75-b044-94b488eaa929,Split,14.0,7.0,12.0,9.0,Platinum,3.0,211.35,3.0,1.0,1.0,13.0,7.0,0,1,3
afcb1ee8-e2dc-4f97-87d8-fa691a31018f,Split,8.0,6.0,16.0,6.0,Platinum,3.0,136.882,0.0,1.0,0.0,4.0,13.0,0,1,3
54e2b280-44d1-4399-af26-b77942a59961,Fracture,18.0,6.0,15.0,6.0,Platinum,3.0,251.85,5.0,1.0,1.0,13.0,7.0,1,1,3
06689153-1a6e-45b0-b9c7-62e5389d1596,Breeze,19.0,9.0,18.0,13.0,Platinum,3.0,223.739,2.0,2.0,2.0,13.0,10.0,0,1,3
3e87fb6a-596a-471c-a817-4caaab17c308,Breeze,16.0,7.0,18.0,11.0,Diamond,1.0,164.038,2.0,1.0,0.0,12.0,14.0,0,1,3
5e4b52cd-f719-4288-8ce4-54cea82a41bf,Pearl,14.0,6.0,12.0,9.0,Diamond,1.0,198.778,2.0,2.0,1.0,13.0,5.0,0,1,3
6b9f8ee4-e746-4457-bdff-f33e1a999762,Ascent,10.0,4.0,13.0,4.0,Diamond,1.0,113.043,1.0,1.0,2.0,13.0,10.0,0,1,3
3b44e7a8-7a1c-4ad6-8376-1d084d929e98,Ascent,16.0,5.0,12.0,9.0,Platinum,3.0,278.938,0.0,1.0,3.0,13.0,3.0,1,1,3
2328e2b0-610b-40a7-9947-4ca33731942c,Summit,8.0,0.0,15.0,4.0,Unrated,,133.158,0.0,0.0,0.0,6.0,13.0,0,0,4
60bd62bf-d074-4275-8fd8-6661014716f2,Summit,12.0,3.0,17.0,7.0,Unrated,,167.136,2.0,2.0,0.0,9.0,13.0,1,0,4
ed3f1425-33d8-4df6-bcae-baf9681d68df,Ascent,15.0,9.0,15.0,10.0,Unrated,,193.125,2.0,3.0,1.0,13.0,11.0,0,0,4
7d37c4c1-5d1a-46c7-afc4-840ed61e63d4,Ascent,19.0,2.0,16.0,23.0,Gold,3.0,220.385,5.0,3.0,1.0,14.0,12.0,0,0,4
cb9a1ac2-c1b5-4fdd-ad0a-01c059bde65d,Haven,14.0,5.0,25.0,13.0,Unrated,,163.679,2.0,3.0,0.0,13.0,15.0,1,0,4
ee3e4241-bf8a-46bd-adf9-fafeb756aef2,Haven,12.0,8.0,19.0,11.0,Unrated,,183.435,2.0,5.0,0.0,10.0,13.0,1,0,4
b3e59a92-6016-4385-a49b-cb8ec3f7b38b,Split,16.0,6.0,18.0,9.0,Gold,3.0,150.167,0.0,2.0,1.0,16.0,14.0,0,0,4
5139861c-a5b3-4976-aa28-b0128dffb85a,Breeze,31.0,2.0,20.0,22.0,Gold,3.0,393.619,5.0,1.0,1.0,13.0,8.0,0,1,3
65e4c60f-3879-4240-b77f-86be57abcca8,Haven,31.0,1.0,11.0,22.0,Gold,3.0,422.316,4.0,1.0,2.0,13.0,6.0,0,1,3
975db31c-6491-4f59-84aa-3d9e62f0d57e,Lotus,10.0,1.0,14.0,12.0,Gold,3.0,205.5,4.0,5.0,0.0,1.0,13.0,0,1,3
3783a429-e6bb-4fb8-8d99-160c5843d11c,Sunset,16.0,4.0,17.0,14.0,Platinum,1.0,219.143,3.0,4.0,0.0,8.0,13.0,0,2,2
e10d91a0-c439-42c3-8613-c361947751ad,Lotus,25.0,5.0,18.0,29.0,Platinum,1.0,330.478,11.0,7.0,0.0,10.0,13.0,0,2,2
5f66116a-fd80-4840-8243-a84732166c7a,Haven,22.0,5.0,22.0,19.0,Platinum,1.0,252.042,2.0,1.0,1.0,13.0,11.0,1,2,2
0129ae3f-4d4c-443c-b548-bc94c9e4d5ce,Split,19.0,3.0,19.0,18.0,Platinum,1.0,248.348,0.0,3.0,0.0,10.0,13.0,1,2,2
a73efde2-a899-43fa-b022-b2a70873c335,Haven,5.0,7.0,15.0,3.0,Platinum,1.0,97.062,0.0,1.0,0.0,3.0,13.0,0,2,2
4f3512ef-9d0e-455b-9111-047be406b1fd,Lotus,21.0,12.0,17.0,15.0,Platinum,1.0,261.913,3.0,1.0,0.0,10.0,13.0,0,2,2
06f3edf9-7227-444b-a5cd-7fe86e51ab08,Split,15.0,7.0,12.0,13.0,Gold,3.0,258.25,2.0,1.0,1.0,13.0,3.0,1,2,2
af797b8e-0ec1-4976-a9b6-d88eb0a861bc,Ascent,28.0,5.0,14.0,26.0,Gold,3.0,352.87,3.0,1.0,0.0,10.0,13.0,0,2,2
f6311344-0dae-4eb1-89c0-3f9f8883702b,Haven,22.0,3.0,21.0,19.0,Gold,3.0,325.0,4.0,3.0,0.0,6.0,13.0,1,2,2
2a062f95-13a6-4cf6-8f62-f992e0fea698,Breeze,18.0,4.0,19.0,14.0,Gold,3.0,240.952,2.0,0.0,0.0,8.0,13.0,1,2,2
d454280b-4d82-4f80-9a11-9663f26f18b5,Summit,24.0,3.0,20.0,23.0,Platinum,1.0,304.636,3.0,5.0,0.0,9.0,13.0,0,2,2
019997e1-01d7-48e4-97ad-b2b5e1dc6f9f,Breeze,11.0,3.0,16.0,10.0,Gold,3.0,183.167,1.0,1.0,0.0,5.0,13.0,0,2,2
9dc22f01-79e5-4483-8ae8-dbd24a130398,Ascent,26.0,5.0,18.0,24.0,Gold,3.0,300.333,5.0,3.0,0.0,11.0,13.0,0,2,2
257de02d-5711-46c0-af7a-6d76e8a6bddf,Lotus,14.0,2.0,16.0,17.0,Gold,3.0,248.0,5.0,4.0,0.0,5.0,13.0,0,2,2
39d5ff5e-ee03-4663-86d3-ed4f5a140c7c,Split,19.0,2.0,10.0,10.0,Platinum,2.0,287.647,1.0,2.0,1.0,13.0,4.0,1,0,4
898e93bd-196d-4376-8f9f-d3ff7c1cf267,Ascent,16.0,3.0,6.0,7.0,Platinum,2.0,252.562,2.0,1.0,2.0,13.0,3.0,1,0,4
5def45b4-a316-4bb9-b707-ac65cc5e5572,Breeze,10.0,5.0,16.0,6.0,Platinum,2.0,196.471,1.0,0.0,0.0,4.0,13.0,0,0,4
d5928df5-960d-473d-ad91-5af3475b3fa3,Abyss,18.0,4.0,16.0,13.0,Platinum,3.0,249.455,3.0,1.0,0.0,9.0,13.0,0,1,3
219562a3-3737-4bb5-96fd-92b94db39a34,Abyss,16.0,3.0,17.0,14.0,Platinum,3.0,215.5,3.0,0.0,0.0,9.0,13.0,0,1,3
bdbb195f-e704-4769-aed0-17deb621f609,Lotus,13.0,7.0,10.0,8.0,Platinum,3.0,203.294,1.0,0.0,1.0,13.0,4.0,0,1,3
a1e4b73e-646e-4cee-9101-3372b03170ce,Split,20.0,3.0,9.0,11.0,Unrated,,270.105,2.0,0.0,2.0,13.0,6.0,1,1,3
8bb14c9f-0883-41d5-b6f2-354698265bac,Sunset,24.0,7.0,13.0,18.0,Platinum,3.0,297.174,1.0,1.0,1.0,13.0,10.0,0,1,3
210d973b-92b5-4d0b-8389-82c3ae056396,Ascent,25.0,5.0,13.0,16.0,Platinum,3.0,266.375,4.0,1.0,1.0,13.0,11.0,0,1,3
ab5a89dc-0f94-41c7-ae54-30e9ff67e850,Haven,8.0,8.0,18.0,7.0,Platinum,3.0,138.579,0.0,0.0,0.0,6.0,13.0,0,0,4
95bdacc1-47e8-405a-9bd1-1d1d62f16035,Haven,23.0,7.0,17.0,20.0,Bronze,1.0,280.5,3.0,2.0,0.0,11.0,13.0,1,3,1
72974e1c-a383-4dac-a63f-5e7d4b1d4b02,Split,19.0,2.0,14.0,8.0,Bronze,1.0,260.895,2.0,5.0,0.0,6.0,13.0,1,1,3
26dfbf07-2e88-4060-b8f7-d6dc6bdf2a80,Ascent,24.0,4.0,13.0,18.0,Bronze,1.0,377.471,8.0,1.0,1.0,13.0,4.0,1,1,3
08b6c4d0-7531-4ec0-a0a0-a4cd2148cd9e,Summit,8.0,5.0,16.0,10.0,Bronze,1.0,143.105,1.0,5.0,0.0,6.0,13.0,1,1,3
f48e0023-b884-46ab-a642-a31a413a921f,Summit,18.0,5.0,17.0,12.0,Bronze,1.0,245.81,4.0,5.0,0.0,8.0,13.0,1,1,3
c61ac094-c478-491f-a64b-3c8de20930a1,Haven,17.0,4.0,18.0,18.0,Bronze,1.0,206.333,3.0,2.0,1.0,13.0,11.0,1,1,3
c4920c11-90d9-4adb-86f8-a1c2133584e2,Ascent,17.0,6.0,14.0,12.0,Bronze,1.0,241.905,2.0,1.0,1.0,13.0,8.0,1,0,4
a4533ea2-51d0-4f59-989c-cccc427195dd,Summit,18.0,6.0,21.0,14.0,Bronze,2.0,220.667,0.0,3.0,0.0,11.0,13.0,1,0,4
905143cb-2e9e-4120-a0a8-366fb86135ab,Breeze,16.0,3.0,15.0,12.0,Bronze,2.0,227.238,1.0,1.0,1.0,13.0,8.0,0,0,4
8f013c5a-e8fb-4bf3-8e16-7ae8a437cedf,Breeze,10.0,6.0,18.0,10.0,Bronze,2.0,184.091,0.0,2.0,0.0,9.0,13.0,0,0,4
ded15123-6385-4c41-a2d9-9e5c643b2801,Sunset,11.0,2.0,20.0,7.0,Bronze,2.0,141.458,3.0,3.0,0.0,11.0,13.0,1,1,3
02117eb9-5ccb-4a3a-aa0b-7bde9bb6a8c3,Lotus,14.0,2.0,17.0,12.0,Bronze,2.0,238.368,2.0,4.0,0.0,6.0,13.0,0,1,3
797cd19e-b3f4-46da-8170-6af5dad9fa70,Sunset,20.0,4.0,16.0,17.0,Bronze,1.0,268.8,5.0,2.0,1.0,13.0,7.0,1,1,3
5efcffc3-9e30-4e00-b0a9-3e02d4df0f5c,Split,25.0,4.0,15.0,20.0,Bronze,1.0,383.222,7.0,3.0,2.0,13.0,5.0,1,1,3
7e3052b6-b6dd-424d-807c-026e3cf17c5c,Haven,18.0,1.0,15.0,8.0,Bronze,1.0,240.609,6.0,4.0,0.0,10.0,13.0,1,1,3
9cd49189-5d14-4756-bdf7-ce7d78c4c692,Ascent,23.0,7.0,18.0,18.0,Bronze,1.0,332.333,7.0,2.0,0.0,8.0,13.0,1,1,3
5d03e75a-924b-42f3-b5e2-9ddc09475dc0,Ascent,14.0,4.0,8.0,13.0,Bronze,1.0,273.8,1.0,0.0,1.0,10.0,2.0,1,1,3
13244431-c70b-4a87-a1a7-51a0a640847c,Ascent,14.0,10.0,23.0,12.0,Bronze,2.0,228.043,5.0,6.0,0.0,10.0,13.0,1,1,3
b6459cf3-b573-4143-bf9f-bfa14d6c01a4,Breeze,10.0,1.0,17.0,3.0,Bronze,2.0,132.95,0.0,1.0,0.0,7.0,13.0,0,0,4
ddaf3062-228d-4ddf-99c5-2a39aa72f3bc,Fracture,14.0,5.0,15.0,14.0,Ascendant,3.0,181.762,1.0,0.0,0.0,8.0,13.0,0,2,2
07a0abb0-ec09-4e5a-b4de-ce90cfd1c831,Pearl,19.0,11.0,26.0,16.0,Ascendant,3.0,224.577,2.0,4.0,0.0,12.0,14.0,1,3,1
635a6fdd-e06d-4561-8b29-8eb2b8eee7a2,Pearl,15.0,9.0,15.0,14.0,Ascendant,2.0,219.579,1.0,1.0,1.0,13.0,6.0,1,2,2
09050e08-edc1-4453-b21f-037b88de3f2b,Split,21.0,6.0,14.0,11.0,Ascendant,2.0,217.308,1.0,2.0,2.0,14.0,12.0,0,2,2
2827b4ee-b772-4c20-9c7a-9b5ea0c55485,Breeze,13.0,6.0,10.0,8.0,Ascendant,2.0,212.722,3.0,2.0,1.0,13.0,5.0,0,2,2
14cddb62-bcac-467a-a7d6-f83cb476316a,Split,16.0,4.0,13.0,9.0,Ascendant,2.0,229.25,1.0,1.0,2.0,13.0,7.0,0,2,2
f08a81d3-e6b2-4cae-a0f6-bf5ce6f8e909,Fracture,9.0,1.0,13.0,3.0,Ascendant,3.0,177.0,2.0,1.0,0.0,1.0,13.0,0,2,2
c78539c5-831a-4c6c-8ae9-7e2160ee8327,Breeze,17.0,8.0,17.0,17.0,Ascendant,3.0,210.455,1.0,1.0,1.0,13.0,9.0,1,1,3
f1c6bf32-90a9-4e99-a25c-ecb8bf17c340,Ascent,10.0,1.0,16.0,9.0,Ascendant,3.0,138.85,0.0,3.0,0.0,7.0,13.0,0,1,3
1784552e-ca05-41a0-b2a0-558a25098d3f,Breeze,14.0,1.0,10.0,11.0,Ascendant,2.0,249.188,3.0,0.0,1.0,13.0,3.0,0,1,3
c773fdce-47f6-4a01-8050-bd88561acf18,Fracture,20.0,6.0,16.0,12.0,Ascendant,2.0,244.522,2.0,3.0,2.0,13.0,10.0,0,1,3
dc1d2a79-74ef-4a50-b028-5ab76fda9d0b,Pearl,7.0,4.0,8.0,5.0,Ascendant,2.0,110.0,3.0,1.0,3.0,13.0,5.0,1,1,3
c8b0a30e-e058-449d-acc3-1eba40991b90,Pearl,13.0,7.0,6.0,10.0,Ascendant,3.0,250.533,3.0,1.0,1.0,13.0,2.0,0,1,3
0321a62d-9ca8-47d6-b381-86e5bd128d95,Ascent,16.0,2.0,14.0,16.0,Ascendant,3.0,216.455,1.0,1.0,2.0,13.0,9.0,0,1,3
847f89f9-f976-4223-9dc7-2d5b47e2a9de,Lotus,27.0,4.0,15.0,20.0,Ascendant,3.0,299.708,4.0,2.0,3.0,13.0,11.0,1,1,3
28db2cc7-bb05-49b4-9dd4-831af4e1b1df,Pearl,17.0,6.0,23.0,14.0,Ascendant,3.0,223.042,2.0,1.0,4.0,13.0,11.0,0,1,3
4dc4d310-6c4b-4110-8c58-85764e0e2d7b,Lotus,10.0,6.0,17.0,7.0,Ascendant,3.0,164.4,3.0,3.0,0.0,7.0,13.0,0,0,4
fa1beeb9-2818-4815-b660-fbb12600a566,Fracture,16.0,1.0,20.0,13.0,Ascendant,3.0,171.667,0.0,1.0,0.0,11.0,13.0,0,1,3
99b75780-b275-4efd-9fcd-507f15f38e1a,Breeze,20.0,12.0,17.0,16.0,Ascendant,3.0,187.367,1.0,3.0,1.0,16.0,14.0,0,1,3
f229df4d-1b1c-4792-9280-42f54e1b7b99,Ascent,9.0,5.0,18.0,4.0,Ascendant,3.0,107.542,1.0,2.0,2.0,13.0,11.0,0,1,3
4c65d040-4891-4d81-b1e9-3855590122f6,Split,17.0,6.0,15.0,8.0,Ascendant,3.0,262.286,3.0,1.0,3.0,13.0,8.0,1,1,3
2fb8c24a-50b7-4882-a419-011f2c71d1b0,Haven,12.0,3.0,16.0,11.0,Ascendant,3.0,183.55,1.0,2.0,0.0,7.0,13.0,0,1,3
01045f7e-d955-4765-94cd-51f799f0bf12,Split,16.0,8.0,23.0,17.0,Ascendant,3.0,159.967,4.0,3.0,0.0,15.0,15.0,0,1,3
b6bf6132-712a-47ef-9dd7-e062b3372a1b,Split,14.0,3.0,20.0,20.0,Ascendant,3.0,180.577,2.0,5.0,1.0,14.0,12.0,1,1,3
9e7b7c3a-947a-4da0-95d1-b02a899a34e8,Lotus,14.0,5.0,15.0,7.0,Ascendant,3.0,167.045,2.0,2.0,2.0,13.0,9.0,0,1,3
c104a6ec-9718-48f4-ad50-9d638caa112d,Pearl,20.0,3.0,19.0,14.0,Ascendant,3.0,203.893,1.0,3.0,3.0,15.0,13.0,0,1,3
f3fbc83c-85df-4caa-ab3d-0511041bca73,Fracture,21.0,3.0,15.0,8.0,Ascendant,3.0,216.783,2.0,4.0,0.0,10.0,13.0,0,1,3
27f6c2d0-85d9-4f1c-8ef3-7514c26e8e6e,Fracture,8.0,4.0,16.0,8.0,Ascendant,3.0,147.947,1.0,4.0,0.0,6.0,13.0,0,1,3
ecd36e2a-3a8f-41c3-bfed-3b378702678f,Pearl,9.0,1.0,12.0,4.0,Ascendant,3.0,94.909,0.0,1.0,1.0,13.0,9.0,0,1,3
7d4fd150-75f1-4143-ba11-c445358d56ae,Haven,10.0,12.0,20.0,10.0,Ascendant,3.0,147.333,0.0,1.0,0.0,11.0,13.0,0,1,3
37a9159b-6c58-4fc1-803b-6d94aae2e714,Fracture,13.0,12.0,9.0,7.0,Ascendant,3.0,178.75,1.0,3.0,1.0,13.0,7.0,0,1,3
09a0415e-a5c3-4798-b95d-160c0331716f,Haven,14.0,2.0,18.0,13.0,Ascendant,3.0,180.5,2.0,1.0,0.0,9.0,13.0,0,0,4
701f0f68-d02e-4acd-b78e-86c32b9ab1ff,Haven,12.0,2.0,19.0,9.0,Ascendant,3.0,159.762,1.0,4.0,0.0,8.0,13.0,1,0,4
6c9902f3-b4b8-4943-8583-5fabb4c84747,Ascent,18.0,15.0,21.0,12.0,Ascendant,3.0,195.464,2.0,3.0,1.0,15.0,13.0,0,0,4
93941ce9-758e-405d-a6f7-4dac8f773643,Ascent,13.0,5.0,13.0,13.0,Ascendant,3.0,174.318,2.0,3.0,2.0,13.0,9.0,0,0,4
b90f326e-66a1-4250-9364-c0528da2ec1e,Split,17.0,8.0,17.0,11.0,Ascendant,3.0,201.571,1.0,1.0,0.0,8.0,13.0,0,0,4
be91ce5b-d112-413d-aa2f-1ac4268d2685,Lotus,9.0,3.0,15.0,8.0,Diamond,3.0,128.7,1.0,4.0,1.0,13.0,7.0,0,0,4
4d8c3052-43b8-4fac-8e37-69c2cc8eb420,Ascent,10.0,1.0,14.0,8.0,Diamond,2.0,146.316,3.0,4.0,2.0,13.0,6.0,1,0,4
284f2214-defe-4727-a68c-4696c1c58adc,Ascent,19.0,12.0,19.0,16.0,Diamond,2.0,255.955,2.0,2.0,3.0,13.0,9.0,0,0,4
c962b2d5-3342-402e-9e0f-adb48b745a70,Breeze,14.0,1.0,8.0,6.0,Diamond,3.0,209.188,3.0,3.0,1.0,13.0,3.0,1,0,4
6f61af02-316a-42ca-a932-6cbf8bf569ef,Sunset,9.0,7.0,23.0,14.0,Diamond,3.0,138.364,3.0,7.0,0.0,9.0,13.0,0,0,4
205aa02a-1888-481a-a5b1-264711d5645b,Summit,16.0,2.0,11.0,10.0,Diamond,3.0,237.941,1.0,3.0,1.0,13.0,4.0,0,0,4
9a2c3b5d-184e-44cd-a2dd-31f5a8eb1019,Sunset,7.0,1.0,19.0,7.0,Diamond,3.0,110.857,1.0,4.0,0.0,8.0,13.0,0,0,4
684e2b53-5899-4b1a-9545-66ae774d6a79,Summit,6.0,3.0,14.0,6.0,Diamond,3.0,107.842,0.0,1.0,0.0,6.0,13.0,1,0,4
00bd8c03-9eef-4081-b34f-72d2a9a46558,Haven,18.0,4.0,18.0,16.0,Diamond,3.0,244.318,4.0,4.0,1.0,13.0,9.0,1,0,4
2facfc58-32cd-4624-8b2b-7b49ae56f506,Lotus,13.0,8.0,17.0,6.0,Diamond,3.0,169.409,2.0,1.0,2.0,13.0,9.0,1,0,4
7507123f-1d0e-40b9-b6e3-52995d6e4804,Breeze,14.0,2.0,9.0,8.0,Diamond,3.0,225.75,1.0,1.0,3.0,13.0,3.0,1,0,4
82518cca-3f35-4e11-b612-0024d2763d04,Split,2.0,7.0,6.0,3.0,Diamond,3.0,55.938,1.0,2.0,1.0,9.0,3.0,0,0,4
a789a044-c792-431a-8c97-4f98ee1c1d05,Summit,18.0,3.0,8.0,18.0,Diamond,3.0,293.647,2.0,3.0,2.0,13.0,4.0,0,0,4
c176ac0e-627e-464a-9aff-6117f96927e1,Split,15.0,7.0,25.0,7.0,Diamond,3.0,176.038,3.0,4.0,0.0,12.0,14.0,0,0,4
59fa841d-3f47-4752-ba31-bc7cb61b614e,Haven,14.0,3.0,19.0,9.0,Diamond,3.0,186.667,2.0,5.0,0.0,8.0,13.0,0,0,4
d4cbd31e-8459-4a4b-befd-837097cd89a9,Sunset,10.0,8.0,17.0,10.0,Diamond,3.0,165.87,3.0,2.0,1.0,13.0,10.0,1,0,4
40dd7b41-6471-4c0e-9943-b0985e1ed33a,Summit,17.0,4.0,17.0,17.0,Diamond,3.0,240.0,5.0,2.0,0.0,8.0,13.0,1,0,4
407d409e-e265-4872-8124-067afa74d763,Lotus,11.0,3.0,15.0,10.0,Diamond,3.0,201.312,0.0,1.0,0.0,3.0,13.0,0,0,4
e86b9f5a-d648-46bf-8ad8-2d01737907e4,Haven,18.0,8.0,19.0,16.0,Diamond,3.0,258.19,2.0,3.0,1.0,13.0,8.0,0,0,4
4ef23767-1880-4278-ace9-edad3f06a0b0,Breeze,21.0,9.0,21.0,19.0,Diamond,3.0,231.643,2.0,5.0,2.0,15.0,13.0,0,0,4
1beedd18-51b6-4108-ae79-cee8e0bbbb0c,Ascent,18.0,2.0,8.0,11.0,Diamond,3.0,234.579,0.0,1.0,3.0,13.0,6.0,0,0,4
fe2f5371-a424-4b23-bc2f-6224bfa8fab9,Sunset,21.0,6.0,20.0,12.0,Ascendant,1.0,217.107,1.0,3.0,0.0,14.0,14.0,1,0,4
597d9648-0f24-4b28-8761-4b65af4d9ff1,Split,7.0,5.0,16.0,5.0,Ascendant,1.0,136.778,0.0,2.0,0.0,5.0,13.0,0,0,4
3ecdb821-25d9-4739-8e9a-430a43c07926,Haven,22.0,4.0,16.0,15.0,Ascendant,1.0,245.609,4.0,6.0,1.0,13.0,10.0,0,0,4
e5647730-7dea-458b-b219-2570702912d6,Ascent,16.0,4.0,11.0,5.0,Ascendant,1.0,191.45,2.0,1.0,2.0,13.0,7.0,1,0,4
c9b2c641-2e40-4719-a285-43a6d1ab0a4e,Sunset,19.0,5.0,19.0,10.0,Ascendant,1.0,226.792,2.0,4.0,1.0,13.0,11.0,0,0,4
fab971a0-0080-44ad-9e54-964965d66fbf,Breeze,19.0,4.0,19.0,10.0,Ascendant,1.0,180.357,1.0,1.0,0.0,13.0,15.0,0,0,4
c212ff87-d695-4911-95e7-0858ad612a66,Summit,14.0,3.0,10.0,12.0,Ascendant,1.0,240.938,1.0,1.0,1.0,13.0,3.0,0,0,4
d017db9d-9210-4b55-babf-db33403de761,Sunset,19.0,4.0,18.0,10.0,Ascendant,1.0,203.923,6.0,5.0,0.0,12.0,14.0,1,0,4
dddf6194-e9bc-4fdc-934e-e8fa3d7dc394,Ascent,20.0,9.0,10.0,7.0,Ascendant,1.0,231.0,1.0,2.0,1.0,13.0,10.0,0,0,4
1c9f14c3-a6c6-4953-8d0a-2d705b1728d7,Haven,8.0,5.0,7.0,6.0,Ascendant,1.0,147.111,3.0,0.0,2.0,7.0,5.0,0,0,4
86ddc331-e045-4db7-9035-474f627ce94f,Split,15.0,6.0,9.0,11.0,Ascendant,1.0,247.833,2.0,2.0,3.0,13.0,5.0,0,0,4
8cd65c03-e9e7-492c-9b47-b60508386245,Lotus,20.0,8.0,9.0,16.0,Ascendant,2.0,289.7,2.0,0.0,1.0,13.0,7.0,0,0,4
0a064f6c-83cd-4365-aa54-aff09d8f7930,Haven,18.0,5.0,21.0,11.0,Ascendant,1.0,193.308,3.0,5.0,0.0,12.0,14.0,1,0,4
a5b346df-7958-4a90-8846-14646ad1e88c,Lotus,12.0,9.0,15.0,11.0,Ascendant,1.0,190.783,3.0,4.0,1.0,13.0,10.0,1,0,4
5e90553e-848b-4293-9112-f3a99c49d836,Haven,21.0,1.0,20.0,14.0,Ascendant,2.0,212.0,2.0,3.0,0.0,12.0,14.0,0,0,4
7fdb9f55-e42e-4b68-825b-f0a216d44cfd,Sunset,12.0,2.0,17.0,6.0,Ascendant,2.0,166.0,5.0,1.0,0.0,7.0,13.0,1,0,4
cad3dcf4-8718-4e51-816e-66a5d03e8a21,Breeze,8.0,6.0,14.0,9.0,Ascendant,2.0,116.13,0.0,4.0,1.0,13.0,10.0,0,0,4
c167fddd-e73d-4ec1-97c2-b7c5f48ac719,Split,17.0,15.0,18.0,15.0,Ascendant,2.0,241.636,3.0,0.0,1.0,13.0,9.0,0,0,4
88eda203-8040-422e-883a-903bdcff536d,Haven,16.0,1.0,15.0,9.0,Ascendant,1.0,215.579,1.0,5.0,2.0,13.0,6.0,0,0,4
db5affa9-d088-4493-b9c8-837b4406821e,Split,11.0,9.0,17.0,5.0,Ascendant,1.0,170.444,1.0,2.0,3.0,13.0,5.0,0,0,4
d3f78dfa-9d1b-4d0b-8075-b59013453bfa,Breeze,21.0,4.0,17.0,15.0,Ascendant,1.0,253.348,1.0,1.0,4.0,13.0,10.0,0,0,4
98cbdfc6-b6d4-45a6-88b8-42bfbd3b9b2d,Sunset,14.0,2.0,17.0,9.0,Ascendant,1.0,207.7,5.0,5.0,0.0,7.0,13.0,0,1,3
1a47bd1f-7d29-4aa3-b6be-98c6af4a5539,Lotus,16.0,3.0,18.0,12.0,Ascendant,2.0,217.227,1.0,0.0,0.0,9.0,13.0,1,0,4
8380dcff-ac6e-4265-bc0d-072780fa8238,Breeze,20.0,4.0,14.0,15.0,Ascendant,2.0,263.476,2.0,1.0,1.0,13.0,8.0,1,0,4
eeabf066-1943-4108-becf-d66a5a46ab05,Lotus,10.0,5.0,15.0,13.0,Ascendant,2.0,190.474,0.0,1.0,0.0,6.0,13.0,0,0,4
1a8865e8-47f9-4809-8253-dbc5b0205327,Ascent,29.0,3.0,17.0,14.0,Ascendant,2.0,342.909,0.0,0.0,0.0,9.0,13.0,1,0,4
3ae297c0-ace6-4937-8b72-05726618deef,Summit,15.0,3.0,16.0,6.0,Ascendant,1.0,172.087,3.0,0.0,1.0,13.0,10.0,0,0,4
012f2afd-8d0d-48f7-99e4-c9dde5042c41,Lotus,23.0,0.0,13.0,12.0,Ascendant,1.0,252.5,4.0,1.0,2.0,13.0,11.0,1,0,4
3a978f89-9c06-44ae-bedc-965481183ad1,Haven,15.0,4.0,11.0,13.0,Ascendant,1.0,216.842,4.0,1.0,3.0,13.0,6.0,1,0,4
828114a9-6b3a-4896-9113-de699a68f134,Ascent,17.0,1.0,18.0,14.0,Ascendant,1.0,215.792,3.0,3.0,0.0,11.0,13.0,1,0,4
7001fe37-abaf-416a-b9f3-f054e5c28605,Breeze,10.0,3.0,17.0,9.0,Ascendant,1.0,146.0,0.0,5.0,0.0,10.0,13.0,1,1,3
a163a101-7d6d-4aa6-9763-ff77d7e68518,Sunset,14.0,4.0,15.0,10.0,Ascendant,1.0,203.913,1.0,4.0,1.0,13.0,10.0,0,0,4
ac2efdd9-07cf-4232-a456-f1f96e3e5492,Lotus,8.0,2.0,14.0,9.0,Ascendant,2.0,199.5,1.0,1.0,0.0,1.0,13.0,0,0,4
0a9bd630-5673-4b82-a531-724b82d78339,Lotus,13.0,2.0,17.0,9.0,Ascendant,1.0,207.611,3.0,5.0,0.0,5.0,13.0,1,0,4
0f288bb4-a75b-4dd5-8328-58a3c7a2c706,Ascent,15.0,3.0,16.0,12.0,Ascendant,1.0,233.474,3.0,3.0,0.0,6.0,13.0,0,1,3
eddba9ef-0289-496e-b2b2-d8094175de4b,Sunset,14.0,1.0,13.0,9.0,Ascendant,1.0,207.167,2.0,1.0,1.0,13.0,5.0,1,0,4
6a05ebf1-620d-4af8-8339-235023650934,Ascent,14.0,3.0,7.0,8.0,Ascendant,1.0,204.824,4.0,2.0,2.0,13.0,4.0,1,0,4
5934e09c-9ee2-492b-8a59-1dafdf0f482c,Split,18.0,12.0,16.0,11.0,Ascendant,1.0,232.174,1.0,1.0,0.0,10.0,13.0,0,0,4
e10f67da-b0a9-4a03-a917-ee737733bb76,Split,16.0,8.0,14.0,12.0,Ascendant,1.0,247.833,2.0,0.0,1.0,13.0,5.0,0,0,4
d62af142-b6bb-43ad-b9b8-2c37a8dda4cd,Haven,15.0,6.0,9.0,12.0,Ascendant,1.0,249.75,0.0,1.0,1.0,13.0,3.0,1,0,4
b02dc444-866a-4389-a47c-2e28cffd7329,Ascent,27.0,7.0,18.0,17.0,Ascendant,1.0,312.542,0.0,0.0,2.0,13.0,11.0,1,0,4
8e437e78-5468-4911-a5dc-2acc19a42496,Lotus,9.0,3.0,15.0,5.0,Ascendant,2.0,148.5,2.0,1.0,0.0,3.0,13.0,0,0,4
586e21d0-e009-411e-8770-d734b8ccc1c6,Split,20.0,6.0,21.0,14.0,Ascendant,1.0,228.417,7.0,3.0,0.0,11.0,13.0,0,0,4
01852ae9-38b9-4447-aeb1-84098a82218a,Lotus,15.0,6.0,20.0,12.0,Ascendant,2.0,204.174,3.0,2.0,0.0,10.0,13.0,1,0,4
34139bbe-6894-48bb-9529-eb8e3783a0e9,Lotus,7.0,5.0,17.0,5.0,Ascendant,2.0,104.905,1.0,6.0,0.0,8.0,13.0,0,0,4
afd24cea-5c38-4c53-b8fa-9c415b3e51a7,Lotus,20.0,4.0,18.0,10.0,Ascendant,1.0,221.667,3.0,6.0,0.0,11.0,13.0,1,0,4
c673a181-b4fc-4e0d-9dee-90325187755f,Split,14.0,0.0,15.0,16.0,Ascendant,1.0,223.263,3.0,0.0,0.0,6.0,13.0,1,0,4
82d29581-f965-4a39-b204-8cf9eccda718,Breeze,13.0,2.0,14.0,9.0,Ascendant,1.0,220.412,0.0,2.0,0.0,4.0,13.0,0,0,4
a9383a8a-0f95-4978-9126-bc0edf0be4d2,Split,19.0,7.0,20.0,16.0,Ascendant,1.0,254.087,3.0,3.0,0.0,10.0,13.0,0,0,4
caa1534b-fcc0-4bfa-80e2-5edd9d70e293,Lotus,25.0,6.0,20.0,15.0,Ascendant,1.0,249.533,5.0,6.0,0.0,15.0,15.0,1,0,4
c184d781-d04a-40a5-bb73-4eb2b514fe0f,Summit,16.0,4.0,11.0,11.0,Ascendant,1.0,239.579,2.0,2.0,1.0,13.0,6.0,0,0,4
a54aa217-de78-4f47-96cc-fa9c1eb474db,Ascent,14.0,11.0,18.0,13.0,Ascendant,1.0,202.762,1.0,5.0,2.0,13.0,8.0,0,0,4
19d7970e-22d0-491b-9198-db7ea1ae748a,Summit,10.0,8.0,20.0,13.0,Ascendant,1.0,166.5,4.0,5.0,0.0,11.0,13.0,0,0,4
bce30487-d2d3-438e-836d-0588e5910bca,Haven,13.0,6.0,10.0,12.0,Ascendant,1.0,267.0,4.0,3.0,1.0,13.0,2.0,1,0,4
a2d41e83-d08a-4fc8-8277-3ff05746a70e,Lotus,27.0,5.0,18.0,19.0,Ascendant,1.0,320.25,5.0,2.0,2.0,13.0,11.0,1,0,4
e0e4e68b-f5af-4a1f-a893-9c1ae0375323,Lotus,13.0,2.0,21.0,10.0,Ascendant,1.0,147.875,1.0,4.0,0.0,11.0,13.0,0,0,4
fc051467-71dd-43dd-b76a-b7b3786e8193,Summit,9.0,7.0,18.0,7.0,Ascendant,1.0,174.95,1.0,6.0,0.0,7.0,13.0,0,0,4
59292497-d39c-41e4-b563-b17972f97ee6,Sunset,18.0,12.0,14.0,13.0,Ascendant,1.0,249.286,2.0,2.0,1.0,13.0,8.0,0,0,4
b49f7d31-5648-40bc-a478-976db7dfb7f4,Ascent,19.0,2.0,16.0,18.0,Ascendant,1.0,295.263,4.0,2.0,0.0,6.0,13.0,0,1,3
83846cf9-f316-47ef-8026-07cb80bf9f9a,Breeze,15.0,2.0,16.0,11.0,Ascendant,1.0,221.3,6.0,5.0,0.0,7.0,13.0,1,1,3
9bd75318-4fa2-4c4d-a84f-8dc841507e24,Haven,24.0,2.0,11.0,19.0,Ascendant,1.0,322.0,4.0,1.0,1.0,13.0,6.0,0,1,3
7e412466-5c2a-4668-8d31-c5d70a5e855a,Split,10.0,2.0,14.0,8.0,Ascendant,1.0,169.278,1.0,3.0,0.0,5.0,13.0,0,1,3
8dd37155-cce9-4f56-bedc-58250a150481,Haven,14.0,6.0,13.0,9.0,Ascendant,1.0,205.1,2.0,1.0,1.0,13.0,7.0,0,0,4
4483b930-90d3-4f20-8d52-cff7913e3508,Split,14.0,6.0,15.0,11.0,Ascendant,1.0,209.6,1.0,2.0,2.0,13.0,7.0,1,0,4
5460fa3f-bbb3-4a96-ae2e-d7a8169a9010,Sunset,16.0,2.0,10.0,11.0,Ascendant,1.0,238.556,1.0,1.0,1.0,13.0,5.0,0,0,4
cc88a408-80a2-4e71-bfe6-3772812cae71,Summit,20.0,16.0,14.0,14.0,Ascendant,1.0,254.292,2.0,0.0,1.0,13.0,11.0,0,0,4
5bce8ef0-e38d-458f-945d-04689ca7be8b,Split,10.0,5.0,18.0,8.0,Ascendant,1.0,137.739,1.0,6.0,2.0,13.0,10.0,1,0,4
2bf249e3-7e9e-498d-8f00-e92969b9f306,Haven,9.0,1.0,18.0,6.0,Ascendant,1.0,116.857,1.0,8.0,0.0,8.0,13.0,0,0,4
4587cb3b-1cc2-499a-9940-043678d508ee,Sunset,16.0,13.0,21.0,10.0,Ascendant,1.0,196.458,3.0,1.0,1.0,13.0,11.0,0,0,4
07a00f08-ae19-44f0-bea7-082c5a52304c,Summit,8.0,1.0,15.0,5.0,Ascendant,1.0,96.05,0.0,5.0,0.0,7.0,13.0,0,0,4
32029903-75a1-4154-b522-c1a6f4b75dbe,Split,9.0,8.0,14.0,6.0,Ascendant,1.0,172.474,3.0,3.0,1.0,13.0,6.0,1,0,4
f38644c5-0e5e-4031-b653-d1425d6ae06c,Lotus,17.0,4.0,17.0,12.0,Ascendant,1.0,224.85,3.0,3.0,0.0,7.0,13.0,0,0,4
44e2afaa-7c67-4437-b85c-577f534f7a11,Breeze,9.0,2.0,9.0,2.0,Ascendant,1.0,163.714,3.0,2.0,1.0,13.0,1.0,0,0,4
d8edc8b2-2f13-481f-a870-2d2b8eb64ce5,Breeze,11.0,6.0,17.0,11.0,Ascendant,1.0,168.45,1.0,1.0,0.0,7.0,13.0,1,0,4
509aa09b-a7b1-4d7b-a935-bd3660b1cc58,Breeze,12.0,2.0,17.0,6.0,Ascendant,1.0,188.263,1.0,3.0,0.0,6.0,13.0,1,0,4
d7a8dfdd-de57-49c2-bccd-c7e16c5ca874,Lotus,18.0,2.0,15.0,12.0,Ascendant,1.0,226.391,3.0,2.0,1.0,13.0,10.0,0,0,4
a5689ca2-d981-42d5-b598-e8b77182e556,Summit,17.0,10.0,18.0,15.0,Ascendant,1.0,190.25,4.0,0.0,0.0,13.0,15.0,1,0,4
5f0243e2-8466-47ee-accf-a95128b89a06,Split,15.0,8.0,13.0,7.0,Ascendant,1.0,243.889,3.0,2.0,1.0,13.0,5.0,0,0,4
f4024caa-3f41-4cfd-8c0b-79377e153258,Split,12.0,6.0,12.0,11.0,Ascendant,1.0,176.2,1.0,5.0,2.0,13.0,7.0,1,0,4
e2038ed5-19d1-41f1-a1d5-b70011891f14,Sunset,20.0,6.0,16.0,12.0,Ascendant,1.0,288.0,1.0,1.0,0.0,7.0,13.0,1,0,4
ceba2cd6-6ae6-46eb-978f-7ebf3d21abd6,Ascent,20.0,10.0,17.0,13.0,Ascendant,1.0,283.913,3.0,4.0,1.0,13.0,10.0,1,0,4
12b510c6-da39-4143-9358-5376863bfac9,Lotus,5.0,14.0,18.0,5.0,Ascendant,1.0,81.174,0.0,4.0,0.0,10.0,13.0,0,0,4
b0f67ff5-ad39-4e64-9688-643c50cd4c6b,Split,18.0,3.0,20.0,14.0,Ascendant,1.0,225.458,2.0,4.0,0.0,11.0,13.0,0,0,4
3da37693-f843-4256-b5e8-a7236cdb750f,Haven,9.0,3.0,16.0,11.0,Ascendant,1.0,179.941,3.0,4.0,0.0,4.0,13.0,1,0,4
a7407544-e32d-41d5-8f02-5959e0bfd200,Ascent,15.0,3.0,16.0,12.0,Ascendant,1.0,243.667,2.0,2.0,0.0,5.0,13.0,1,0,4
3c69f280-64ca-412d-997c-a8b3d3b6ca81,Sunset,6.0,4.0,18.0,4.0,Ascendant,1.0,92.5,1.0,4.0,0.0,7.0,13.0,0,0,4
eb74ac47-fff8-4915-9ddc-a4bac3b820ad,Lotus,19.0,5.0,18.0,10.0,Ascendant,1.0,263.19,2.0,4.0,0.0,8.0,13.0,0,0,4
59e8ced2-1453-48e4-bb38-202fe9ab6078,Lotus,11.0,4.0,14.0,11.0,Diamond,3.0,200.882,2.0,4.0,0.0,4.0,13.0,1,0,4
2543a8e5-b540-4349-b8ca-397e173feca8,Haven,22.0,4.0,15.0,15.0,Diamond,3.0,293.381,3.0,1.0,0.0,8.0,13.0,1,1,3
01b7fd90-a069-4a6f-b52a-923c09aaed46,Split,25.0,2.0,11.0,16.0,Diamond,3.0,299.727,2.0,1.0,1.0,13.0,9.0,1,1,3
6815e315-e374-47de-8a38-2cca3288570a,Sunset,29.0,5.0,16.0,19.0,Diamond,3.0,371.857,4.0,2.0,2.0,13.0,8.0,1,1,3
a7b6194d-09de-4950-975b-06d8fa5d8b9c,Lotus,11.0,4.0,16.0,6.0,Diamond,3.0,157.095,1.0,5.0,0.0,8.0,13.0,1,1,3
40d1e070-247a-4b4c-bd6c-7be9f18a9106,Ascent,14.0,1.0,15.0,7.0,Diamond,3.0,245.588,2.0,3.0,0.0,4.0,13.0,1,0,4
698b734b-d1f8-46f3-83f5-3fb010d85835,Breeze,13.0,3.0,19.0,6.0,Diamond,3.0,158.667,1.0,5.0,0.0,11.0,13.0,0,0,4
a8e07539-a650-4e0e-9ec6-739ec5df20d8,Summit,14.0,1.0,6.0,10.0,Diamond,3.0,222.4,1.0,2.0,1.0,13.0,2.0,1,0,4
5bc5bf76-7d62-4c7c-ae1f-250a59b4d10d,Lotus,15.0,5.0,19.0,12.0,Diamond,3.0,192.091,0.0,3.0,2.0,13.0,9.0,1,0,4
090dd15d-9348-4a0f-9b24-51ffeab42363,Ascent,14.0,1.0,15.0,9.0,Diamond,3.0,176.048,2.0,3.0,0.0,8.0,13.0,1,0,4
6ea348b4-d61a-40b7-9da0-29176c2dab07,Abyss,23.0,5.0,12.0,23.0,Diamond,3.0,379.412,6.0,1.0,1.0,13.0,4.0,1,0,4
5f0101b1-e609-4b1a-ac20-abc20d8960a2,Abyss,19.0,5.0,18.0,16.0,Diamond,2.0,241.909,4.0,4.0,2.0,13.0,9.0,1,0,4
b51a787c-79ea-49d0-ba4a-aab3740c9d27,Lotus,24.0,10.0,19.0,21.0,Diamond,3.0,301.522,3.0,1.0,1.0,13.0,10.0,0,0,4
f73585e4-0174-4cce-abcf-55cce531c8a6,Split,10.0,3.0,13.0,5.0,Bronze,1.0,170.118,0.0,1.0,0.0,4.0,13.0,1,0,4
b531c1d0-478e-4936-ab54-186c40c8d309,Breeze,11.0,2.0,14.0,3.0,Bronze,1.0,183.778,1.0,2.0,0.0,5.0,13.0,1,0,4
7ee1c306-6c94-4022-8200-bf17d9572003,Sunset,23.0,3.0,19.0,18.0,Bronze,1.0,260.208,2.0,2.0,0.0,11.0,13.0,1,0,4
24faa953-16fa-4794-af7d-d0a6fb596192,Ascent,6.0,6.0,10.0,5.0,Bronze,1.0,90.125,1.0,0.0,1.0,13.0,3.0,1,0,4
95bdacc1-47e8-405a-9bd1-1d1d62f16035,Haven,14.0,5.0,13.0,12.0,Bronze,1.0,184.583,3.0,2.0,0.0,11.0,13.0,0,3,1
58d9a0f9-c383-47eb-93b3-a594abef0265,Summit,21.0,3.0,18.0,9.0,Bronze,1.0,247.417,3.0,0.0,0.0,11.0,13.0,0,0,4
c4bff9d5-49fb-49c3-9bca-2acc90d2964a,Sunset,24.0,5.0,17.0,12.0,Bronze,1.0,349.048,2.0,2.0,0.0,8.0,13.0,1,0,4
e71e46e8-d080-45e1-9e6c-ae789b0ad3e5,Breeze,21.0,4.0,17.0,10.0,Bronze,1.0,233.542,4.0,0.0,0.0,11.0,13.0,0,0,4
174a8dd5-9d29-40cb-82fa-28924b82976d,Sunset,19.0,7.0,12.0,17.0,Bronze,1.0,268.85,1.0,0.0,1.0,13.0,7.0,0,0,4
cfd7fdb7-a4ad-4d8b-a62e-c744764a2fbc,Breeze,17.0,4.0,16.0,12.0,Bronze,2.0,218.25,1.0,1.0,0.0,7.0,13.0,0,0,4
ff37d359-ab8e-494e-8633-7f7e96292898,Ascent,11.0,9.0,15.0,9.0,Bronze,1.0,207.211,0.0,1.0,1.0,13.0,6.0,1,0,4
d9eeb61b-5650-4dd9-a468-bcdc749fad57,Split,18.0,14.0,13.0,14.0,Bronze,1.0,236.905,1.0,1.0,2.0,13.0,8.0,0,0,4
5521e7c5-2d60-4286-83de-471f8adeb13e,Ascent,18.0,6.0,15.0,14.0,Bronze,1.0,242.091,3.0,5.0,3.0,13.0,9.0,0,0,4
5fbc02d2-0d2d-4ec9-a465-cd4ba314bd94,Summit,17.0,8.0,17.0,11.0,Bronze,2.0,202.269,0.0,2.0,0.0,12.0,14.0,0,0,4
5627f4d9-a5a5-4264-879b-801f30a45b52,Lotus,18.0,6.0,17.0,13.0,Bronze,2.0,246.333,2.0,0.0,0.0,8.0,13.0,0,0,4
a415cff6-28b7-4d85-b690-cc67053cc6bb,Split,25.0,12.0,15.0,17.0,Bronze,2.0,363.682,7.0,0.0,1.0,13.0,9.0,1,0,4
64ca2a89-dd1d-4bde-b9dc-4618e336f5fc,Summit,11.0,3.0,16.0,7.0,Bronze,1.0,155.526,0.0,4.0,0.0,6.0,13.0,0,0,4
5003790f-b63f-4141-bf85-47ed044c9cf1,Split,9.0,8.0,13.0,6.0,Bronze,2.0,173.278,1.0,2.0,0.0,5.0,13.0,1,0,4
d6f2eeba-817a-4d12-b7cc-4a278b11848e,Haven,15.0,7.0,19.0,11.0,Bronze,2.0,210.0,2.0,2.0,0.0,9.0,13.0,1,0,4
73fb1e84-3e5e-4baf-a16f-fb3198fb8484,Breeze,17.0,7.0,22.0,8.0,Bronze,1.0,188.286,0.0,1.0,0.0,13.0,15.0,0,0,4
f623b31f-ad72-4825-875c-7bde9d0c5640,Ascent,17.0,4.0,9.0,11.0,Bronze,1.0,247.059,0.0,1.0,1.0,13.0,4.0,1,0,4
f8cc6779-c13e-4e10-8e17-a02e155e258f,Lotus,17.0,2.0,17.0,8.0,Bronze,2.0,193.273,1.0,1.0,0.0,9.0,13.0,0,0,4
5a0276a2-8ab0-419a-8888-a9dbc3b006f7,Lotus,13.0,5.0,18.0,7.0,Bronze,2.0,207.85,1.0,0.0,0.0,7.0,13.0,1,0,4
19d68633-df3d-4b43-8a95-2a9f2d862d2a,Breeze,19.0,4.0,12.0,10.0,Bronze,1.0,360.867,4.0,1.0,1.0,13.0,2.0,1,0,4
f57f8446-503a-428a-b4da-134437892fe3,Lotus,16.0,6.0,18.0,8.0,Bronze,1.0,171.654,1.0,0.0,1.0,14.0,12.0,1,0,4
607d2bf6-2fb4-456f-b147-ce999f5b66a2,Summit,10.0,9.0,17.0,7.0,Bronze,1.0,146.05,0.0,2.0,0.0,7.0,13.0,0,0,4
00aa6f9a-e901-4bf6-a894-46c0cd7b056f,Breeze,15.0,3.0,12.0,12.0,Bronze,1.0,195.45,3.0,1.0,1.0,13.0,7.0,1,0,4
21867f0e-12a1-4028-966f-a7263c96bde4,Split,22.0,6.0,17.0,14.0,Bronze,1.0,251.696,0.0,1.0,0.0,10.0,13.0,0,0,4
7c225960-6329-40f3-ad60-2664a6c4c016,Summit,17.0,2.0,21.0,17.0,Bronze,1.0,181.133,3.0,3.0,0.0,15.0,15.0,0,0,4
ecfe04a5-c8f4-4903-9eda-b5083597d598,Lotus,17.0,11.0,17.0,7.0,Bronze,2.0,213.455,0.0,2.0,1.0,13.0,9.0,1,0,4
d3fcf473-263a-4de0-be0f-6421e6f0c2d7,Summit,11.0,8.0,18.0,6.0,Bronze,2.0,126.826,1.0,2.0,1.0,13.0,10.0,0,0,4
59a7e8de-07b0-499b-9a3f-bc523fd1fbe0,Split,16.0,7.0,15.0,13.0,Bronze,2.0,218.636,0.0,1.0,2.0,13.0,9.0,1,0,4
62b71845-306a-444a-a7f7-2a49b2f8621e,Sunset,10.0,9.0,12.0,7.0,Bronze,2.0,190.0,4.0,3.0,3.0,13.0,2.0,1,0,4
71ed6eef-a797-45a0-9ade-18be7e5ebf0b,Sunset,17.0,5.0,15.0,10.0,Bronze,2.0,207.136,1.0,0.0,4.0,13.0,9.0,0,0,4
949477b2-08ea-4aa3-9f99-6c2c738c3d93,Lotus,20.0,6.0,9.0,10.0,Bronze,2.0,248.737,1.0,0.0,1.0,13.0,6.0,1,0,4
129a15a3-b5e2-4935-b853-85401deacbb4,Ascent,5.0,5.0,14.0,7.0,Bronze,3.0,117.529,1.0,2.0,0.0,4.0,13.0,0,0,4
cbf35b11-36fc-469e-be23-683b75ac2bcc,Split,11.0,0.0,7.0,5.0,Bronze,3.0,148.316,0.0,1.0,0.0,6.0,13.0,1,2,2
67c9ef9a-dac6-47ec-b690-dac159a5850b,Lotus,23.0,9.0,17.0,12.0,Bronze,3.0,221.577,0.0,2.0,1.0,14.0,12.0,1,2,2
04b3e217-c214-439d-bee9-bdb3a4d9cba1,Ascent,13.0,5.0,14.0,7.0,Bronze,3.0,236.611,1.0,0.0,0.0,5.0,13.0,0,0,4
752b9963-dc9a-4ec7-9ad0-9dfdcdab2522,Breeze,14.0,4.0,12.0,5.0,Bronze,3.0,203.105,1.0,3.0,1.0,13.0,6.0,0,0,4
da4e170a-ff2f-4ce3-9dd8-8404c1a37696,Haven,17.0,3.0,9.0,14.0,Bronze,3.0,278.588,1.0,2.0,1.0,13.0,4.0,1,0,4
399ad132-7aa4-4f34-814f-4774a30bd72c,Sunset,23.0,11.0,17.0,11.0,Bronze,3.0,244.679,2.0,2.0,0.0,13.0,15.0,1,0,4
74fc0950-6304-4fb8-9df6-2703195816bd,Lotus,14.0,7.0,16.0,9.0,Bronze,3.0,171.429,0.0,4.0,0.0,8.0,13.0,0,0,4
5d8b2d24-33af-461b-b457-b27f1c21391c,Ascent,19.0,12.0,14.0,11.0,Bronze,3.0,258.105,1.0,0.0,1.0,13.0,6.0,1,0,4
9a9a5b9b-a241-4aee-b469-53bf92edb1bf,Haven,11.0,6.0,19.0,6.0,Bronze,3.0,161.864,5.0,0.0,0.0,9.0,13.0,1,0,4
3d2d4c8d-95ed-43ea-8c2d-1a61557ecaf7,Split,15.0,12.0,14.0,9.0,Bronze,3.0,186.696,1.0,2.0,1.0,13.0,10.0,0,0,4
efe30ddf-ce6a-4d5e-bf2a-7f11be10d177,Haven,13.0,6.0,15.0,11.0,Bronze,3.0,155.545,0.0,1.0,1.0,13.0,9.0,1,0,4
a1dea397-8532-4963-b390-cb68e1b87547,Split,19.0,11.0,16.0,10.0,Bronze,3.0,236.261,1.0,1.0,0.0,10.0,13.0,0,0,4
f24dd23d-6789-40b1-b1ea-c2e0bba5634d,Summit,9.0,6.0,14.0,6.0,Bronze,3.0,113.458,0.0,0.0,1.0,13.0,11.0,0,0,4
02d6ee77-9cf5-4524-9042-1b08ae6359b6,Sunset,19.0,7.0,17.0,13.0,Bronze,3.0,237.304,0.0,1.0,0.0,10.0,13.0,1,0,4
74230288-e9d3-460e-8853-331cd2a82248,Abyss,22.0,4.0,5.0,9.0,Iron,3.0,374.8,4.0,0.0,1.0,13.0,2.0,1,1,3
c4e72169-a14a-46be-b548-bcc10bb0351f,Summit,17.0,7.0,20.0,9.0,Iron,3.0,236.208,6.0,3.0,0.0,11.0,13.0,1,1,3
82f810d6-2bd8-4ad1-b05d-2d8285808529,Split,8.0,1.0,14.0,4.0,Iron,3.0,208.714,1.0,2.0,0.0,1.0,13.0,1,1,3
3e682b66-3338-4d20-b6df-80d78941c956,Lotus,21.0,3.0,12.0,5.0,Iron,3.0,240.227,0.0,1.0,1.0,13.0,9.0,1,1,3
80ea5616-af5f-444b-9f3a-be2f327828fe,Summit,15.0,7.0,20.0,10.0,Iron,3.0,216.478,4.0,2.0,0.0,10.0,13.0,1,1,3
771ef4b4-b560-4b73-88c9-cbe24c51d6a5,Abyss,14.0,10.0,6.0,6.0,Iron,3.0,288.5,2.0,2.0,1.0,11.0,1.0,1,0,4
6cee83e7-b75b-4c44-98c1-88058f30313a,Lotus,12.0,7.0,15.0,3.0,Iron,3.0,153.0,1.0,4.0,0.0,8.0,13.0,0,1,3
ce7dc9a0-b19d-42e5-bc3d-fd653623e087,Lotus,14.0,5.0,15.0,5.0,Iron,3.0,229.158,1.0,2.0,1.0,13.0,6.0,1,0,4
2b9a1ada-cbc1-41e6-906c-81c13876ae0d,Split,17.0,2.0,21.0,10.0,Iron,3.0,189.692,1.0,0.0,1.0,14.0,12.0,1,0,4
2cd9231f-4f37-4023-9c63-fa016af11ae1,Sunset,13.0,6.0,23.0,7.0,Iron,3.0,147.538,1.0,1.0,1.0,14.0,12.0,1,0,4
f45c01d6-5d97-4bf1-a2bd-7d67f01d1e0f,Abyss,17.0,11.0,18.0,12.0,Iron,3.0,279.048,4.0,2.0,0.0,8.0,13.0,1,0,4
33e4b614-35a7-4cf6-8d01-1097f3a89c93,Ascent,17.0,8.0,16.0,7.0,Iron,3.0,256.19,3.0,4.0,0.0,8.0,13.0,1,1,3
f40a38a8-c2f2-48a4-aaf9-a72c4cce69ff,Summit,6.0,9.0,15.0,3.0,Bronze,3.0,123.85,0.0,2.0,0.0,7.0,13.0,0,1,3
619b227e-ceb6-4e02-9a7c-ba06dd735997,Ascent,18.0,5.0,8.0,10.0,Bronze,3.0,344.375,4.0,0.0,1.0,13.0,3.0,1,1,3
236a4b63-986b-4489-9b6b-d5e6b795f84c,Ascent,22.0,7.0,17.0,7.0,Bronze,3.0,257.75,2.0,4.0,2.0,13.0,11.0,0,1,3
2d937d2c-c089-4c32-9437-accbc59278a7,Lotus,14.0,11.0,11.0,5.0,Bronze,3.0,220.053,0.0,1.0,3.0,13.0,6.0,0,1,3
fc964577-7a68-4fc8-bbee-56739d15c49c,Summit,23.0,7.0,18.0,14.0,Bronze,3.0,282.0,6.0,0.0,0.0,11.0,13.0,1,0,4
701091de-f228-440f-a4f7-631939fe400c,Split,15.0,11.0,12.0,5.0,Bronze,3.0,246.278,2.0,0.0,1.0,13.0,5.0,0,0,4
a7a5284e-3048-4062-a0cb-b012a517bf8a,Summit,15.0,7.0,14.0,5.0,Bronze,3.0,205.81,5.0,3.0,1.0,13.0,8.0,0,0,4
42c32053-75f5-486e-bcf2-851fee3a95a7,Split,16.0,9.0,13.0,12.0,Bronze,3.0,226.7,1.0,2.0,2.0,13.0,7.0,1,0,4
4dc2e76a-7615-439f-8182-d76b33c60546,Abyss,9.0,4.0,14.0,2.0,Silver,1.0,148.167,2.0,1.0,1.0,13.0,5.0,1,0,4
ef17a854-6d3c-4a4f-a61c-ff000974df0d,Ascent,13.0,10.0,19.0,4.0,Silver,1.0,182.667,2.0,3.0,1.0,13.0,11.0,1,0,4
adf2242b-081d-40c6-b34c-bea016fb125d,Lotus,5.0,12.0,18.0,3.0,Silver,1.0,98.238,0.0,3.0,0.0,8.0,13.0,1,0,4
26312911-1d0f-4142-aa6d-cb77f50989a2,Sunset,12.0,13.0,17.0,7.0,Silver,1.0,191.75,1.0,0.0,0.0,7.0,13.0,0,0,4
65d07f72-6e1c-4c52-a62e-53a791376952,Sunset,9.0,9.0,13.0,5.0,Silver,1.0,136.5,1.0,1.0,1.0,13.0,9.0,1,0,4
34e5942b-719b-4af4-84f4-a7a923aa7ffd,Ascent,10.0,5.0,17.0,4.0,Silver,1.0,120.25,1.0,1.0,2.0,13.0,11.0,0,0,4
bca818e2-26c6-478b-b553-0468087993df,Abyss,20.0,14.0,16.0,11.0,Silver,1.0,241.385,1.0,4.0,0.0,12.0,14.0,1,1,3
23d21cd9-bf76-4fd9-aa46-a9b6e4d0afba,Summit,13.0,6.0,17.0,6.0,Silver,1.0,205.045,1.0,1.0,0.0,9.0,13.0,0,0,4
b448620f-03bb-401d-ae3a-11b606f2d8e7,Haven,25.0,6.0,12.0,9.0,Silver,1.0,318.667,2.0,2.0,1.0,13.0,8.0,1,1,3
5e964b73-0b96-4c8e-8e2b-b9d2d050eaa3,Split,10.0,9.0,20.0,5.0,Silver,1.0,151.182,3.0,4.0,2.0,13.0,9.0,0,1,3
a3bd222a-4b1f-49b0-a1d0-4f8acc74625f,Summit,22.0,15.0,20.0,16.0,Silver,1.0,270.115,1.0,2.0,1.0,14.0,12.0,0,0,4
abf13c4f-febb-464b-aebf-05ed600bc4af,Abyss,15.0,0.0,14.0,5.0,Silver,1.0,262.556,2.0,1.0,0.0,5.0,13.0,0,1,3
36969771-8a18-42a2-9acf-3f7d582dce1b,Haven,11.0,9.0,16.0,9.0,Silver,1.0,200.789,0.0,1.0,0.0,6.0,13.0,1,1,3
fe345489-2511-4e7e-9ab1-ef7b1479898f,Summit,23.0,10.0,20.0,15.0,Silver,1.0,256.346,0.0,1.0,0.0,12.0,14.0,0,0,4
3a9a57c4-c43c-4bc5-9751-a9377d0b7f5c,Lotus,20.0,12.0,18.0,14.0,Silver,1.0,286.826,1.0,2.0,1.0,13.0,10.0,0,1,3
34f37a75-1c10-4a78-9017-56fa663cbc83,Abyss,27.0,4.0,12.0,5.0,Silver,1.0,344.136,6.0,1.0,2.0,13.0,9.0,0,1,3
70a78738-7dc4-46fe-8394-37ccf8a3f390,Lotus,14.0,11.0,18.0,11.0,Silver,1.0,166.0,3.0,6.0,3.0,13.0,11.0,1,1,3
2e87fe95-3ee8-4488-87f1-1a03de3e57a3,Split,19.0,4.0,14.0,5.0,Silver,1.0,256.818,3.0,1.0,1.0,13.0,9.0,1,0,4
16dfbcfa-ac30-447b-9f8d-44449b21d720,Haven,20.0,5.0,12.0,8.0,Silver,1.0,270.25,3.0,1.0,2.0,13.0,7.0,1,0,4
5a75a0b1-7d0e-41b9-9e4c-6e89d1a4b196,Split,20.0,4.0,16.0,4.0,Silver,2.0,240.818,1.0,2.0,1.0,13.0,9.0,1,0,4
42e0dfec-09bc-434b-8861-2879d4b687d2,Sunset,18.0,3.0,18.0,8.0,Silver,2.0,190.731,1.0,4.0,0.0,12.0,14.0,1,0,4
efb44ce0-921f-468d-b1be-2ee2e0b0e253,Split,13.0,8.0,16.0,5.0,Silver,1.0,163.182,2.0,1.0,1.0,13.0,9.0,0,1,3
96f1fb5a-051a-4df5-b7aa-7e12258942e5,Lotus,11.0,5.0,18.0,4.0,Silver,1.0,160.348,4.0,4.0,0.0,10.0,13.0,1,1,3
eae353e5-19d4-4539-ba63-5fc640413780,Abyss,10.0,6.0,18.0,1.0,Silver,2.0,171.571,3.0,0.0,0.0,8.0,13.0,1,1,3
5d4401fe-47a9-4800-afe9-32e6be9a7554,Ascent,5.0,4.0,15.0,0.0,Silver,2.0,100.6,1.0,3.0,0.0,2.0,13.0,0,1,3
25f7f495-3025-463c-97f5-0441f3ae7a03,Summit,17.0,5.0,17.0,13.0,Silver,3.0,265.9,5.0,3.0,0.0,7.0,13.0,1,0,4
c01d4a58-53a5-49a2-b731-d33a45c12637,Split,22.0,2.0,16.0,10.0,Silver,3.0,289.227,3.0,2.0,0.0,9.0,13.0,1,0,4
bedaa0ee-5d1d-41d0-b929-ed5ec0ce4d02,Haven,16.0,4.0,11.0,8.0,Silver,3.0,241.0,3.0,3.0,1.0,13.0,6.0,1,0,4
89697cf7-2e42-4457-8938-69cc706faf53,Haven,19.0,6.0,16.0,14.0,Silver,3.0,270.333,4.0,4.0,0.0,8.0,13.0,1,3,1
c7bef244-08ab-47a2-b774-346b73ced305,Summit,14.0,2.0,19.0,8.0,Silver,3.0,157.308,4.0,2.0,1.0,14.0,12.0,1,0,4
c28d400e-02df-4d02-b35d-21b77e1d6bc6,Abyss,17.0,5.0,16.0,12.0,Silver,3.0,242.95,2.0,2.0,1.0,13.0,7.0,1,0,4
53173f35-8b29-488c-9e71-a987377694d2,Ascent,9.0,11.0,20.0,5.0,Silver,3.0,128.667,0.0,1.0,0.0,11.0,13.0,0,0,4
aba63ef8-1609-45f9-b7d5-4620ecdd81ba,Split,9.0,7.0,15.0,8.0,Silver,3.0,156.368,1.0,3.0,1.0,13.0,6.0,0,0,4
32467625-d64f-4567-9290-0bc5ec7a3941,Split,21.0,2.0,18.0,16.0,Silver,3.0,228.174,1.0,5.0,1.0,13.0,10.0,0,0,4
c456d2a0-4613-414f-9bd6-fe4898e5adc4,Haven,15.0,4.0,21.0,15.0,Silver,3.0,218.364,4.0,3.0,0.0,9.0,13.0,0,0,4
611e090c-84bb-419d-8073-a2f81a0e2f7d,Summit,22.0,4.0,12.0,12.0,Silver,3.0,320.632,4.0,0.0,1.0,13.0,6.0,1,0,4
baf1ebd4-a844-407d-92b4-ae3342e79087,Split,15.0,3.0,12.0,3.0,Gold,1.0,236.471,3.0,0.0,1.0,13.0,4.0,1,0,4
b03992be-9d3a-471b-8cf7-901fd5699539,Lotus,14.0,2.0,18.0,10.0,Silver,3.0,142.231,1.0,4.0,2.0,14.0,12.0,0,0,4
e022a47a-8974-46a8-a927-9cbc96b8fe0e,Haven,13.0,2.0,16.0,5.0,Gold,1.0,213.647,2.0,2.0,0.0,4.0,13.0,1,0,4
a92dc388-ab97-44c2-b298-06c1e1afef3c,Lotus,23.0,3.0,17.0,9.0,Gold,1.0,254.231,6.0,2.0,1.0,14.0,12.0,1,0,4
6e7f3783-a791-44d2-9d49-7f9f4904361b,Summit,22.0,2.0,17.0,11.0,Gold,1.0,283.0,5.0,1.0,0.0,8.0,13.0,1,0,4
70ee439b-8ff0-4f36-8934-2765c5869aaa,Summit,6.0,4.0,13.0,4.0,Radiant,,146.062,1.0,0.0,0.0,3.0,13.0,1,1,3
8caaaf97-55e5-4acf-b03e-bdef83d78c3b,Abyss,15.0,2.0,15.0,10.0,Radiant,,194.1,0.0,1.0,0.0,7.0,13.0,0,1,3
169efd44-ce1f-4a42-b89a-3a7ad6d887df,Summit,11.0,7.0,14.0,11.0,Radiant,,155.182,0.0,2.0,1.0,13.0,9.0,1,1,3
3748c582-3059-4da7-ab57-13156015654d,Ascent,20.0,3.0,14.0,9.0,Radiant,,262.1,5.0,4.0,2.0,13.0,7.0,0,1,3
b21df5bc-3a7a-40fc-8a71-8253c78e72aa,Ascent,11.0,5.0,6.0,8.0,Immortal,3.0,214.267,0.0,1.0,3.0,13.0,2.0,0,1,3
5b2c968e-e460-4d7a-910d-a6c0100ba839,Split,13.0,4.0,14.0,11.0,Radiant,,249.059,2.0,1.0,0.0,4.0,13.0,1,0,4
b4d54dcc-9b68-4cb6-b439-8cc2a85380f3,Lotus,17.0,4.0,13.0,11.0,Radiant,,219.667,6.0,1.0,1.0,13.0,11.0,0,0,4
c184fce8-f14e-4fdf-a0a0-b5760ce6c119,Summit,20.0,6.0,12.0,12.0,Radiant,,252.773,2.0,3.0,2.0,13.0,9.0,1,0,4
d211cad3-d091-44eb-9bdc-ffc1060c9f42,Lotus,24.0,12.0,12.0,20.0,Radiant,,376.722,3.0,0.0,3.0,13.0,5.0,1,0,4
00af1b68-60ae-454c-afac-24bbabe549ed,Haven,13.0,1.0,2.0,6.0,Radiant,,203.786,0.0,0.0,4.0,13.0,1.0,0,0,4
46430cfc-7733-4834-ba46-4f1772c9ff7a,Lotus,7.0,3.0,16.0,3.0,Radiant,,90.667,1.0,1.0,0.0,8.0,13.0,1,0,4
0eb5395a-11d8-44c5-b751-169606bdba2f,Ascent,13.0,8.0,11.0,8.0,Radiant,,190.474,3.0,0.0,1.0,13.0,6.0,0,0,4
1819f284-6d02-4383-9afd-587432475859,Split,13.0,6.0,7.0,10.0,Immortal,3.0,237.929,0.0,1.0,2.0,13.0,1.0,1,0,4
56807e03-54ea-4697-bce7-baf7d2ecbbef,Summit,9.0,7.0,14.0,9.0,Immortal,3.0,168.941,1.0,1.0,0.0,4.0,13.0,1,0,4
95b88ccc-968f-4229-8c22-949d0a6c5837,Sunset,13.0,2.0,15.0,11.0,Radiant,,200.412,1.0,2.0,0.0,4.0,13.0,0,0,4
b946c59d-cf60-46b3-b748-017ff31c1590,Ascent,12.0,3.0,16.0,8.0,Radiant,,185.45,1.0,2.0,0.0,7.0,13.0,0,0,4
27816bb6-caf6-43f8-8e5e-937a813c70c5,Summit,12.0,3.0,8.0,8.0,Radiant,,176.176,2.0,2.0,1.0,13.0,4.0,1,0,4
e679741e-5ed1-4233-890e-d7be4855dda6,Split,13.0,8.0,11.0,6.0,Radiant,,195.684,0.0,1.0,1.0,13.0,6.0,1,1,3
0e68c7f4-91b4-452d-b210-e661442f870c,Abyss,21.0,11.0,19.0,19.0,Radiant,,233.964,2.0,0.0,0.0,13.0,15.0,0,0,4
c51b44c4-c265-4896-b33d-cd6ef167b6d5,Lotus,25.0,7.0,14.0,18.0,Radiant,,245.615,0.0,3.0,1.0,14.0,12.0,1,1,3
36bbc148-7427-4568-8594-d94de38963c2,Haven,17.0,7.0,10.0,10.0,Radiant,,223.714,2.0,1.0,2.0,13.0,8.0,1,1,3
40ec040f-5a78-4093-a222-3e2047a6805f,Summit,15.0,7.0,19.0,11.0,Radiant,,179.667,0.0,2.0,0.0,11.0,13.0,0,1,3
0542960b-a7cd-4aa1-8583-1f9a666c19f5,Ascent,12.0,11.0,17.0,11.0,Radiant,,161.917,1.0,1.0,0.0,11.0,13.0,0,1,3
e4591b9a-a018-4ad8-b7c6-cdf5e732022d,Sunset,16.0,7.0,14.0,11.0,Radiant,,195.0,0.0,2.0,0.0,11.0,13.0,1,1,3
8fa64bdb-1161-420c-8fe3-28c60e875109,Split,12.0,3.0,4.0,9.0,Radiant,,229.214,3.0,0.0,1.0,13.0,1.0,0,0,4
03618de3-4676-48e1-874f-3994a2369a73,Lotus,24.0,9.0,13.0,18.0,Radiant,,279.773,0.0,2.0,2.0,13.0,9.0,0,0,4
d32afb24-da56-4215-a9f5-ee3b04b7a576,Sunset,9.0,6.0,7.0,3.0,Radiant,,117.647,0.0,1.0,3.0,13.0,4.0,1,0,4
322b5e13-e2f6-4a96-b94f-04e3bb80eb32,Sunset,8.0,3.0,16.0,5.0,Radiant,,127.3,1.0,3.0,0.0,7.0,13.0,1,0,4
efc08444-a62a-4e68-a133-5d5e6c65e455,Lotus,17.0,6.0,12.0,17.0,Radiant,,225.652,2.0,1.0,1.0,13.0,10.0,0,0,4
6929e383-c665-41d6-bd5c-b541a6ee3b08,Haven,15.0,3.0,15.0,14.0,Radiant,,230.789,1.0,0.0,0.0,6.0,13.0,1,0,4
e2349ac1-3c05-45d3-8b6e-31d479a0083b,Sunset,13.0,9.0,16.0,10.0,Radiant,,194.696,1.0,1.0,0.0,10.0,13.0,1,0,4
efc09579-18fe-47c1-a6b6-d96b880064c6,Summit,13.0,18.0,12.0,7.0,Radiant,,190.238,3.0,3.0,1.0,13.0,8.0,0,0,4
9fa0cf16-ad4e-4b48-8e32-04df990252ef,Haven,7.0,13.0,8.0,4.0,Radiant,,150.529,0.0,1.0,2.0,13.0,4.0,1,0,4
b43c801a-38e9-47e6-a8eb-c39e1e11a70b,Summit,3.0,1.0,5.0,3.0,Radiant,,67.357,1.0,2.0,0.0,1.0,5.0,0,0,4
0b8ad109-6b51-45da-8576-754d88fdd7dc,Abyss,10.0,7.0,15.0,9.0,Radiant,,128.048,0.0,1.0,1.0,13.0,8.0,1,0,4
1146b056-cbc3-4f13-bc69-b07759c31ac1,Lotus,10.0,8.0,1.0,1.0,Radiant,,232.077,3.0,0.0,2.0,13.0,0.0,0,1,3
3511db1e-f378-42ed-9596-3fbcc295da07,Summit,11.0,7.0,15.0,9.0,Radiant,,190.4,3.0,1.0,0.0,7.0,13.0,0,0,4
e49eb610-9c53-45c1-9107-a5d6320a1552,Ascent,24.0,8.0,13.0,23.0,Radiant,,319.636,2.0,0.0,1.0,13.0,9.0,1,0,4
0733df80-2112-4d2c-a3e1-5f453600eef9,Lotus,13.0,7.0,11.0,11.0,Radiant,,186.905,1.0,2.0,2.0,13.0,8.0,0,0,4
5d2ed6e1-c865-410c-84f2-5b9e63fa7cb3,Abyss,10.0,5.0,15.0,9.0,Radiant,,170.444,0.0,1.0,0.0,5.0,13.0,1,0,4
e9879fcc-5e7d-42cf-a4df-98e7b60c5cc0,Split,25.0,11.0,19.0,19.0,Radiant,,300.125,2.0,1.0,0.0,11.0,13.0,0,1,3
f265e1ea-e44a-4b99-b04b-c7548f09b86a,Ascent,14.0,4.0,14.0,12.0,Radiant,,177.273,0.0,2.0,0.0,9.0,13.0,1,0,4
793e2bf6-5b4a-4806-bcaf-0fee2f526222,Sunset,19.0,1.0,14.0,13.0,Radiant,,214.043,0.0,0.0,0.0,10.0,13.0,1,0,4
a8c5d977-3a54-4e9f-a7cb-96d727b9c094,Haven,18.0,2.0,11.0,17.0,Radiant,,242.95,2.0,0.0,1.0,13.0,7.0,1,0,4
4a4828e2-75e4-40f7-b163-fa824366650c,Abyss,15.0,6.0,12.0,10.0,Radiant,,222.3,3.0,1.0,2.0,13.0,7.0,1,0,4
5ca13525-e247-4c4d-8f14-4d929198b7d4,Haven,12.0,10.0,8.0,10.0,Radiant,,223.706,1.0,1.0,1.0,13.0,4.0,1,1,3
c0974f08-8080-47ef-81f1-6333a1f53870,Sunset,11.0,1.0,11.0,8.0,Radiant,,145.045,1.0,0.0,2.0,13.0,9.0,1,1,3
b81bf279-5aac-4f08-a8fc-12fb98a9cdc0,Abyss,17.0,12.0,16.0,12.0,Radiant,,206.958,0.0,1.0,1.0,13.0,11.0,1,1,3
d284cd7c-5f40-4987-a1cd-3e1ad62a493e,Lotus,20.0,18.0,21.0,12.0,Radiant,,233.393,4.0,0.0,0.0,13.0,15.0,0,0,4
31ef094d-b3ab-43a7-ab9e-91a73c8dbab4,Lotus,7.0,4.0,17.0,3.0,Radiant,,126.278,2.0,1.0,0.0,5.0,13.0,0,0,4
bb0ca5cf-7c15-4216-a5ae-51ee8cebe9c3,Haven,13.0,7.0,15.0,7.0,Radiant,,193.318,3.0,3.0,0.0,9.0,13.0,1,0,4
17a5ecf9-88d8-4df0-8827-1a9edfee44b7,Summit,14.0,7.0,12.0,15.0,Radiant,,193.909,2.0,2.0,1.0,13.0,9.0,0,1,3
e103b623-6bbc-4921-ac69-a0d8b28af480,Sunset,13.0,4.0,17.0,13.0,Radiant,,158.0,0.0,1.0,0.0,10.0,13.0,1,0,4
737d6503-be70-4f8e-944d-75b087ee1d20,Ascent,22.0,12.0,15.0,23.0,Radiant,,286.545,0.0,0.0,1.0,13.0,9.0,1,0,4
a7b6dc2e-7c75-4df1-829b-e35bbfb99150,Ascent,7.0,5.0,17.0,4.0,Unrated,,113.19,0.0,1.0,0.0,8.0,13.0,1,0,4
15753874-5a8e-479b-bab7-0680d5500ff8,Breeze,11.0,2.0,15.0,8.0,Immortal,1.0,159.05,4.0,5.0,0.0,7.0,13.0,0,1,3
5eecc32c-0e54-4325-bd2b-7d455518f080,Breeze,22.0,6.0,18.0,22.0,Immortal,1.0,262.208,4.0,4.0,1.0,13.0,11.0,0,1,3
a9c41f68-4797-4881-bb92-07b6d8db2208,Split,26.0,5.0,19.0,22.0,Immortal,1.0,321.667,2.0,4.0,0.0,11.0,13.0,0,1,3
eafc43e5-fe9d-4648-b381-ece28e93e846,Split,24.0,9.0,25.0,21.0,Immortal,1.0,320.667,3.0,1.0,0.0,11.0,13.0,1,1,3
57210cd7-a7f4-4a0f-bc38-e439b50962b2,Split,26.0,15.0,13.0,15.0,Immortal,1.0,407.333,1.0,1.0,1.0,13.0,5.0,1,1,3
10dd3bd3-d668-4694-8b42-41193bf6a745,Haven,31.0,4.0,11.0,24.0,Ascendant,3.0,483.941,4.0,1.0,1.0,13.0,4.0,1,0,4
3142f147-4504-43dd-9f91-60c27cf54faf,Split,16.0,3.0,20.0,15.0,Immortal,1.0,213.905,1.0,1.0,0.0,8.0,13.0,1,1,3
926cd0c3-078e-4ace-ad37-a69dc2200ac7,Haven,28.0,9.0,18.0,24.0,Immortal,1.0,378.727,2.0,1.0,0.0,9.0,13.0,1,1,3
9257dcfe-61ef-4844-9441-6d95fc294642,Breeze,20.0,7.0,21.0,17.0,Ascendant,3.0,277.727,5.0,3.0,0.0,9.0,13.0,1,1,3
7c628c2c-d1a0-49c0-a678-5d3a47ecae48,Ascent,12.0,6.0,17.0,8.0,Ascendant,3.0,210.056,2.0,3.0,0.0,5.0,13.0,1,1,3
3f2b084d-3b8f-497a-89e2-ae0b45665805,Ascent,19.0,12.0,18.0,11.0,Ascendant,3.0,247.682,3.0,1.0,1.0,13.0,9.0,1,1,3
5a197a03-0958-494b-8121-3022673d8ff3,Lotus,23.0,4.0,25.0,21.0,Ascendant,3.0,297.652,1.0,2.0,0.0,10.0,13.0,1,1,3
1c49c530-c41e-49c2-8f15-9af1a22f7ee2,Haven,20.0,11.0,23.0,18.0,Ascendant,3.0,232.792,3.0,1.0,1.0,13.0,11.0,1,1,3
b41abd9c-3fff-4f24-b94e-5bb007a6fcca,Lotus,17.0,8.0,20.0,12.0,Ascendant,3.0,235.455,3.0,0.0,0.0,9.0,13.0,1,1,3
626b5730-588f-487d-a7ef-62826fc14eb2,Ascent,22.0,11.0,22.0,15.0,Ascendant,3.0,297.261,2.0,3.0,0.0,10.0,13.0,1,1,3
a7f6a580-7cb5-4250-bce1-13d29d8cb689,Pearl,12.0,9.0,18.0,12.0,Ascendant,3.0,186.105,2.0,1.0,0.0,6.0,13.0,1,1,3
1cfd5a6c-9d18-4b13-8dd3-9516f0c6543c,Fracture,24.0,12.0,22.0,21.0,Ascendant,3.0,337.348,4.0,1.0,0.0,10.0,13.0,1,1,3
5c232a47-8ba6-477a-98b4-8522ec08ecdc,Pearl,24.0,6.0,15.0,16.0,Ascendant,3.0,312.7,2.0,2.0,1.0,13.0,7.0,1,1,3
130f85a7-d1a0-4df9-84ea-f94bd86d92f7,Lotus,18.0,6.0,17.0,18.0,Ascendant,3.0,257.091,2.0,0.0,1.0,13.0,9.0,1,1,3
285c6edd-c012-4414-a86b-255baba83dfe,Breeze,6.0,4.0,23.0,2.0,Ascendant,3.0,100.048,3.0,1.0,0.0,8.0,13.0,1,1,3
f089440b-5a3b-42ed-b7bc-447d7bbdac35,Pearl,29.0,7.0,20.0,27.0,Ascendant,3.0,315.308,5.0,0.0,0.0,12.0,14.0,1,1,3
490a0794-e5ae-4367-bd04-d17e523ccf1f,Haven,18.0,4.0,19.0,18.0,Ascendant,3.0,255.762,4.0,0.0,0.0,8.0,13.0,1,1,3
95be3b93-807a-4200-9233-964c3063eb7a,Pearl,28.0,7.0,13.0,25.0,Ascendant,2.0,394.95,4.0,4.0,1.0,13.0,7.0,1,1,3
92508ae8-031c-476f-9fd7-d15e6d16f16f,Fracture,29.0,9.0,19.0,22.0,Ascendant,2.0,343.167,4.0,2.0,0.0,11.0,13.0,0,1,3
d67cf012-0e48-4ea6-ae3b-edccfc176141,Sunset,14.0,8.0,21.0,11.0,Unrated,,187.667,4.0,4.0,0.0,8.0,13.0,1,1,3
b8ae8660-6c3d-4497-bfaf-ab1191b49a83,Split,13.0,2.0,15.0,11.0,Unrated,,201.278,3.0,6.0,0.0,5.0,13.0,0,1,3
9f77630d-52e8-4a32-8e86-1b24f8f0ba42,Breeze,13.0,3.0,17.0,13.0,Unrated,,181.217,3.0,4.0,0.0,10.0,13.0,0,1,3
3686c64e-81c2-4b7e-9f25-0c906c0b9692,Ascent,26.0,7.0,22.0,20.0,Diamond,3.0,323.043,0.0,3.0,0.0,10.0,13.0,1,1,3
5d118e5f-81a1-43dd-b9b2-ccab1f1787fc,Breeze,14.0,4.0,18.0,11.0,Unrated,,240.9,3.0,1.0,0.0,7.0,13.0,0,2,2
d4e4f29a-3a33-4612-aa0f-51f99d495f2f,Lotus,20.0,7.0,19.0,13.0,Unrated,,271.6,1.0,2.0,0.0,7.0,13.0,1,2,2
a7c8ccb5-ec0b-457a-b873-21fc76bd7c26,Sunset,23.0,3.0,21.0,23.0,Diamond,3.0,296.409,2.0,2.0,0.0,9.0,13.0,1,2,2
74c89f1d-6f6f-4b3a-9e26-6b56e7047ffe,Split,23.0,9.0,24.0,15.0,Diamond,3.0,313.583,4.0,8.0,1.0,13.0,11.0,1,1,3
be7d2172-6bcc-4c20-b5e2-28e95970c45d,Summit,22.0,7.0,19.0,19.0,Diamond,3.0,266.25,4.0,2.0,2.0,13.0,11.0,0,2,2
51d87063-9aeb-4d51-b1a4-02ad242f0488,Lotus,21.0,4.0,23.0,15.0,Unrated,,252.304,2.0,4.0,0.0,10.0,13.0,1,1,3
fc66c4c8-2797-42cc-9d3e-570c738240d9,Summit,18.0,1.0,17.0,21.0,Diamond,3.0,284.333,2.0,1.0,0.0,5.0,13.0,0,2,2
f9575745-3a94-4998-a935-911025ba419f,Haven,35.0,7.0,19.0,19.0,Diamond,3.0,403.818,3.0,0.0,1.0,13.0,9.0,1,2,2
ab286cb4-bb23-4d08-b482-f430007cd62d,Split,14.0,5.0,17.0,13.0,Diamond,3.0,226.632,5.0,4.0,0.0,6.0,13.0,1,2,2
740550bd-232a-43cc-ba1f-2320dd4eaecd,Lotus,7.0,8.0,17.0,7.0,Platinum,3.0,108.95,2.0,1.0,0.0,7.0,13.0,1,2,2
21e29a7f-e769-49ef-a8b5-48651b3b6d30,Haven,17.0,6.0,14.0,11.0,Platinum,3.0,201.455,2.0,1.0,1.0,13.0,9.0,0,2,2
6b7d6aa1-8b3c-4d20-8665-75d42ffc16b9,Haven,15.0,12.0,17.0,9.0,Platinum,3.0,204.381,0.0,3.0,2.0,13.0,8.0,0,2,2
c3531593-bff3-42e8-846f-e5c7d0eebdf0,Summit,12.0,2.0,16.0,11.0,Platinum,3.0,203.765,3.0,1.0,0.0,4.0,13.0,0,2,2
0fba55cf-0a39-4e65-9ab9-c476541671fa,Ascent,10.0,5.0,14.0,9.0,Diamond,1.0,183.75,1.0,3.0,0.0,3.0,13.0,1,2,2
0341a49d-9195-4c84-93e7-735dd4f143ba,Split,22.0,14.0,19.0,15.0,Diamond,1.0,255.417,2.0,2.0,0.0,11.0,13.0,1,1,3
5e51dca9-c06e-4da5-9703-8b65deeb841c,Sunset,23.0,2.0,14.0,18.0,Platinum,3.0,265.909,2.0,2.0,1.0,13.0,9.0,1,1,3
f8864ac3-5c4c-4e86-8b11-c5f236b5a03f,Lotus,20.0,19.0,12.0,14.0,Platinum,3.0,276.333,0.0,0.0,2.0,13.0,8.0,1,1,3
2218d91e-09c1-4e43-8330-1936534f5ebb,Summit,21.0,10.0,19.0,17.0,Diamond,1.0,223.731,1.0,2.0,1.0,14.0,12.0,1,1,3
5b61face-e6a3-41ec-8d46-e82f6a71c4f5,Haven,16.0,7.0,18.0,11.0,Diamond,1.0,205.609,2.0,3.0,2.0,13.0,10.0,0,1,3
9789b229-5c87-48d9-a8df-a0618fed0852,Abyss,22.0,3.0,20.0,10.0,Diamond,1.0,232.231,5.0,2.0,1.0,14.0,12.0,1,1,3
25d6e39a-6f36-47e5-befb-2d4162f449bf,Split,19.0,6.0,25.0,16.0,Diamond,1.0,192.767,7.0,5.0,0.0,14.0,16.0,0,1,3
a8d8b4a1-2cb8-4c46-9da6-8a8156b7e611,Lotus,10.0,5.0,18.0,8.0,Diamond,1.0,160.667,1.0,4.0,0.0,8.0,13.0,0,1,3
2e3121de-0874-4074-835c-14ee854e7104,Sunset,13.0,12.0,19.0,8.0,Diamond,1.0,187.905,2.0,1.0,0.0,8.0,13.0,0,1,3
3483cee3-453f-49bf-9e70-37d606355936,Lotus,7.0,7.0,16.0,5.0,Diamond,1.0,139.0,1.0,1.0,0.0,4.0,13.0,1,2,2
f38afd3b-a4d4-43a9-96aa-f2ecb91e3f92,Sunset,9.0,10.0,16.0,7.0,Diamond,1.0,138.524,0.0,2.0,0.0,8.0,13.0,0,2,2
0cc0af35-fcbd-4c4b-82de-00cf881456bc,Lotus,18.0,12.0,18.0,14.0,Diamond,1.0,199.087,1.0,1.0,1.0,13.0,10.0,1,2,2
48943eed-12f1-44a8-9205-30d1725897a3,Sunset,17.0,16.0,7.0,14.0,Diamond,1.0,317.867,2.0,1.0,2.0,13.0,2.0,1,2,2
c0d773f3-fd54-4c79-80d5-338652fe3e33,Ascent,23.0,5.0,14.0,21.0,Diamond,1.0,326.75,2.0,3.0,3.0,13.0,7.0,0,2,2
c7707c8f-383c-44fb-86dc-d2d7036fb92a,Abyss,24.0,5.0,13.0,15.0,Diamond,1.0,296.333,2.0,1.0,4.0,13.0,8.0,0,1,3
e5795a59-4303-4ff6-be53-fd8256818705,Abyss,17.0,15.0,21.0,12.0,Diamond,1.0,203.208,1.0,1.0,5.0,13.0,11.0,1,1,3
e43f45b2-a82c-4e7f-a396-7ad5bcd4ce1c,Haven,12.0,8.0,14.0,12.0,Diamond,2.0,150.174,2.0,3.0,1.0,13.0,10.0,0,2,2
fde9515a-0877-4434-bb36-4feca5c753ec,Sunset,9.0,1.0,13.0,11.0,Diamond,2.0,188.533,1.0,1.0,0.0,2.0,13.0,1,2,2
fc8fcae4-e025-40b8-90d1-2cdb7c02f245,Split,11.0,4.0,16.0,11.0,Diamond,2.0,151.95,1.0,5.0,1.0,13.0,7.0,0,2,2
040e0560-e2dd-4e62-936a-efed0204ffb2,Abyss,17.0,6.0,18.0,10.0,Diamond,2.0,217.81,1.0,3.0,2.0,13.0,8.0,1,2,2
281b7dfa-9746-409d-be08-78a609913438,Abyss,19.0,9.0,25.0,13.0,Diamond,2.0,201.25,2.0,1.0,0.0,13.0,15.0,1,2,2
bcb6c1ef-c41e-4d00-a9ec-67a46a512d9d,Summit,17.0,3.0,15.0,15.0,Diamond,2.0,206.5,5.0,3.0,1.0,13.0,9.0,0,2,2
772ee11c-309c-4a88-b609-784ab9f503d5,Lotus,10.0,4.0,16.0,9.0,Diamond,2.0,158.353,1.0,1.0,0.0,4.0,13.0,1,3,1
ff2a873f-913e-4094-b29b-de145923435e,Haven,21.0,5.0,21.0,17.0,Diamond,1.0,227.231,6.0,7.0,0.0,12.0,14.0,0,2,2
a4bdabbd-c03f-465e-9180-624f322c3f42,Sunset,12.0,2.0,20.0,11.0,Diamond,1.0,151.565,6.0,1.0,0.0,10.0,13.0,0,2,2
73fdccd9-d14d-47b5-87bf-6e2fe087b354,Summit,7.0,2.0,13.0,10.0,Diamond,1.0,145.733,2.0,5.0,0.0,2.0,13.0,1,2,2
c6b0c62f-44ec-4f5a-80a4-d05097d6bbb2,Lotus,14.0,0.0,15.0,11.0,Diamond,2.0,173.5,3.0,2.0,0.0,7.0,13.0,1,2,2
18a28471-917f-49fe-82df-ad63458cb601,Haven,17.0,0.0,17.0,16.0,Diamond,2.0,229.0,1.0,3.0,0.0,7.0,13.0,1,2,2
54730e87-d13f-4a07-873f-f5f7fcf1c250,Summit,13.0,6.0,15.0,11.0,Diamond,1.0,195.526,2.0,1.0,0.0,6.0,13.0,0,1,3
b41a0562-0ca5-4189-bf82-8b6d5ea4fb75,Haven,14.0,7.0,14.0,10.0,Diamond,1.0,248.312,1.0,3.0,1.0,13.0,3.0,0,1,3
74a6379d-3bd7-45e0-814b-83f84c7afca1,Summit,23.0,5.0,16.0,14.0,Diamond,1.0,277.565,3.0,2.0,2.0,13.0,10.0,0,2,2
a86b1518-5255-4e98-b4be-142a6e3a5f8a,Abyss,18.0,4.0,14.0,12.0,Diamond,1.0,228.0,3.0,0.0,0.0,8.0,13.0,0,2,2
095b7c8e-df44-43c6-9bc3-dd2c83598ed4,Lotus,14.0,16.0,16.0,10.0,Diamond,1.0,182.0,3.0,2.0,1.0,13.0,10.0,0,2,2
9e26032c-c6e4-43be-a6cb-48cbc6e2c0a2,Ascent,18.0,6.0,12.0,15.0,Diamond,1.0,236.3,2.0,1.0,1.0,13.0,7.0,1,1,3
13dd6b71-c452-431c-b6bf-c107deb7195e,Haven,17.0,8.0,17.0,8.0,Diamond,1.0,268.35,2.0,3.0,1.0,13.0,7.0,0,2,2
212963bb-79ac-4b23-85a8-81e667cc843f,Split,10.0,3.0,12.0,7.0,Diamond,1.0,167.176,3.0,4.0,2.0,13.0,4.0,1,2,2
9cede1bf-93a2-44d2-8b1f-e21282ea5cc6,Lotus,14.0,5.0,15.0,15.0,Diamond,1.0,205.85,2.0,2.0,3.0,13.0,7.0,1,2,2
e813909e-d6fd-420a-867b-54fc4d0a4784,Haven,14.0,7.0,17.0,13.0,Diamond,1.0,169.25,2.0,6.0,0.0,11.0,13.0,0,2,2
86160e2a-fa0f-41f9-8e5e-6a0da3292495,Split,9.0,0.0,17.0,7.0,Diamond,1.0,145.889,2.0,7.0,0.0,5.0,13.0,0,2,2
09b61ac6-c330-4d52-9645-3115f4d6c820,Sunset,19.0,12.0,19.0,20.0,Diamond,1.0,259.375,3.0,2.0,1.0,13.0,11.0,0,2,2
545aca41-5dad-473f-b6fc-57e70fe58658,Summit,14.0,13.0,21.0,13.0,Diamond,1.0,156.679,3.0,3.0,0.0,13.0,15.0,0,1,3
108edc2f-7d39-40e7-9d4b-5f1ccff2f540,Ascent,26.0,5.0,19.0,19.0,Diamond,1.0,249.808,2.0,3.0,1.0,14.0,12.0,0,2,2
f0d8a0a2-88c0-45ec-a021-6bd8f6de6c8a,Haven,12.0,3.0,8.0,7.0,Diamond,1.0,186.125,0.0,2.0,2.0,13.0,3.0,0,2,2
91e2b0a7-77f5-4d89-9682-8149e75243e9,Haven,18.0,5.0,19.0,17.0,Diamond,1.0,227.458,1.0,2.0,0.0,11.0,13.0,0,2,2
f85c1452-4649-4385-91a7-013328faa531,Sunset,12.0,2.0,16.0,10.0,Diamond,1.0,177.143,1.0,1.0,0.0,8.0,13.0,0,2,2
aa5ea114-caee-401d-80ee-f6307f69d76f,Abyss,14.0,4.0,4.0,4.0,Diamond,1.0,244.5,2.0,0.0,1.0,8.0,1.0,1,2,2
f565ba0d-907c-4dad-ad22-5e57e7112bc3,Sunset,14.0,5.0,16.0,9.0,Diamond,2.0,185.818,3.0,4.0,1.0,13.0,9.0,1,2,2
ec10634d-2fba-4181-9c59-7f5746ac5985,Abyss,13.0,4.0,16.0,10.0,Diamond,2.0,161.261,1.0,0.0,2.0,13.0,10.0,0,2,2
26c18712-baa3-46e9-ae65-43e3369d0e5a,Split,22.0,6.0,17.0,11.0,Diamond,1.0,240.083,2.0,3.0,3.0,13.0,11.0,1,2,2
3d120676-bad4-4dc8-94f6-21d58061b1bb,Abyss,6.0,2.0,18.0,7.0,Diamond,2.0,92.727,0.0,2.0,0.0,9.0,13.0,0,2,2
4809f478-a05d-4e9f-8e06-9769cd15ef29,Lotus,4.0,9.0,17.0,4.0,Diamond,2.0,92.421,0.0,4.0,0.0,6.0,13.0,0,2,2
958c3bdf-068f-4e93-a1c7-6c5ebdd9b841,Summit,16.0,0.0,16.0,15.0,Diamond,2.0,150.731,1.0,2.0,1.0,14.0,12.0,0,2,2
8ab139aa-4d41-4540-940b-73dfe80462bc,Ascent,8.0,1.0,13.0,7.0,Diamond,2.0,89.545,1.0,1.0,2.0,13.0,9.0,1,2,2
2895e18c-709f-4771-bf3a-fe068d42455d,Summit,4.0,0.0,13.0,5.0,Diamond,2.0,106.308,0.0,5.0,0.0,0.0,13.0,0,2,2
5aa9b790-8f99-40a4-93b9-08fa76605d46,Abyss,14.0,3.0,18.0,4.0,Diamond,2.0,169.304,1.0,3.0,0.0,10.0,13.0,0,2,2
bcabddef-cdbc-4ab6-9248-5e03ccc5a730,Summit,14.0,7.0,16.0,14.0,Diamond,1.0,216.2,2.0,3.0,1.0,13.0,7.0,1,2,2
8ed6a40b-7f20-47f4-8e58-0cb258cdfcbe,Sunset,22.0,10.0,18.0,19.0,Diamond,1.0,274.957,2.0,0.0,0.0,10.0,13.0,0,2,2
a852b26e-f13c-4ed1-9552-43ed330caa4d,Sunset,12.0,2.0,19.0,10.0,Diamond,1.0,159.545,2.0,3.0,0.0,9.0,13.0,1,2,2
40510caa-d049-48d9-bd4c-5884f4dcd739,Lotus,13.0,4.0,20.0,8.0,Diamond,2.0,154.043,1.0,1.0,0.0,10.0,13.0,0,1,3
ed5c2f9b-8a06-4940-b954-82a60ba0b81c,Haven,20.0,3.0,16.0,16.0,Diamond,1.0,254.273,3.0,3.0,1.0,13.0,9.0,1,1,3
c6251e71-677f-4c37-99f9-a5104a028c02,Split,16.0,8.0,20.0,11.0,Diamond,1.0,197.435,2.0,4.0,0.0,10.0,13.0,0,1,3
f7e90e3c-7ba3-4e66-b429-f6be6acb8a63,Split,8.0,6.0,20.0,7.0,Diamond,1.0,119.4,2.0,3.0,0.0,7.0,13.0,0,2,2
924dcc6d-5b0f-4cc1-b89f-5e8426603a72,Haven,8.0,6.0,12.0,6.0,Diamond,1.0,134.278,1.0,1.0,1.0,13.0,5.0,0,2,2
3e203509-5948-4240-be0b-fe8ad3f67222,Ascent,15.0,11.0,16.0,7.0,Diamond,1.0,191.682,0.0,0.0,0.0,9.0,13.0,0,1,3
16a84340-7cc7-44ea-b601-4ba88209ba96,Split,11.0,1.0,20.0,8.0,Diamond,1.0,129.727,0.0,5.0,0.0,9.0,13.0,1,2,2
052da059-05ee-4758-80b7-642f8f9f06aa,Summit,14.0,2.0,17.0,13.0,Diamond,1.0,164.708,2.0,3.0,0.0,11.0,13.0,1,2,2
eeba6c24-3e1e-4b6e-acf1-80b8cd6b1599,Abyss,13.0,2.0,14.0,8.0,Diamond,1.0,166.7,1.0,3.0,1.0,13.0,7.0,0,2,2
b13b7d7d-eaef-40f5-aeec-26954ba99fe7,Ascent,19.0,8.0,13.0,20.0,Diamond,1.0,266.286,4.0,1.0,2.0,13.0,8.0,0,2,2
11fe310a-e7d2-46de-9d8e-f3035fdff5cb,Ascent,11.0,12.0,22.0,8.0,Diamond,1.0,135.542,1.0,1.0,0.0,11.0,13.0,0,3,1
31894e05-cfe1-43c2-b8c9-1851a3e8dbfc,Abyss,11.0,6.0,20.0,9.0,Diamond,1.0,128.154,2.0,4.0,0.0,12.0,14.0,1,3,1
ab961dc9-051c-4131-b878-571ce096f64a,Summit,8.0,6.0,22.0,7.0,Diamond,1.0,123.458,3.0,4.0,0.0,11.0,13.0,0,2,2
2e5b65a4-e77a-4779-b162-f46fc6186208,Ascent,14.0,4.0,19.0,12.0,Diamond,1.0,146.231,0.0,2.0,1.0,14.0,12.0,0,2,2
1a6ca98f-3faf-42bc-9ba4-aa4d4743a720,Haven,14.0,3.0,18.0,11.0,Diamond,1.0,180.652,1.0,4.0,1.0,13.0,10.0,0,2,2
5c686990-fabd-4727-9fad-22dec2b4afee,Split,28.0,2.0,20.0,24.0,Diamond,1.0,247.464,2.0,4.0,2.0,15.0,13.0,0,2,2
ff99842d-7b39-4d32-8ed0-451ab8224a09,Abyss,15.0,4.0,19.0,12.0,Diamond,1.0,196.227,2.0,5.0,3.0,13.0,9.0,0,2,2
86e73340-b568-4b01-b895-3bc952a965ae,Sunset,8.0,4.0,15.0,6.0,Diamond,1.0,157.375,0.0,2.0,0.0,3.0,13.0,1,2,2
236e7171-a5f0-4dac-b199-eb1a7a0396ad,Lotus,9.0,2.0,15.0,7.0,Diamond,1.0,140.9,1.0,4.0,1.0,13.0,7.0,0,2,2
08fae762-e70e-47e2-b8c8-7a6a3b05f7df,Sunset,12.0,10.0,16.0,8.0,Diamond,1.0,174.842,0.0,2.0,0.0,6.0,13.0,0,0,4
756e9c40-ca96-4471-9265-5bb31f2dd38e,Lotus,10.0,4.0,17.0,7.0,Diamond,1.0,151.8,2.0,1.0,0.0,7.0,13.0,0,2,2
f3dd6a36-91fa-45b1-854f-b896507854ce,Ascent,14.0,2.0,20.0,11.0,Diamond,1.0,188.15,3.0,7.0,1.0,13.0,7.0,0,2,2
88d1720f-2736-417c-8d9c-b6e46aeda77c,Haven,16.0,14.0,17.0,11.0,Diamond,1.0,232.381,2.0,2.0,1.0,13.0,8.0,1,2,2
7fbd5b18-adc2-4a0a-8434-5dd488986fa0,Abyss,16.0,4.0,20.0,11.0,Diamond,1.0,174.885,4.0,6.0,1.0,14.0,12.0,0,2,2
7f5b1370-362a-45cd-a400-212f1cdb9815,Ascent,4.0,8.0,16.0,4.0,Diamond,1.0,96.053,1.0,0.0,0.0,6.0,13.0,1,2,2
74243c6a-6184-4b86-be4e-30449facc05d,Haven,10.0,2.0,10.0,1.0,Diamond,1.0,203.357,4.0,2.0,1.0,13.0,1.0,1,1,3
0d0ab4fe-eb23-492d-b31c-61953bc83caa,Abyss,12.0,3.0,13.0,9.0,Diamond,1.0,164.5,0.0,4.0,2.0,13.0,7.0,0,1,3
4c1c47c7-62f0-49e8-9eb5-fd1833f43e1c,Sunset,18.0,3.0,18.0,15.0,Diamond,1.0,235.909,2.0,5.0,1.0,13.0,9.0,1,1,3
77a04e45-2ffd-47df-856b-6ecb583257c1,Abyss,18.0,1.0,17.0,16.0,Diamond,1.0,251.75,3.0,2.0,0.0,7.0,13.0,0,2,2
69c1612e-82ec-48b5-9825-5fd4691a2f74,Haven,15.0,2.0,17.0,13.0,Diamond,1.0,211.45,2.0,1.0,0.0,7.0,13.0,0,1,3
1825229e-cf2e-4b46-8b15-4f6ecbb83b4f,Ascent,11.0,1.0,12.0,10.0,Diamond,1.0,161.765,1.0,3.0,1.0,13.0,4.0,0,1,3
7541a646-814d-43a4-91d5-56ceb326b986,Summit,21.0,2.0,21.0,18.0,Diamond,2.0,245.625,2.0,5.0,0.0,11.0,13.0,0,2,2
d1648b8d-45fe-4181-96f8-5a6bfef146e2,Haven,11.0,1.0,16.0,11.0,Diamond,2.0,195.812,0.0,4.0,0.0,3.0,13.0,0,1,3
ec5c13a5-9a0a-4a06-8a21-4e6b67cb2a7b,Split,22.0,4.0,14.0,21.0,Diamond,1.0,262.0,4.0,0.0,1.0,13.0,9.0,0,1,3
24b3a9ba-e8ba-4d5c-ba29-2ba8096ad367,Sunset,16.0,7.0,20.0,17.0,Diamond,1.0,207.5,0.0,2.0,2.0,13.0,11.0,1,1,3
388ce8ec-3ce5-4f9e-8649-983493f03f91,Lotus,16.0,8.0,12.0,10.0,Diamond,1.0,229.556,0.0,1.0,3.0,13.0,5.0,0,1,3
91359dab-ded7-4fb0-b99d-cce09f180b43,Haven,16.0,2.0,11.0,16.0,Diamond,1.0,229.895,3.0,5.0,1.0,13.0,6.0,1,1,3
dcf4af37-f9af-4504-bc9b-897328274557,Ascent,12.0,7.0,15.0,11.0,Diamond,1.0,170.429,3.0,2.0,2.0,13.0,8.0,1,1,3
98b56fe8-5bf1-4007-926d-03ef51ba284b,Lotus,16.0,2.0,19.0,14.0,Diamond,2.0,207.5,4.0,5.0,1.0,13.0,9.0,0,1,3
5462b6bb-eb11-4e25-84ea-51abb75947ce,Haven,18.0,2.0,12.0,9.0,Bronze,3.0,246.25,2.0,2.0,1.0,13.0,7.0,1,0,4
6fe4eb84-638b-4a87-86d9-ab311908b9ab,Split,15.0,4.0,22.0,10.0,Bronze,3.0,182.375,1.0,1.0,0.0,11.0,13.0,0,0,4
51e341a6-161f-48b1-af0e-c565522284a8,Summit,33.0,9.0,24.0,23.0,Silver,1.0,328.179,4.0,2.0,0.0,13.0,15.0,1,0,4
a5a96a31-b10f-4789-917d-7a67cb7ab82e,Ascent,12.0,9.0,21.0,11.0,Silver,1.0,176.045,0.0,2.0,0.0,9.0,13.0,0,0,4
a661c4af-5929-4693-8cb9-6ffd589f3375,Abyss,15.0,7.0,15.0,10.0,Silver,1.0,216.0,4.0,4.0,1.0,13.0,7.0,1,0,4
5b08ab43-321b-4b66-9e29-a3859d909802,Lotus,10.0,6.0,19.0,7.0,Bronze,3.0,133.083,1.0,1.0,1.0,13.0,11.0,0,1,3
e6272bdd-b5b5-432e-bbb1-5224e8f95bfa,Abyss,6.0,7.0,18.0,5.0,Silver,1.0,138.579,0.0,1.0,0.0,6.0,13.0,1,1,3
91f1ae7d-fb7e-4912-9059-ec005d48853b,Abyss,19.0,13.0,24.0,15.0,Silver,1.0,239.077,1.0,1.0,1.0,14.0,12.0,0,0,4
b6fda58d-cb47-470c-acd7-d65962f2a978,Summit,22.0,16.0,17.0,10.0,Silver,1.0,308.65,0.0,0.0,1.0,13.0,7.0,1,0,4
cf53cd8c-5ba0-4b09-8864-aeb1643f77fd,Sunset,24.0,2.0,23.0,22.0,Silver,1.0,308.957,2.0,4.0,0.0,10.0,13.0,1,0,4
540a9f22-79a9-4c65-af96-de55a145c133,Split,21.0,5.0,20.0,12.0,Silver,1.0,252.583,1.0,5.0,0.0,11.0,13.0,1,0,4
fd171b44-5328-4184-9e4b-25ced7de27e4,Split,16.0,4.0,16.0,6.0,Silver,1.0,218.158,0.0,1.0,0.0,6.0,13.0,0,1,3
9dc72a36-71ec-4399-bb2d-320fa417daa9,Sunset,23.0,5.0,10.0,12.0,Silver,1.0,338.706,1.0,2.0,1.0,13.0,4.0,0,2,2
dcf3e279-547b-4407-b79e-23e63c54dcf8,Haven,21.0,5.0,11.0,13.0,Silver,1.0,293.105,1.0,0.0,2.0,13.0,6.0,1,2,2
fe2c72a4-e4f5-4d8d-90fc-a61b256ea9ed,Split,24.0,7.0,24.0,15.0,Silver,1.0,293.583,1.0,2.0,0.0,11.0,13.0,1,0,4
d159b750-05f3-4bdd-bbbd-bef190906255,Summit,20.0,6.0,23.0,14.0,Silver,1.0,296.714,2.0,2.0,0.0,8.0,13.0,1,0,4
fba63aff-a487-483d-b964-c8811eda0bff,Ascent,14.0,4.0,18.0,9.0,Immortal,3.0,177.087,4.0,3.0,0.0,10.0,13.0,0,0,4
ea89260d-e9b6-4ecb-8d23-7ad3c1ad233a,Ascent,24.0,2.0,17.0,18.0,Immortal,3.0,320.905,3.0,5.0,0.0,8.0,13.0,0,0,4
033d6336-3860-4a8d-8462-ae17821f5e6d,Abyss,12.0,9.0,20.0,6.0,Immortal,3.0,158.5,1.0,2.0,0.0,9.0,13.0,0,0,4
d4f1dfe2-9b52-4690-a71c-536d7c6b086c,Haven,23.0,4.0,16.0,10.0,Immortal,3.0,296.591,7.0,4.0,1.0,13.0,9.0,1,0,4
b017fff5-0a87-4f73-be03-a2c1fd8c6c83,Lotus,24.0,8.0,22.0,17.0,Immortal,3.0,280.346,8.0,3.0,2.0,14.0,12.0,1,0,4
356954d1-3e2a-4788-bcaa-b89c4e2740dd,Summit,26.0,4.0,20.0,15.0,Immortal,3.0,287.833,8.0,3.0,1.0,13.0,11.0,1,0,4
e66d48cc-7bec-4a03-84d4-f244f9edd35b,Haven,11.0,2.0,15.0,11.0,Immortal,3.0,159.105,1.0,2.0,0.0,6.0,13.0,0,0,4
360bc49f-0ddf-48c9-87c6-2688940089be,Lotus,17.0,6.0,16.0,13.0,Immortal,3.0,212.773,4.0,2.0,1.0,13.0,9.0,1,4,0
f1682c62-1ae6-473b-bb7d-43930fbd001c,Abyss,17.0,4.0,13.0,7.0,Immortal,3.0,236.75,5.0,6.0,2.0,13.0,7.0,0,4,0
8840ae95-cc13-41cb-a377-6c7906783e0f,Haven,20.0,3.0,15.0,22.0,Immortal,3.0,278.9,4.0,2.0,3.0,13.0,7.0,1,4,0
d5780862-b1f0-4379-b385-1ba452075f85,Sunset,18.0,6.0,13.0,10.0,Immortal,3.0,265.2,3.0,3.0,4.0,13.0,7.0,1,4,0
e4e94d04-798e-4d43-b8fd-f420380f6f1b,Lotus,16.0,2.0,9.0,12.0,Immortal,3.0,264.0,2.0,1.0,5.0,13.0,2.0,0,4,0
88bd96de-3283-4f0c-9da4-25869d416e17,Ascent,16.0,6.0,19.0,12.0,Immortal,3.0,194.667,4.0,3.0,1.0,13.0,11.0,0,2,2
a5875841-40f7-4537-a7b4-ab1140ea1f34,Summit,18.0,4.0,17.0,11.0,Immortal,3.0,240.429,2.0,6.0,1.0,13.0,8.0,1,4,0
d91b5e21-554a-4347-8752-c59a140ccfe8,Haven,22.0,2.0,19.0,19.0,Immortal,3.0,248.625,6.0,3.0,0.0,11.0,13.0,1,3,1
827b498c-062a-412f-8ff7-c5dee0b62e9a,Split,17.0,2.0,14.0,16.0,Immortal,3.0,244.632,3.0,5.0,1.0,13.0,6.0,1,3,1
544139e8-3086-4851-b123-6945b10f3319,Abyss,21.0,4.0,17.0,18.0,Immortal,3.0,274.682,4.0,4.0,1.0,13.0,9.0,0,4,0
103ca427-0517-4421-9a9a-5d6e4a2d91ac,Haven,12.0,3.0,14.0,7.0,Immortal,3.0,153.7,2.0,3.0,2.0,13.0,7.0,1,4,0
e9be0b5f-bf33-4a14-ae7f-11ab20967e3a,Split,17.0,2.0,14.0,15.0,Immortal,3.0,243.0,6.0,2.0,3.0,13.0,5.0,1,4,0
6503a163-1a7b-4281-8b16-1c2c1e44ef58,Summit,17.0,8.0,16.0,19.0,Immortal,3.0,221.478,5.0,3.0,4.0,13.0,10.0,1,4,0
dd02894a-f5e2-4f05-9b76-a2b6d65b02eb,Abyss,5.0,1.0,17.0,5.0,Immortal,1.0,88.833,0.0,5.0,0.0,5.0,13.0,1,0,4
7fc5aef3-7998-4f3f-b767-856d3a7d3e56,Summit,11.0,5.0,18.0,11.0,Bronze,3.0,139.917,3.0,3.0,0.0,11.0,13.0,1,0,4
3e3b7c5b-da15-42a5-bd5d-32cd22a46126,Split,9.0,8.0,8.0,6.0,Bronze,3.0,151.176,2.0,1.0,1.0,13.0,4.0,0,4,0
45952039-6502-4737-8648-0dc20cc80f51,Abyss,13.0,4.0,9.0,3.0,Bronze,3.0,206.722,2.0,2.0,2.0,13.0,5.0,0,1,3
9cd1c31e-5dd3-4d40-8384-23f45235045d,Sunset,8.0,2.0,18.0,2.0,Bronze,3.0,88.391,1.0,3.0,0.0,10.0,13.0,0,0,4
a11063d1-0d9b-46ca-b2d6-45f12c3d48c6,Ascent,16.0,3.0,15.0,4.0,Bronze,3.0,204.048,3.0,0.0,1.0,13.0,8.0,0,0,4
085a2879-59d2-4fd4-8658-37964d1ddcd8,Summit,10.0,3.0,17.0,12.0,Bronze,3.0,139.381,0.0,1.0,0.0,8.0,13.0,1,0,4
a4720439-6a0d-4b1b-972e-688682861f43,Lotus,12.0,3.0,17.0,7.0,Bronze,3.0,147.348,1.0,4.0,0.0,10.0,13.0,1,0,4
93bff5b8-27df-4c38-adca-e71ea85bee6a,Split,12.0,6.0,17.0,7.0,Silver,2.0,169.429,2.0,1.0,0.0,8.0,13.0,1,0,4
58bf90bc-a309-4f7a-9cfd-55ea6301f158,Haven,11.0,5.0,15.0,7.0,Silver,2.0,153.762,2.0,5.0,1.0,13.0,8.0,0,0,4
53e1ca4a-3207-47bb-8ffe-a9da693a16cf,Haven,24.0,7.0,11.0,18.0,Silver,2.0,346.278,3.0,0.0,3.0,13.0,5.0,0,0,4
fc1dc743-63b3-4b15-97ed-55f7d90e2b6f,Abyss,24.0,4.0,12.0,18.0,Silver,2.0,341.3,4.0,2.0,1.0,13.0,7.0,0,1,3
fa75fa47-c215-48b8-9fca-514805dfbc54,Sunset,23.0,2.0,17.0,16.0,Silver,2.0,271.167,4.0,1.0,0.0,11.0,13.0,1,1,3
776bd7de-fccb-43be-9319-c2844fca5cc2,Lotus,9.0,4.0,13.0,8.0,Silver,2.0,181.75,3.0,1.0,0.0,3.0,13.0,0,1,3
1f8d8abe-5a88-4bd9-9a78-f04751d9a948,Summit,28.0,3.0,12.0,10.0,Silver,2.0,302.125,3.0,0.0,1.0,13.0,11.0,1,1,3
1fea1bd6-9d0c-41bf-b41f-3ee44520b0de,Split,13.0,14.0,16.0,11.0,Silver,2.0,221.81,1.0,2.0,0.0,8.0,13.0,0,1,3
011b5667-31c1-41fd-a98d-89c7de6901c6,Lotus,16.0,3.0,14.0,9.0,Silver,2.0,204.5,4.0,3.0,1.0,13.0,9.0,0,1,3
f6be2ce4-b1a6-4798-a9db-cf94b800c8ee,Ascent,22.0,6.0,22.0,10.0,Silver,2.0,223.867,3.0,2.0,0.0,14.0,16.0,0,2,2
ed848a1b-0896-42db-b3d4-820cd3553a7c,Lotus,18.0,5.0,11.0,10.0,Silver,2.0,233.143,0.0,2.0,1.0,13.0,8.0,1,2,2
78c251f1-e01b-4722-9eb8-75e9e6f1c7b3,Abyss,13.0,2.0,15.0,10.0,Silver,2.0,191.526,1.0,1.0,0.0,6.0,13.0,0,2,2
45884205-cc7d-4f91-9a83-e2ca55d915c8,Summit,25.0,4.0,10.0,16.0,Silver,2.0,455.267,6.0,0.0,1.0,13.0,2.0,0,0,4
2fef8728-0038-4a12-b9f7-5c0252b02bb1,Abyss,12.0,8.0,19.0,14.0,Silver,3.0,189.048,1.0,2.0,0.0,8.0,13.0,0,1,3
772247c7-c5e3-4615-910a-2245168330fa,Sunset,19.0,3.0,15.0,13.0,Silver,2.0,238.591,3.0,1.0,1.0,13.0,9.0,1,1,3
ffdfec41-9d3b-4b40-9ee7-b196cbf66a1e,Haven,24.0,2.0,21.0,18.0,Silver,3.0,228.367,3.0,2.0,1.0,16.0,14.0,1,1,3
5cffd4e0-098c-4a9d-826d-346791abdf9a,Breeze,18.0,9.0,10.0,13.0,Immortal,1.0,278.647,2.0,0.0,1.0,13.0,4.0,0,1,3
93cd641a-6c78-4fce-8a94-9736f598c85e,Lotus,25.0,3.0,13.0,14.0,Immortal,1.0,298.167,5.0,2.0,2.0,13.0,11.0,0,1,3
3e0feb6c-3c1b-4492-816e-6ee257b9b857,Pearl,23.0,7.0,16.0,18.0,Immortal,1.0,288.545,2.0,2.0,0.0,9.0,13.0,1,1,3
1cb4e0e0-cbb9-4e01-8533-a6672d0ef868,Fracture,20.0,5.0,18.0,16.0,Immortal,1.0,267.696,3.0,4.0,0.0,10.0,13.0,1,1,3
d5e530bc-afa0-49b7-9a32-a4040488ed41,Pearl,9.0,9.0,15.0,10.0,Immortal,1.0,149.45,1.0,1.0,1.0,13.0,7.0,0,0,4
34a94e8b-d361-47c7-af9f-d26cae9d3550,Haven,9.0,4.0,17.0,10.0,Immortal,1.0,136.571,2.0,1.0,0.0,8.0,13.0,0,0,4
906cdfe8-b5ce-4092-98b4-8f9a945e9b18,Split,10.0,3.0,18.0,8.0,Immortal,1.0,131.957,1.0,3.0,0.0,10.0,13.0,0,0,4
372dc51c-2f94-4010-8d36-61dc3d0d2eba,Ascent,17.0,5.0,16.0,11.0,Immortal,1.0,202.958,1.0,1.0,1.0,13.0,11.0,0,0,4
f56f8f9d-9064-4e23-a574-246d0871494b,Ascent,24.0,1.0,16.0,9.0,Immortal,1.0,255.375,7.0,2.0,0.0,11.0,13.0,0,0,4
afa61154-aab1-4c5a-8d0e-21533aaf3bcd,Fracture,20.0,6.0,12.0,15.0,Immortal,1.0,268.238,2.0,0.0,1.0,13.0,8.0,0,0,4
8ccb7f8b-0b82-46c2-aed1-0b432331d9ad,Fracture,8.0,3.0,16.0,5.0,Immortal,1.0,162.25,3.0,5.0,0.0,3.0,13.0,1,1,3
7c930962-e1b7-419a-b562-24c08052944d,Lotus,14.0,4.0,20.0,13.0,Immortal,1.0,161.393,1.0,3.0,1.0,15.0,13.0,0,1,3
512269e1-ce81-40b7-89f7-14c884983978,Ascent,14.0,5.0,18.0,7.0,Immortal,1.0,165.261,3.0,3.0,2.0,13.0,10.0,0,1,3
177c2f63-3ec1-4bd1-b7b4-b63f8ad720ed,Haven,28.0,12.0,19.0,24.0,Immortal,1.0,317.538,5.0,2.0,3.0,14.0,12.0,0,1,3
21c5ad03-a450-4781-8d60-577708c1da35,Breeze,16.0,4.0,17.0,13.0,Immortal,1.0,205.167,3.0,3.0,4.0,13.0,11.0,0,0,4
988aed90-311e-44f1-adbd-637cd7cefdec,Pearl,25.0,6.0,16.0,19.0,Immortal,1.0,327.591,6.0,3.0,0.0,9.0,13.0,0,1,3
775b827e-66a9-4140-8a0a-1fb74951adbb,Fracture,21.0,12.0,9.0,8.0,Immortal,1.0,342.176,0.0,2.0,1.0,13.0,4.0,1,1,3
5619fef2-2e03-47bb-89b4-2d4a20f99667,Breeze,16.0,3.0,13.0,14.0,Immortal,1.0,250.947,0.0,1.0,0.0,6.0,13.0,0,0,4
e9828922-22fd-44b3-98cd-89c7e81eb684,Pearl,17.0,5.0,13.0,17.0,Immortal,1.0,227.429,1.0,0.0,1.0,13.0,8.0,0,0,4
e9504748-2714-4d2a-be7f-62138cf6f386,Pearl,12.0,8.0,16.0,15.0,Immortal,1.0,188.105,1.0,2.0,0.0,6.0,13.0,0,0,4
0c230d7f-7746-48f0-a8d5-8f4756d55c7f,Lotus,11.0,10.0,17.0,11.0,Immortal,1.0,158.364,1.0,3.0,0.0,9.0,13.0,0,0,4
1396cf6e-476d-4084-b75e-6da31d0a254c,Fracture,19.0,9.0,11.0,15.0,Immortal,1.0,272.211,0.0,1.0,1.0,13.0,6.0,0,0,4
7a69aa95-af44-44a7-b547-1f8ae5604009,Ascent,25.0,2.0,25.0,12.0,Immortal,1.0,286.654,7.0,6.0,0.0,12.0,14.0,0,0,4
160e519f-cfec-45fa-9634-9c6d5f5674a4,Haven,12.0,4.0,15.0,7.0,Immortal,1.0,161.333,0.0,1.0,0.0,8.0,13.0,1,0,4
0aeae59f-6309-4bac-ba9c-b1ff40875c17,Lotus,15.0,15.0,7.0,12.0,Immortal,1.0,248.647,2.0,0.0,1.0,13.0,4.0,0,0,4
4c900af9-541c-4ea6-a515-800e30aeb3b4,Fracture,16.0,2.0,11.0,13.0,Ascendant,3.0,203.905,1.0,1.0,2.0,13.0,8.0,0,0,4
359e4aeb-ea8a-4df2-9488-76658afffb9a,Ascent,17.0,9.0,18.0,16.0,Ascendant,3.0,196.269,2.0,1.0,3.0,14.0,12.0,1,0,4
245c4830-1bb5-436e-a161-f2ce384d3da6,Breeze,24.0,3.0,15.0,18.0,Immortal,1.0,299.727,5.0,0.0,0.0,9.0,13.0,0,1,3
64d7b6b8-adc9-494f-90c1-fb8a1d154819,Fracture,17.0,6.0,8.0,12.0,Immortal,1.0,238.263,2.0,1.0,1.0,13.0,6.0,0,0,4
1ac0a37a-981f-4a12-811e-653f7c8387ea,Ascent,17.0,10.0,16.0,15.0,Immortal,1.0,223.708,0.0,0.0,2.0,13.0,11.0,1,0,4
0ac8a6ec-7335-47c8-b5c0-1d6afdabb04e,Split,14.0,9.0,15.0,10.0,Immortal,1.0,180.333,2.0,0.0,3.0,13.0,8.0,0,0,4
1e2161b6-6ba5-469f-8ca3-8249fa3ed2b8,Breeze,21.0,4.0,16.0,12.0,Immortal,1.0,249.261,0.0,2.0,0.0,10.0,13.0,1,0,4
4334683e-b094-42ee-a308-7c29e568798e,Breeze,30.0,3.0,15.0,21.0,Immortal,1.0,388.455,7.0,1.0,0.0,9.0,13.0,1,0,4
edddedab-36ed-4d4d-89f3-5a8906ec84d6,Haven,17.0,4.0,19.0,11.0,Immortal,1.0,223.652,0.0,2.0,0.0,10.0,13.0,0,0,4
51f2bd98-5d2a-42bf-91e0-586b5e9964f7,Fracture,14.0,16.0,17.0,13.0,Immortal,1.0,183.565,1.0,1.0,0.0,10.0,13.0,0,0,4
83bfb502-d303-40a5-a507-0b52889e0815,Pearl,17.0,4.0,8.0,16.0,Immortal,1.0,262.25,0.0,1.0,1.0,13.0,3.0,0,0,4
91771876-21fd-4f37-aa9c-bdb1cc0b8cd7,Split,20.0,9.0,18.0,14.0,Immortal,1.0,246.5,2.0,1.0,2.0,13.0,11.0,0,0,4
eb6c05b6-d94e-40e1-8a33-3239b6fe0bd8,Split,12.0,7.0,14.0,11.0,Immortal,1.0,170.316,0.0,3.0,1.0,13.0,6.0,0,0,4
b225c377-8b0b-404d-8dce-7204415b429d,Ascent,19.0,5.0,12.0,10.0,Immortal,1.0,245.364,1.0,1.0,2.0,13.0,9.0,0,0,4
c51d15ba-64cb-4fd1-992a-f9d26aefa58d,Breeze,15.0,5.0,20.0,13.0,Immortal,1.0,177.0,0.0,3.0,3.0,13.0,11.0,1,0,4
d0e0c3ec-b2d9-4f00-bb77-23b01ee3be4d,Split,22.0,8.0,24.0,18.0,Immortal,1.0,246.808,7.0,1.0,0.0,12.0,14.0,1,0,4
755c744e-ace0-40be-a079-5870196edec1,Fracture,10.0,5.0,18.0,8.0,Immortal,1.0,148.227,2.0,1.0,1.0,13.0,9.0,0,0,4
e523723f-61fa-415d-9c63-9b293a04aedf,Split,14.0,13.0,11.0,9.0,Immortal,1.0,280.0,0.0,1.0,1.0,13.0,2.0,1,0,4
57f3989b-db23-4e8f-acd0-53984892bb1e,Lotus,18.0,9.0,11.0,12.0,Immortal,1.0,295.235,3.0,0.0,2.0,13.0,4.0,1,0,4
1db9c277-a0c7-46f1-baab-862bc89fab2b,Pearl,19.0,9.0,17.0,15.0,Immortal,1.0,269.05,0.0,1.0,3.0,13.0,7.0,1,0,4
49288cb5-8b10-4e0c-b03b-cdb2bc906a83,Ascent,14.0,5.0,12.0,10.0,Immortal,2.0,260.875,0.0,2.0,0.0,3.0,13.0,0,0,4
3b9783f6-3d4f-4bd6-b5d3-2712a5eccdd6,Split,23.0,8.0,21.0,17.0,Immortal,2.0,343.0,4.0,4.0,1.0,13.0,8.0,1,0,4
72057aea-2db5-49fe-9989-aa4e9ab94a2b,Split,13.0,8.0,16.0,13.0,Immortal,1.0,209.238,4.0,2.0,2.0,13.0,8.0,0,0,4
d0b04ecd-cbb8-4284-8051-41510e9a0a78,Breeze,21.0,3.0,9.0,16.0,Immortal,1.0,321.882,2.0,0.0,3.0,13.0,4.0,0,0,4
683878ab-56c8-4bb6-be2a-1d65defa0221,Ascent,11.0,9.0,14.0,9.0,Immortal,1.0,157.056,0.0,2.0,1.0,13.0,5.0,1,0,4
5fd99cf6-cc05-4505-8e78-9bd7d7d2739e,Pearl,21.0,16.0,20.0,15.0,Immortal,2.0,241.038,2.0,1.0,1.0,14.0,12.0,1,0,4
8bd743b1-76d2-4f73-bb38-96b93e46db33,Lotus,18.0,3.0,15.0,15.0,Immortal,2.0,329.176,2.0,3.0,0.0,4.0,13.0,0,0,4
d9970512-6829-4594-9faf-6e57a6cb866a,Lotus,17.0,16.0,12.0,11.0,Immortal,2.0,250.316,0.0,1.0,1.0,13.0,6.0,1,0,4
ea0c9984-93f9-488f-ab4c-f54aed0e3973,Breeze,16.0,0.0,10.0,5.0,Immortal,2.0,231.471,1.0,2.0,2.0,13.0,4.0,0,0,4
1327b7d0-2393-4c95-bfbe-d8e0d071a195,Breeze,19.0,3.0,14.0,15.0,Immortal,2.0,228.739,0.0,0.0,1.0,13.0,10.0,0,0,4
cafb52f1-b0f7-4dfb-9272-bb9a0249095a,Ascent,10.0,6.0,16.0,4.0,Immortal,2.0,162.85,0.0,0.0,0.0,7.0,13.0,0,0,4
cd29ae4b-b425-4bb8-9cdc-760a8db7536d,Fracture,17.0,11.0,15.0,10.0,Immortal,2.0,234.143,0.0,0.0,1.0,13.0,8.0,0,0,4
5c14b05f-74af-434e-b45b-82557e9e3ef1,Pearl,11.0,13.0,18.0,9.0,Immortal,2.0,191.25,1.0,3.0,0.0,7.0,13.0,1,0,4
87a27b07-d6e4-401d-8632-1a87faaddceb,Ascent,8.0,4.0,15.0,8.0,Immortal,2.0,153.895,1.0,0.0,0.0,6.0,13.0,0,0,4
1b125ca4-c9a5-4558-b45c-f51ebdec0cf0,Lotus,23.0,5.0,14.0,20.0,Unrated,,275.136,1.0,0.0,1.0,13.0,9.0,1,0,4
11ad9c48-6de0-40dc-aea2-2a040ee14fc1,Split,14.0,13.0,23.0,12.0,Ascendant,1.0,198.667,2.0,3.0,0.0,11.0,13.0,1,1,3
2492fbb8-f49c-4add-aea7-f05ffeb7ce5f,Haven,30.0,8.0,20.0,21.0,Ascendant,1.0,338.25,4.0,1.0,1.0,13.0,11.0,1,1,3
c9b832d9-39d7-4c08-a6e0-1989d29e893e,Breeze,20.0,5.0,19.0,19.0,Ascendant,1.0,240.917,1.0,0.0,0.0,11.0,13.0,0,0,4
37fe3b44-bfbc-4b8d-820a-ab5c6a1ec67d,Summit,15.0,7.0,21.0,15.0,Ascendant,1.0,194.542,2.0,3.0,0.0,11.0,13.0,0,1,3
5ae4116f-a9be-4601-8d0f-27cd94477624,Lotus,16.0,1.0,16.0,10.0,Ascendant,1.0,191.565,3.0,5.0,0.0,10.0,13.0,0,1,3
1dc63fa1-69c3-4647-bca6-213b48e0e6d1,Breeze,15.0,3.0,15.0,13.0,Ascendant,1.0,201.105,0.0,1.0,0.0,6.0,13.0,0,1,3
6621e6a6-97af-4df6-857a-81275571af3e,Summit,24.0,4.0,15.0,20.0,Ascendant,2.0,267.261,0.0,1.0,1.0,13.0,10.0,0,0,4
9d6564bc-c189-453d-a4a3-1228a4ba9e2a,Breeze,9.0,5.0,13.0,8.0,Ascendant,1.0,139.611,0.0,2.0,2.0,13.0,5.0,0,0,4
49af7f15-b35e-49ae-9baa-af8f7585b085,Sunset,18.0,6.0,21.0,19.0,Ascendant,1.0,215.5,5.0,2.0,3.0,13.0,11.0,1,0,4
5275ec31-3cd5-474f-90ae-b833f9e85e31,Lotus,27.0,5.0,19.0,20.0,Ascendant,1.0,294.167,3.0,3.0,4.0,13.0,11.0,1,0,4
c922a0d6-a387-4b35-b104-cc1017fe3394,Haven,10.0,0.0,1.0,6.0,Ascendant,1.0,165.692,0.0,0.0,5.0,5.0,0.0,1,0,4
6dade3c3-a234-4fd0-989f-0dbc7ac78538,Lotus,14.0,11.0,20.0,8.0,Ascendant,2.0,200.609,1.0,2.0,1.0,13.0,10.0,0,0,4
27ff1fdf-27bf-4ace-8d66-a2dcced60fef,Ascent,15.0,8.0,16.0,12.0,Ascendant,2.0,227.0,0.0,0.0,0.0,9.0,13.0,1,0,4
8d595474-b57b-4e43-b797-137ab1396b50,Sunset,13.0,3.0,17.0,12.0,Ascendant,2.0,176.273,1.0,2.0,0.0,9.0,13.0,0,0,4
a7096cf8-deb4-46da-a6b1-382f7298bb44,Haven,21.0,6.0,22.0,18.0,Ascendant,2.0,291.348,5.0,3.0,0.0,10.0,13.0,0,1,3
5ff72e90-fdf6-4d84-bd6e-51bec91174c3,Sunset,11.0,5.0,12.0,8.0,Ascendant,2.0,191.312,2.0,3.0,1.0,13.0,3.0,0,1,3
20e463fb-faa7-46dd-82b1-775dcb28ca03,Sunset,6.0,7.0,18.0,8.0,Ascendant,2.0,136.176,0.0,2.0,0.0,4.0,13.0,0,0,4
2fc91542-9f0b-4461-913e-17a1aad90fe5,Split,17.0,3.0,16.0,16.0,Ascendant,2.0,232.143,1.0,0.0,0.0,8.0,13.0,0,0,4
8f2b2d0f-9ac7-4a49-b6e9-84fed2412548,Ascent,15.0,7.0,18.0,7.0,Ascendant,2.0,200.348,0.0,0.0,0.0,10.0,13.0,0,2,2
f83879e3-ea38-4c57-a014-eaf41aef6b36,Lotus,21.0,8.0,11.0,14.0,Ascendant,2.0,324.556,1.0,1.0,1.0,13.0,5.0,0,2,2
4536187f-460e-4624-9e72-4200f1781400,Ascent,17.0,4.0,18.0,14.0,Ascendant,2.0,211.273,3.0,6.0,2.0,13.0,9.0,1,2,2
92c796a3-5fd0-4c85-813c-2054b91e124d,Split,13.0,5.0,19.0,10.0,Ascendant,2.0,189.429,4.0,4.0,0.0,8.0,13.0,0,2,2
9428349d-89f5-49ce-bd7e-c19ac1616de4,Lotus,18.0,4.0,15.0,18.0,Ascendant,2.0,229.429,2.0,2.0,0.0,8.0,13.0,0,2,2
59e5cc7e-3fa7-49c9-82ce-ef1fd9f7625f,Haven,29.0,9.0,15.0,28.0,Ascendant,2.0,381.182,2.0,2.0,1.0,13.0,9.0,0,0,4
cf4374aa-d7f1-4921-81fe-18364316ff50,Sunset,17.0,5.0,14.0,11.0,Ascendant,2.0,246.048,2.0,1.0,1.0,13.0,8.0,0,0,4
5e0586e9-1fca-4255-8463-d67e64e15bc3,Ascent,11.0,4.0,12.0,10.0,Ascendant,2.0,176.882,1.0,1.0,2.0,13.0,4.0,0,0,4
a77300c4-0260-433f-aac5-42b01d74f2c6,Summit,15.0,6.0,17.0,14.0,Ascendant,2.0,196.696,1.0,3.0,3.0,13.0,10.0,1,0,4
7837fc11-5552-46aa-9b53-f410a95d69e4,Lotus,12.0,4.0,19.0,12.0,Ascendant,2.0,134.958,0.0,1.0,0.0,11.0,13.0,1,0,4
02c1f939-212a-4d8a-90a5-79f735432dce,Summit,12.0,1.0,17.0,9.0,Ascendant,2.0,236.625,1.0,1.0,0.0,3.0,13.0,0,0,4
87e5649d-21a0-4680-a6cb-b2ba8deb9d33,Haven,18.0,8.0,15.0,12.0,Ascendant,2.0,278.947,3.0,1.0,1.0,13.0,6.0,1,0,4
9318db4e-5fa9-4e9f-a1cd-1891849cb8bc,Split,14.0,4.0,14.0,10.0,Ascendant,2.0,201.684,0.0,0.0,0.0,6.0,13.0,1,0,4
ca5743c1-aab1-4058-a0b1-7a9e3efb483b,Ascent,16.0,16.0,21.0,13.0,Ascendant,2.0,199.25,0.0,2.0,1.0,13.0,11.0,0,0,4
f24a1ec4-e97c-4930-95d1-f485e5c8a156,Breeze,14.0,6.0,20.0,10.0,Ascendant,2.0,175.304,0.0,3.0,0.0,10.0,13.0,0,0,4
d8f722e0-ef24-4647-bcaa-7a9c9a56e200,Split,16.0,6.0,15.0,8.0,Ascendant,2.0,168.542,0.0,1.0,0.0,11.0,13.0,0,0,4
122a1c40-ded6-4950-bc55-24c6c49c7ede,Ascent,21.0,7.0,13.0,21.0,Ascendant,2.0,279.455,1.0,2.0,1.0,13.0,9.0,0,0,4
db8dd400-891b-4709-9f0e-ef82af3b5f26,Haven,15.0,7.0,13.0,18.0,Ascendant,2.0,249.353,2.0,0.0,2.0,13.0,4.0,0,0,4
5fdf62ab-6f96-4fdf-a137-552c5a5b7802,Summit,15.0,1.0,21.0,15.0,Ascendant,3.0,201.952,1.0,0.0,0.0,8.0,13.0,0,0,4
b3ca212a-6d18-4c6c-bd74-09b46647bd00,Sunset,21.0,2.0,16.0,12.0,Ascendant,3.0,265.714,2.0,0.0,0.0,8.0,13.0,0,0,4
4166f911-9de9-486a-b24c-80b2e63bb66e,Ascent,14.0,7.0,17.0,14.0,Ascendant,3.0,196.333,1.0,0.0,1.0,13.0,11.0,1,0,4
5d4e2052-fb6a-4152-a7a0-1f788d8fa644,Haven,21.0,6.0,13.0,16.0,Ascendant,3.0,255.739,3.0,0.0,2.0,13.0,10.0,0,0,4
92ebcdd4-de58-4a28-b196-7d618df7c578,Lotus,14.0,8.0,16.0,11.0,Ascendant,3.0,237.111,2.0,3.0,0.0,5.0,13.0,1,0,4
2fc8b1b6-9797-4f94-8f36-cc3a0f7526ce,Lotus,12.0,4.0,16.0,11.0,Ascendant,3.0,170.905,1.0,2.0,0.0,8.0,13.0,1,0,4
2b86ecd6-d438-4c14-95f7-c37ecc5a7f89,Breeze,20.0,3.0,12.0,17.0,Ascendant,2.0,324.882,3.0,1.0,1.0,13.0,4.0,0,0,4
18c7c583-d009-4e29-8998-056720da008e,Sunset,10.0,9.0,16.0,11.0,Ascendant,2.0,159.348,1.0,2.0,1.0,13.0,10.0,0,0,4
9cf2eb1b-1838-42fc-b836-0b61cbe2f37a,Breeze,17.0,7.0,16.0,13.0,Ascendant,2.0,227.19,3.0,5.0,2.0,13.0,8.0,0,0,4
c71b59aa-8ef0-4d21-8602-7be686f804f2,Summit,16.0,5.0,16.0,15.0,Ascendant,2.0,245.053,0.0,1.0,0.0,6.0,13.0,0,0,4
48ea2693-9afa-4615-8730-d0993b1960ca,Haven,16.0,5.0,16.0,14.0,Ascendant,3.0,205.955,3.0,0.0,1.0,13.0,9.0,0,0,4
5337ba97-aead-4eca-ab25-4c38326ec203,Ascent,22.0,5.0,7.0,16.0,Ascendant,3.0,292.778,1.0,0.0,1.0,13.0,5.0,0,0,4
2ee6bf0b-651d-4b2e-afe8-988137f77e2b,Haven,16.0,9.0,18.0,14.0,Ascendant,3.0,204.042,0.0,2.0,2.0,13.0,11.0,0,0,4
9efd8d9a-623f-496e-9cac-1f219ff61c7e,Summit,18.0,6.0,10.0,13.0,Ascendant,3.0,266.263,6.0,1.0,3.0,13.0,6.0,0,0,4
a347eb5d-3db7-438c-9b79-904da2bf23b9,Sunset,14.0,5.0,15.0,13.0,Ascendant,3.0,192.182,1.0,1.0,1.0,13.0,9.0,1,2,2
963fc716-6ac1-41e6-b3cb-8c20f25d98cd,Breeze,24.0,7.0,10.0,20.0,Ascendant,3.0,313.333,2.0,1.0,2.0,13.0,8.0,0,2,2
d4a78303-a9a3-4db0-86de-ae6933a21bd2,Ascent,19.0,6.0,17.0,19.0,Ascendant,3.0,297.579,0.0,1.0,0.0,6.0,13.0,0,2,2
1f8522c8-90af-47c4-97e4-5c1a8f69543c,Sunset,24.0,5.0,23.0,20.0,Ascendant,3.0,257.615,1.0,4.0,1.0,14.0,12.0,0,2,2
2c9e74a0-494a-4a4e-9f15-084e081e5156,Lotus,10.0,5.0,14.0,8.0,Ascendant,3.0,167.222,0.0,2.0,0.0,5.0,13.0,0,0,4
64c7c8ca-dc95-418d-9256-cadd3396ea86,Summit,22.0,5.0,13.0,16.0,Immortal,1.0,316.05,1.0,1.0,1.0,13.0,7.0,0,0,4
d45af1fe-ad9e-4dd9-8e16-502535bc9851,Ascent,12.0,13.0,18.0,10.0,Immortal,1.0,158.652,0.0,1.0,0.0,10.0,13.0,1,1,3
cb7b740d-ecd5-4d78-b774-add3c4af81ed,Summit,30.0,7.0,20.0,23.0,Immortal,1.0,385.783,3.0,3.0,0.0,10.0,13.0,0,1,3
ef964172-b626-4ed6-b4a7-220ca0927757,Split,24.0,4.0,8.0,20.0,Immortal,1.0,364.625,0.0,1.0,1.0,13.0,3.0,0,1,3
50872d90-28d7-4e4b-a21b-0985fcc863ee,Ascent,24.0,6.0,9.0,19.0,Immortal,1.0,380.765,2.0,0.0,2.0,13.0,4.0,1,1,3
dd67cbae-a49c-42b3-81cb-6f10483be144,Summit,21.0,8.0,18.0,18.0,Immortal,1.0,210.643,0.0,1.0,1.0,15.0,13.0,1,0,4
6a46ba29-925e-4643-9796-0331bd7e3aab,Ascent,9.0,12.0,14.0,6.0,Immortal,1.0,156.3,1.0,0.0,2.0,13.0,7.0,0,0,4
94afc973-0a80-4071-843e-04f3605951a0,Sunset,12.0,8.0,15.0,7.0,Immortal,1.0,154.429,0.0,0.0,0.0,8.0,13.0,1,0,4
4c9bd9c7-b473-42c4-b58e-35894b415e24,Breeze,26.0,2.0,14.0,17.0,Immortal,1.0,298.261,3.0,2.0,1.0,13.0,10.0,0,0,4
367022c9-0bcd-4236-a1f7-b22ee564ff8f,Ascent,17.0,10.0,13.0,17.0,Immortal,1.0,279.895,2.0,0.0,0.0,6.0,13.0,0,0,4
adc58c4f-ea41-42b9-8f88-0cf5f107fad5,Split,23.0,10.0,23.0,19.0,Immortal,1.0,275.375,3.0,0.0,0.0,11.0,13.0,0,0,4
2e36fc08-d880-441d-a2ff-b3b66249e3af,Summit,23.0,9.0,12.0,20.0,Immortal,1.0,351.5,3.0,1.0,1.0,13.0,5.0,1,0,4
b797a7f3-7a88-4266-ac90-ae8601ee273b,Ascent,12.0,8.0,14.0,7.0,Immortal,1.0,165.364,1.0,0.0,0.0,9.0,13.0,0,0,4
4ef9d52b-fa27-465d-a8e5-32c4d7d05507,Breeze,21.0,4.0,11.0,15.0,Immortal,1.0,259.05,1.0,0.0,1.0,13.0,7.0,0,0,4
0d581771-3261-4f5b-89c5-b0bb62dd878f,Split,16.0,9.0,14.0,10.0,Immortal,1.0,208.0,2.0,4.0,1.0,13.0,9.0,0,1,3
5edf4948-9b9b-4208-b2bb-7b736eb6d493,Sunset,18.0,4.0,19.0,17.0,Immortal,1.0,239.565,4.0,0.0,0.0,10.0,13.0,1,1,3
35da9112-ed20-45be-b14f-a0d66943c01f,Breeze,20.0,3.0,13.0,9.0,Immortal,1.0,212.87,0.0,3.0,1.0,13.0,10.0,0,0,4
e367b54f-b577-4ac3-9484-1f6fb7396698,Summit,13.0,3.0,15.0,14.0,Immortal,1.0,223.842,2.0,2.0,0.0,6.0,13.0,0,0,4
fb88f5f5-2039-45fb-82db-0482c0033939,Split,18.0,8.0,15.0,12.0,Immortal,1.0,227.909,2.0,1.0,1.0,13.0,9.0,0,0,4
708f73dd-644a-4b54-9248-aa3a1ac4bdbb,Haven,16.0,4.0,17.0,12.0,Immortal,1.0,205.955,2.0,2.0,0.0,9.0,13.0,0,1,3
02bbfc09-7ba5-4338-b122-8f621673856b,Summit,18.0,8.0,13.0,16.0,Immortal,1.0,304.059,2.0,1.0,1.0,13.0,4.0,1,1,3
78738f4b-cf86-4dfd-ba2f-3df08bca4da4,Summit,6.0,3.0,15.0,6.0,Immortal,1.0,88.947,0.0,2.0,0.0,6.0,13.0,0,0,4
bd559712-6687-4571-9d6f-6f26ebc518c2,Sunset,16.0,10.0,15.0,11.0,Immortal,1.0,201.5,0.0,1.0,1.0,13.0,9.0,1,0,4
1b47b40b-7fec-4595-ac6b-3ad0573d33ff,Haven,8.0,5.0,17.0,7.0,Immortal,1.0,146.333,0.0,3.0,0.0,5.0,13.0,1,1,3
d8544ed5-1701-47b7-93f8-ef7cb5657dc5,Ascent,22.0,4.0,18.0,24.0,Immortal,1.0,273.348,1.0,1.0,1.0,13.0,10.0,0,1,3
dc2e72c6-395e-488f-b8e2-928f1056e2f5,Haven,18.0,7.0,14.0,15.0,Immortal,1.0,287.263,3.0,2.0,1.0,13.0,6.0,1,0,4
d4f43601-1653-416b-9fc3-932d52e07e2a,Lotus,17.0,11.0,16.0,14.0,Immortal,1.0,215.417,1.0,2.0,0.0,11.0,13.0,0,0,4
48a5374b-423d-4fe7-858f-fc3c27a10f9f,Sunset,16.0,8.0,8.0,15.0,Immortal,1.0,273.8,0.0,0.0,1.0,13.0,2.0,1,0,4
9c929748-a2a4-4d02-b1bb-6774669d5e7d,Sunset,18.0,6.0,13.0,10.0,Immortal,1.0,285.389,2.0,1.0,1.0,13.0,5.0,1,0,4
d2a1e1d9-fadb-40f8-a509-2530722f4ec9,Ascent,17.0,6.0,15.0,17.0,Immortal,1.0,230.348,2.0,1.0,2.0,13.0,10.0,0,0,4
d6f1fa1f-654f-44c1-9ab1-09f1c1d3cf8b,Split,19.0,11.0,24.0,12.0,Immortal,2.0,211.429,3.0,2.0,1.0,15.0,13.0,1,0,4
b10b4808-cc82-428a-8592-e4ce4aba2c4a,Breeze,20.0,2.0,18.0,20.0,Immortal,2.0,271.429,1.0,2.0,0.0,8.0,13.0,0,0,4
84383b07-ea7f-44e3-9362-562c5de9e9e3,Lotus,10.0,9.0,12.0,9.0,Immortal,2.0,154.789,0.0,0.0,1.0,13.0,6.0,0,0,4
233c6935-9895-4621-ae90-1078be978235,Sunset,13.0,3.0,20.0,8.0,Immortal,2.0,146.125,1.0,3.0,0.0,11.0,13.0,1,0,4
582e6561-a76a-4a58-af22-9f08d1a565b3,Split,15.0,11.0,14.0,12.0,Immortal,2.0,237.105,1.0,2.0,1.0,13.0,6.0,0,0,4
afd07d33-0924-4ff1-9b02-7b03dc79d53b,Lotus,23.0,11.0,22.0,15.0,Immortal,2.0,214.188,4.0,1.0,1.0,17.0,15.0,1,1,3
cca8751c-aaa7-498a-af0f-13f197949df5,Haven,14.0,6.0,19.0,14.0,Immortal,2.0,207.333,2.0,1.0,0.0,8.0,13.0,0,1,3
07f7e7a7-17dd-4e4a-818d-1c44ff6b330c,Split,7.0,10.0,18.0,7.0,Immortal,2.0,129.35,1.0,1.0,0.0,7.0,13.0,0,0,4
1bf44f13-c836-4135-8bf0-b3b3e4dee194,Summit,27.0,12.0,24.0,21.0,Immortal,2.0,235.5,1.0,2.0,0.0,15.0,15.0,0,0,4
c5340356-5130-4046-bf6c-5a6598ca3b72,Ascent,11.0,6.0,19.0,8.0,Immortal,2.0,156.043,0.0,1.0,0.0,10.0,13.0,0,0,4
7d42aa66-8d71-42c8-b798-2113d00aaf11,Haven,23.0,13.0,23.0,18.0,Immortal,2.0,298.739,2.0,1.0,0.0,10.0,13.0,0,0,4
11b4230c-eeb3-4675-87c5-921a0a86440b,Sunset,11.0,6.0,14.0,9.0,Immortal,1.0,239.133,2.0,1.0,0.0,2.0,13.0,0,0,4
c2d4b36f-4068-4750-9b6a-79ce5ca3d0df,Lotus,14.0,3.0,14.0,6.0,Unrated,,214.833,3.0,2.0,1.0,13.0,5.0,0,0,4
2281596f-1e2f-41b4-808d-03a20ba09dd2,Haven,10.0,10.0,23.0,9.0,Immortal,1.0,144.346,1.0,2.0,0.0,12.0,14.0,1,1,3
716c2e80-25e7-4e78-bc06-b569aedc88d5,Sunset,14.0,3.0,15.0,9.0,Immortal,1.0,168.091,0.0,4.0,0.0,9.0,13.0,0,1,3
f9907ded-aa9c-4e62-822d-1ac701a5d4f7,Split,27.0,3.0,15.0,18.0,Platinum,1.0,288.958,3.0,1.0,0.0,11.0,13.0,0,0,4
0c6e5b73-61ae-4ae1-b1d9-82935ef55eaa,Fracture,14.0,9.0,12.0,10.0,Platinum,1.0,224.882,2.0,2.0,1.0,13.0,4.0,1,0,4
d0fa2f08-5889-4e03-90d0-558c96b6a33c,Ascent,10.0,17.0,19.0,5.0,Platinum,1.0,143.565,3.0,0.0,2.0,13.0,10.0,0,0,4
e1834417-692b-4e00-aa20-847d66972f30,Split,16.0,5.0,16.0,16.0,Platinum,1.0,235.3,1.0,0.0,0.0,7.0,13.0,0,0,4
0316ff1a-08cf-4359-9643-039fb8060b22,Haven,18.0,3.0,10.0,14.0,Platinum,1.0,236.579,5.0,4.0,1.0,13.0,6.0,0,0,4
82c1bcfa-734f-45a5-b2d2-a0992c9ea9db,Pearl,17.0,10.0,20.0,13.0,Platinum,1.0,191.0,2.0,5.0,0.0,12.0,14.0,1,0,4
96eb73b1-c508-46c4-b716-ec7bd5e1c381,Breeze,11.0,7.0,16.0,10.0,Platinum,1.0,138.261,0.0,2.0,1.0,13.0,10.0,0,0,4
6e4dc400-eaca-4f0b-a87d-113721f38f7f,Ascent,29.0,3.0,19.0,24.0,Platinum,1.0,276.286,3.0,2.0,2.0,15.0,13.0,0,0,4
8f3600f0-6804-4d62-934d-b79367054f65,Fracture,18.0,3.0,14.0,20.0,Platinum,1.0,276.684,0.0,1.0,0.0,6.0,13.0,0,0,4
86c1018d-430e-46ae-864d-5c53a5f927b8,Haven,20.0,8.0,15.0,23.0,Platinum,2.0,255.952,2.0,1.0,0.0,8.0,13.0,0,0,4
289c731a-bf25-466b-8fb1-85a455782d27,Haven,16.0,4.0,14.0,12.0,Platinum,2.0,254.611,1.0,0.0,0.0,5.0,13.0,0,0,4
90d208b1-a4f6-47d4-926a-f2f8b02a243d,Pearl,11.0,5.0,10.0,11.0,Platinum,1.0,151.55,1.0,1.0,1.0,13.0,7.0,0,0,4
4a318fc6-c615-4b41-ba66-fa956759338f,Lotus,16.0,5.0,17.0,13.0,Platinum,1.0,192.875,1.0,2.0,2.0,13.0,11.0,1,0,4
b2e2bbd2-dd6e-4c45-af17-13fdac37a244,Lotus,9.0,10.0,16.0,8.0,Platinum,1.0,134.429,1.0,0.0,0.0,8.0,13.0,0,0,4
a06a6562-0cf6-4871-86f5-2657afb28117,Fracture,10.0,6.0,15.0,7.0,Platinum,1.0,132.87,2.0,4.0,1.0,13.0,10.0,1,0,4
3b90e8fc-56e2-435e-a6a2-242e2f2aa9e7,Split,15.0,4.0,16.0,13.0,Platinum,1.0,221.421,3.0,0.0,0.0,6.0,13.0,0,0,4
151d283d-b3b3-4284-bd02-1a988887506c,Fracture,17.0,1.0,21.0,13.0,Platinum,1.0,166.25,2.0,5.0,1.0,15.0,13.0,0,0,4
1c5e83a5-6eb5-4081-9da5-9937a97f6622,Split,12.0,11.0,11.0,11.0,Platinum,1.0,187.947,2.0,1.0,2.0,13.0,6.0,0,0,4
52b91278-1416-4599-8844-3c9859bf8974,Split,25.0,2.0,17.0,22.0,Platinum,1.0,252.923,4.0,4.0,1.0,14.0,12.0,0,0,4
2eabf4d9-467a-4895-9fe3-9cec733a006c,Pearl,12.0,7.0,23.0,11.0,Platinum,2.0,132.731,0.0,2.0,1.0,14.0,12.0,0,0,4
c0802cd0-06b3-4c16-a4cf-40f019b37476,Breeze,17.0,5.0,15.0,16.0,Platinum,2.0,228.667,3.0,3.0,2.0,13.0,8.0,0,0,4
e770bdc5-86f8-47d6-922a-6f7047f60127,Fracture,12.0,10.0,18.0,14.0,Platinum,2.0,192.0,1.0,2.0,0.0,8.0,13.0,1,0,4
b03a1445-bba3-45af-9edb-c6f490485b9e,Lotus,14.0,6.0,16.0,11.0,Platinum,2.0,187.091,2.0,0.0,0.0,9.0,13.0,0,0,4
df044a50-dab6-4eea-8dc4-dba793b221ef,Fracture,22.0,7.0,25.0,17.0,Platinum,2.0,215.406,1.0,6.0,0.0,16.0,16.0,0,0,4
ae39344d-7a7f-4a8a-98b7-2b9e39bb9726,Lotus,11.0,2.0,12.0,11.0,Platinum,2.0,178.941,1.0,4.0,1.0,13.0,4.0,0,0,4
59296980-7878-49d4-b0d6-933be288694a,Split,12.0,5.0,10.0,9.0,Platinum,3.0,184.895,1.0,0.0,1.0,13.0,6.0,1,0,4
364bd640-fb09-476f-8f7a-76cac04e1fcd,Fracture,17.0,11.0,16.0,12.0,Platinum,2.0,213.87,0.0,0.0,3.0,13.0,10.0,0,0,4
255ca825-2a04-4687-87a5-36277e84f412,Ascent,21.0,4.0,14.0,16.0,Platinum,2.0,221.667,2.0,1.0,4.0,13.0,11.0,1,0,4
0a40ae6f-3d50-4811-8b42-21ffcef4ff90,Lotus,5.0,8.0,3.0,6.0,Platinum,2.0,102.071,1.0,0.0,5.0,7.0,1.0,0,0,4
3bad4c53-729f-4c5d-8756-c8cdb4fae9c6,Breeze,22.0,3.0,13.0,14.0,Platinum,3.0,280.952,2.0,3.0,1.0,13.0,8.0,0,0,4
0c2f5335-4e78-4b7c-bba7-91b14309b398,Fracture,17.0,3.0,14.0,15.0,Platinum,3.0,233.95,3.0,4.0,3.0,13.0,7.0,0,0,4
8277ed7a-6f35-439b-81dd-804bbca962bc,Lotus,24.0,8.0,14.0,14.0,Platinum,3.0,245.333,0.0,2.0,1.0,13.0,11.0,0,0,4
adbce4c3-5605-43c0-be3f-28b8e13d8c1c,Pearl,7.0,5.0,14.0,4.0,Platinum,3.0,111.0,0.0,4.0,2.0,13.0,5.0,1,0,4
8576e5d6-d9e5-4ea4-b2c2-29fad3e51337,Split,10.0,9.0,17.0,10.0,Unrated,,108.391,0.0,2.0,0.0,10.0,13.0,0,0,4
cd1e4b08-d110-48b6-80c8-39c7cb246fcb,Split,6.0,4.0,17.0,5.0,Unrated,,131.167,1.0,1.0,0.0,5.0,13.0,0,0,4
2de3be61-af1a-4806-9c23-72877fcf1445,Sunset,16.0,17.0,17.0,17.0,Unrated,,222.739,3.0,1.0,0.0,10.0,13.0,1,0,4
26e936bb-65cf-4f80-bf77-2a1f219c6213,Summit,20.0,1.0,15.0,19.0,Unrated,,244.304,2.0,1.0,0.0,10.0,13.0,0,0,4
ebebc03c-de7b-4d69-a296-3912e619f46f,Haven,17.0,11.0,18.0,14.0,Gold,2.0,194.667,0.0,1.0,1.0,13.0,11.0,1,0,4
b5b532e9-8f20-46dc-a578-03a0109c4cec,Summit,16.0,12.0,17.0,12.0,Gold,2.0,190.542,1.0,0.0,0.0,11.0,13.0,1,0,4
29af54a5-3000-4556-a1da-e7ca1bb4afba,Breeze,13.0,4.0,18.0,13.0,Gold,2.0,178.348,0.0,1.0,0.0,10.0,13.0,0,0,4
4b35a601-665f-47a3-bee9-7a1e550f65b0,Breeze,20.0,2.0,13.0,19.0,Gold,2.0,279.619,2.0,0.0,1.0,13.0,8.0,1,0,4
d4c7dfb3-478e-4249-972c-ec67787cf435,Ascent,16.0,4.0,16.0,10.0,Unrated,,190.522,0.0,2.0,0.0,10.0,13.0,0,0,4
063c2fbf-473e-461b-a598-ac3b42ff5ee2,Split,10.0,5.0,14.0,5.0,Gold,3.0,151.3,0.0,4.0,0.0,7.0,13.0,0,0,4
f8aa4542-2762-431a-8f12-6bdf5fd7e0a5,Sunset,15.0,4.0,15.0,15.0,Gold,2.0,236.526,4.0,1.0,1.0,13.0,6.0,1,0,4
1cb993e4-3e65-475c-afb6-9da4d8ebc6bb,Breeze,19.0,4.0,19.0,13.0,Gold,3.0,230.957,5.0,1.0,1.0,13.0,10.0,0,0,4
0c037a5d-77ed-477d-ae3c-c9233d29f231,Split,14.0,4.0,19.0,11.0,Gold,3.0,166.208,0.0,0.0,0.0,11.0,13.0,0,0,4
3f206b2a-2de9-404d-94a9-8cfc9c5a70f6,Breeze,12.0,5.0,11.0,9.0,Gold,3.0,216.118,0.0,0.0,1.0,13.0,4.0,0,0,4
e503fbdd-dad3-45e4-b2e8-2e416105184c,Haven,21.0,2.0,18.0,20.0,Gold,3.0,278.174,3.0,1.0,0.0,10.0,13.0,1,0,4
04b6116c-873d-4f70-a7e4-ffcf412685fd,Breeze,7.0,2.0,14.0,8.0,Gold,3.0,140.8,2.0,0.0,0.0,2.0,13.0,1,1,3
f7666b6e-c4fa-47d7-9167-a547c55cd225,Sunset,32.0,4.0,13.0,24.0,Gold,3.0,367.0,3.0,0.0,1.0,13.0,11.0,0,1,3
6b35a9e6-aacf-4f03-b347-5eab66509a81,Summit,20.0,6.0,19.0,19.0,Gold,3.0,258.609,2.0,1.0,0.0,10.0,13.0,1,1,3
fce57425-b167-48b0-9f52-924e6bdbeaab,Lotus,14.0,8.0,16.0,12.0,Gold,2.0,247.211,3.0,3.0,0.0,6.0,13.0,1,1,3
126794fd-2909-4487-b7f5-0f5a3e777736,Ascent,16.0,5.0,18.0,12.0,Gold,3.0,211.095,3.0,2.0,0.0,8.0,13.0,1,1,3
53bf4374-a65d-43e0-a88b-fb63677d64aa,Ascent,14.0,8.0,15.0,15.0,Gold,2.0,236.75,2.0,2.0,0.0,7.0,13.0,0,1,3
588d7620-b8b4-4072-a901-66e4cabd3cfe,Split,16.0,2.0,16.0,9.0,Gold,2.0,200.727,0.0,1.0,0.0,9.0,13.0,1,1,3
c292b8cc-a01b-4711-a3b3-a383366baf51,Sunset,30.0,6.0,14.0,18.0,Gold,2.0,366.826,8.0,3.0,0.0,10.0,13.0,1,1,3
6890cb1a-0124-4143-a651-d6782316e54f,Breeze,23.0,3.0,16.0,17.0,Gold,2.0,268.583,3.0,2.0,0.0,11.0,13.0,1,0,4
429a7549-7c05-429a-8d59-29f49c70757d,Sunset,25.0,3.0,13.0,20.0,Gold,2.0,288.583,0.0,2.0,1.0,13.0,11.0,1,1,3
cf7d80af-5a2e-4351-ba24-2883dcdd1dbd,Ascent,30.0,5.0,12.0,22.0,Gold,2.0,401.667,5.0,2.0,2.0,13.0,8.0,1,1,3
ca94e933-c419-4f19-abb0-7a3b07f0fe98,Lotus,18.0,9.0,19.0,17.0,Gold,2.0,220.625,2.0,2.0,3.0,13.0,11.0,0,1,3
cababa25-04fd-4da2-a453-8b132771c3c6,Lotus,22.0,2.0,23.0,14.0,Gold,2.0,189.562,3.0,3.0,0.0,15.0,17.0,1,1,3
22868a0c-0d3e-4062-b177-bd76447146af,Ascent,25.0,2.0,11.0,20.0,Gold,2.0,359.895,3.0,1.0,1.0,13.0,6.0,0,1,3
5f0b8634-b070-4506-8b3f-6dd8d37bef87,Summit,17.0,4.0,10.0,13.0,Gold,2.0,273.647,2.0,0.0,1.0,13.0,4.0,0,0,4
ad08032f-8590-4fdc-a88c-ad5f791ac515,Haven,17.0,2.0,17.0,14.0,Gold,2.0,208.652,1.0,1.0,2.0,13.0,10.0,1,0,4
295df1c7-dcf8-4ea7-8009-7a26a65670af,Haven,21.0,4.0,16.0,20.0,Gold,2.0,320.6,6.0,3.0,0.0,7.0,13.0,1,3,1
4f049961-b6f9-4b22-bc28-a6cce58e9412,Split,14.0,21.0,18.0,13.0,Gold,2.0,231.955,1.0,1.0,0.0,9.0,13.0,0,3,1
967c3162-7082-4253-818d-a13ef9eb1f33,Lotus,6.0,2.0,18.0,6.0,Gold,2.0,94.3,0.0,1.0,0.0,7.0,13.0,0,0,4
065e80e8-ffc2-4ec4-8497-2a9abe9b7c6f,Sunset,10.0,4.0,16.0,8.0,Gold,2.0,130.81,1.0,2.0,0.0,8.0,13.0,0,3,1
10e53c5d-e0f0-4c35-a23a-6e2c2e50de4e,Summit,26.0,6.0,13.0,18.0,Gold,2.0,378.35,7.0,1.0,1.0,13.0,7.0,1,4,0
b421afa5-aa53-4215-be51-c4edfbc59816,Lotus,20.0,10.0,11.0,16.0,Gold,2.0,264.9,3.0,1.0,2.0,13.0,7.0,0,4,0
b71b4325-5036-441d-80ff-7141708a23f1,Split,15.0,10.0,16.0,14.0,Gold,2.0,216.818,3.0,1.0,0.0,9.0,13.0,1,4,0
cd0bb6c5-a2bf-4e99-92c9-704d20efc2c8,Haven,22.0,3.0,13.0,12.0,Gold,2.0,309.238,2.0,1.0,1.0,13.0,8.0,1,1,3
d57ac62f-63fa-41a1-b993-a19d1ce6d3a7,Breeze,13.0,0.0,14.0,12.0,Gold,2.0,252.938,3.0,3.0,0.0,3.0,13.0,1,1,3
3750100d-779e-426e-b467-052da5793982,Split,20.0,4.0,17.0,16.0,Gold,2.0,291.8,4.0,2.0,0.0,7.0,13.0,0,1,3
ba2738d3-170c-4d7c-b667-1b0868db6d5d,Ascent,19.0,3.0,25.0,10.0,Gold,2.0,201.071,2.0,6.0,0.0,13.0,15.0,1,4,0
2377a073-3677-4a28-9085-dc0bab48b924,Lotus,21.0,6.0,11.0,11.0,Gold,2.0,296.889,0.0,2.0,1.0,13.0,5.0,0,4,0
70390058-f9b0-4f66-84a0-1ff46602b644,Breeze,15.0,1.0,21.0,14.0,Gold,2.0,188.167,6.0,2.0,1.0,13.0,11.0,1,2,2
d6a9bafd-c07d-4c09-bb13-3231a5a9ff08,Abyss,6.0,3.0,15.0,5.0,Gold,2.0,140.133,0.0,2.0,0.0,2.0,13.0,1,0,4
c75f3175-e5cf-4bce-b0d3-638c4182909c,Abyss,14.0,1.0,10.0,9.0,Gold,2.0,167.174,2.0,1.0,0.0,10.0,13.0,1,0,4
252e7a18-50ea-4611-9711-1c8136d1bc7c,Split,19.0,3.0,4.0,8.0,Unrated,,345.929,3.0,1.0,1.0,13.0,1.0,1,0,4
2e331ca5-b4f6-4ba8-a303-8e37643e1c1f,Split,6.0,6.0,18.0,3.0,Gold,2.0,83.167,0.0,3.0,1.0,13.0,11.0,1,0,4
a8dc403d-48cb-4140-8128-f13d1cad9e52,Sunset,31.0,7.0,24.0,20.0,Gold,2.0,317.4,5.0,2.0,0.0,15.0,15.0,1,0,4
6729f67f-9302-4a98-897e-56fc8ffc1791,Ascent,29.0,9.0,22.0,17.0,Gold,2.0,291.464,5.0,2.0,1.0,15.0,13.0,1,0,4
89cbde3d-ff91-4c32-bf9f-168dc1abe212,Lotus,12.0,2.0,10.0,10.0,Gold,2.0,162.238,1.0,0.0,0.0,8.0,13.0,0,0,4
f8b2c55b-8e42-460f-a6e6-fca9bfaaed7a,Summit,12.0,2.0,17.0,10.0,Gold,2.0,182.737,5.0,1.0,0.0,6.0,13.0,1,0,4
e2c0e328-e7f7-4013-b480-00126f107e09,Haven,6.0,1.0,7.0,4.0,Gold,2.0,80.143,2.0,0.0,0.0,8.0,13.0,0,0,4
58b2eaed-d8b9-408c-8af8-d9d30d930735,Summit,17.0,4.0,12.0,11.0,Gold,2.0,255.278,0.0,0.0,1.0,13.0,5.0,0,1,3
c96dc4f6-a0d9-4487-9199-904200647719,Sunset,13.0,8.0,14.0,11.0,Gold,2.0,193.429,0.0,0.0,1.0,13.0,8.0,0,0,4
93860952-25ac-416e-a132-b0b8926a520b,Lotus,11.0,4.0,16.0,9.0,Gold,2.0,159.857,2.0,2.0,1.0,13.0,8.0,1,0,4
5ac57593-ecb3-493b-9baf-ae7de1681b4a,Ascent,21.0,3.0,12.0,15.0,Gold,2.0,268.5,1.0,3.0,2.0,13.0,7.0,1,0,4
9ba336c9-28f5-42cd-bb9d-1bbe5aa3b36a,Split,24.0,0.0,19.0,19.0,Platinum,2.0,314.5,2.0,4.0,0.0,7.0,13.0,1,1,3
e9240ace-bd50-420f-bbd9-ef2b7e1d5965,Sunset,19.0,5.0,12.0,17.0,Platinum,2.0,306.421,3.0,4.0,1.0,13.0,6.0,0,2,2
081d1cdd-b9e9-44bc-8879-094066414138,Summit,26.0,3.0,14.0,20.0,Platinum,2.0,390.158,5.0,3.0,2.0,13.0,6.0,1,4,0
b2ee32c9-f418-4f9c-9235-c78d22c31106,Haven,38.0,6.0,20.0,32.0,Platinum,2.0,530.455,11.0,0.0,0.0,9.0,13.0,1,1,3
21ca370a-57f3-4ba9-8e06-4386ca224275,Split,18.0,3.0,15.0,20.0,Platinum,2.0,384.0,1.0,1.0,0.0,2.0,13.0,1,1,3
6ae5361b-392a-4572-9975-8d32c2214afb,Split,19.0,6.0,15.0,13.0,Platinum,2.0,297.667,2.0,1.0,1.0,13.0,5.0,0,1,3
0be7bc3c-9b7b-4621-b497-93e59ec00ce9,Summit,39.0,6.0,20.0,35.0,Platinum,2.0,443.654,4.0,0.0,2.0,14.0,12.0,0,1,3
5d2613e6-252f-43a2-a573-b81b30a1fa36,Lotus,24.0,2.0,19.0,23.0,Platinum,2.0,330.952,3.0,2.0,0.0,8.0,13.0,0,1,3
47083929-5ff4-4f97-9059-63152e92219f,Abyss,12.0,4.0,17.0,15.0,Unrated,,224.889,2.0,1.0,0.0,5.0,13.0,1,1,3
3bd50569-d897-4b85-9615-ebedd32ff38c,Ascent,28.0,12.0,25.0,25.0,Platinum,3.0,341.615,6.0,1.0,0.0,12.0,14.0,0,2,2
4810e3eb-30f4-4606-a112-0ab14c68cd9a,Sunset,32.0,8.0,13.0,31.0,Platinum,2.0,462.053,1.0,1.0,1.0,13.0,6.0,1,2,2
fe67a1eb-031a-4d3c-b199-bb343ac4ca61,Ascent,30.0,4.0,13.0,27.0,Platinum,3.0,410.81,5.0,3.0,1.0,13.0,8.0,0,2,2
4f3f6eaa-ff65-4af4-8280-6f4282605e0b,Haven,16.0,2.0,12.0,15.0,Platinum,3.0,265.412,6.0,1.0,2.0,13.0,4.0,0,2,2
4f6b6c61-4132-4aba-b694-9577267bb740,Sunset,10.0,2.0,18.0,11.0,Bronze,1.0,103.321,2.0,1.0,1.0,15.0,13.0,1,0,4
5bc19988-7379-47ce-93ac-456aae7b49b7,Haven,11.0,4.0,14.0,9.0,Bronze,1.0,149.182,0.0,1.0,0.0,9.0,13.0,1,0,4
63cd3da8-39c6-4b43-b501-d7f89779b042,Split,9.0,7.0,13.0,7.0,Bronze,1.0,92.25,0.0,1.0,1.0,13.0,11.0,0,0,4
6e97da75-2e80-477a-976d-bb3c4c92598e,Ascent,10.0,6.0,15.0,10.0,Bronze,1.0,177.571,1.0,1.0,0.0,8.0,13.0,1,0,4
9e8a6b09-71fa-4dbe-8aab-0f2055f1cfab,Lotus,13.0,17.0,15.0,6.0,Bronze,2.0,181.292,0.0,1.0,1.0,13.0,11.0,0,1,3
d884c972-8af7-4d50-ac26-e4af59998ee7,Summit,15.0,9.0,16.0,3.0,Bronze,2.0,183.048,0.0,1.0,0.0,8.0,13.0,0,0,4
056edfa9-fd81-4276-9d98-aad5de7f7757,Breeze,11.0,9.0,11.0,6.0,Bronze,1.0,168.842,1.0,2.0,1.0,13.0,6.0,0,0,4
dd8a86d9-cf4f-4b91-b7f7-1a5db5ec0673,Sunset,12.0,13.0,16.0,6.0,Bronze,1.0,183.7,0.0,1.0,0.0,7.0,13.0,0,0,4
5f0f04f6-c40c-4ddd-92a6-83264726629b,Breeze,10.0,10.0,15.0,6.0,Bronze,2.0,173.5,1.0,2.0,0.0,5.0,13.0,0,2,2
22423b37-acea-4f23-9e7a-8e3fba9953b6,Summit,10.0,14.0,16.0,3.0,Bronze,2.0,151.087,0.0,3.0,0.0,10.0,13.0,0,2,2
3ece756e-0406-4a6d-bc00-33c3e1289224,Ascent,24.0,9.0,26.0,22.0,Ascendant,1.0,244.533,7.0,3.0,0.0,15.0,15.0,1,2,2
fa9f4cfc-4915-4aaf-a501-38b002c0b43b,Fracture,22.0,6.0,18.0,18.0,Ascendant,1.0,261.125,4.0,1.0,1.0,13.0,11.0,0,1,3
fd82c016-1639-472e-9c2c-0af9dcd32709,Split,16.0,5.0,11.0,14.0,Ascendant,1.0,253.789,2.0,1.0,2.0,13.0,6.0,1,1,3
e3a03ce7-d0ba-45e4-aefa-1a3e653c7157,Lotus,13.0,1.0,16.0,10.0,Ascendant,1.0,206.944,3.0,3.0,0.0,5.0,13.0,0,1,3
10dbd5a9-5912-4ac5-a46e-b4724beee68c,Pearl,18.0,6.0,18.0,9.0,Ascendant,1.0,231.217,5.0,3.0,1.0,13.0,10.0,0,1,3
313c583c-c564-4fe0-b29c-042ef3d30c59,Pearl,15.0,8.0,8.0,10.0,Ascendant,1.0,200.895,2.0,2.0,1.0,13.0,6.0,0,1,3
06be74d8-9eb4-477d-94c6-a47d8a1a4170,Breeze,12.0,5.0,13.0,12.0,Ascendant,1.0,183.158,2.0,1.0,2.0,13.0,6.0,0,1,3
727374c3-f700-4f7c-ad7a-f0cbdc482fa0,Split,26.0,6.0,20.0,24.0,Ascendant,1.0,297.538,8.0,1.0,1.0,14.0,12.0,1,0,4
ffff62a5-7569-4625-808f-7a785ad61234,Fracture,15.0,4.0,16.0,15.0,Ascendant,2.0,203.682,1.0,0.0,0.0,9.0,13.0,0,1,3
bbde0dd5-6605-4d57-b7ce-ae09cd15be4b,Breeze,22.0,7.0,19.0,23.0,Ascendant,2.0,274.435,1.0,2.0,0.0,10.0,13.0,0,1,3
3aa9f039-3833-4dde-92a6-97e100958c1d,Split,28.0,2.0,20.0,27.0,Ascendant,1.0,293.0,5.0,3.0,1.0,14.0,12.0,1,1,3
c17a5229-543d-46d2-9c52-2735a798fec6,Haven,24.0,5.0,18.0,21.0,Ascendant,1.0,282.333,6.0,3.0,2.0,13.0,11.0,0,1,3
b2d86ead-1cec-4538-be93-bc77e66acf4c,Summit,9.0,1.0,17.0,7.0,Radiant,,136.3,4.0,5.0,0.0,7.0,13.0,1,0,4
6e3e8ef8-b746-4f13-a500-8d92eebd6282,Lotus,18.0,4.0,18.0,19.0,Radiant,,249.955,5.0,4.0,0.0,9.0,13.0,1,0,4
3be11aa0-d741-4b2f-9f56-455e089ec437,Haven,9.0,2.0,14.0,8.0,Radiant,,143.588,3.0,3.0,1.0,13.0,4.0,1,0,4
1b97d800-d6b9-4513-85a1-99be43186d87,Summit,11.0,5.0,11.0,8.0,Radiant,,204.438,6.0,2.0,2.0,13.0,3.0,1,0,4
b0c1a4f4-b46f-48dd-b388-92b042cc0024,Lotus,23.0,2.0,13.0,14.0,Radiant,,315.579,5.0,1.0,3.0,13.0,6.0,1,0,4
01b5702b-3262-447a-930e-c517a99f0fcb,Ascent,27.0,10.0,16.0,25.0,Radiant,,323.417,3.0,1.0,1.0,13.0,11.0,1,0,4
5bf1781b-7bed-495d-9fa3-66879c33cc80,Split,11.0,4.0,10.0,10.0,Radiant,,203.0,3.0,2.0,2.0,13.0,3.0,1,0,4
12c17436-b58f-4a69-8c2f-a1a7d02e3ee5,Haven,17.0,3.0,9.0,13.0,Radiant,,353.143,2.0,1.0,3.0,13.0,1.0,1,1,3
d7badb4a-395e-4eca-b820-24041685ae65,Sunset,17.0,5.0,14.0,12.0,Radiant,,241.3,4.0,2.0,1.0,13.0,7.0,1,0,4
45c7ad7a-7c0f-4c5c-878f-81de6eff38ef,Abyss,10.0,4.0,11.0,3.0,Radiant,,195.067,1.0,3.0,2.0,13.0,2.0,1,0,4
fbab88af-59fc-4754-91d9-d80ab2762096,Abyss,6.0,2.0,17.0,8.0,Radiant,,113.294,1.0,3.0,0.0,4.0,13.0,1,1,3
a632d6d9-c9f5-4f5e-8332-3ef7a494cf3d,Summit,14.0,5.0,20.0,12.0,Radiant,,193.545,4.0,4.0,0.0,9.0,13.0,1,1,3
adec1615-5eff-4963-84ba-46cb73282adf,Ascent,15.0,2.0,14.0,12.0,Radiant,,222.5,2.0,4.0,1.0,13.0,5.0,1,1,3
12f9806e-f7e5-41af-ba6c-a3b87f3af423,Lotus,14.0,3.0,17.0,15.0,Radiant,,218.053,3.0,1.0,0.0,6.0,13.0,1,1,3
c11ac169-0017-473b-bd04-3f137072b816,Lotus,19.0,7.0,19.0,19.0,Radiant,,277.762,0.0,2.0,0.0,8.0,13.0,1,1,3
088701e2-5886-46c4-af5f-120648af1b23,Split,17.0,4.0,20.0,12.0,Radiant,,189.042,3.0,7.0,1.0,13.0,11.0,1,0,4
ff6f985d-9c52-4e59-9c81-725456f99d16,Haven,28.0,5.0,18.0,19.0,Radiant,,304.269,4.0,5.0,1.0,14.0,12.0,1,1,3
16e9a7bd-33a5-4d9b-8645-52e7e8609d6b,Lotus,23.0,6.0,16.0,22.0,Radiant,,273.261,2.0,2.0,2.0,13.0,10.0,1,0,4
cd4a4cbd-90f6-45e4-a049-a8e0a083faf2,Summit,16.0,6.0,16.0,19.0,Radiant,,212.409,2.0,7.0,3.0,13.0,9.0,1,1,3
d50dea8b-5726-48e7-b865-ce97727196f2,Split,14.0,10.0,19.0,10.0,Radiant,,194.238,3.0,2.0,4.0,13.0,8.0,1,0,4
bb341869-ffa4-4ac0-9689-e8ede0490091,Sunset,10.0,5.0,20.0,8.0,Radiant,,141.091,2.0,7.0,0.0,9.0,13.0,1,0,4
1f35d534-76a0-45f8-ad74-6fbaeb8e2ffc,Lotus,12.0,3.0,23.0,10.0,Radiant,,141.808,2.0,3.0,1.0,14.0,12.0,1,1,3
9abf37db-7c05-4bce-a2eb-bf6c59c2fb29,Abyss,22.0,3.0,24.0,16.0,Radiant,,204.1,4.0,7.0,2.0,16.0,14.0,1,1,3
d70b9691-1a97-4929-9e87-3fe4e7e3ebb2,Split,16.0,3.0,20.0,18.0,Radiant,,202.524,4.0,3.0,0.0,8.0,13.0,1,1,3
4c83509b-223c-4b88-b12e-86c5a6d397b2,Haven,16.0,1.0,14.0,7.0,Radiant,,224.778,1.0,1.0,1.0,13.0,5.0,0,0,4
f6f3df25-0d40-4d3c-a843-cdd032e43312,Lotus,19.0,0.0,18.0,12.0,Radiant,,239.591,3.0,2.0,0.0,9.0,13.0,1,0,4
9be85cdc-01a0-43fb-b48f-6f4d30e238ed,Sunset,12.0,5.0,15.0,15.0,Radiant,,198.056,4.0,4.0,0.0,5.0,13.0,1,1,3
e38371aa-5979-4418-ab1b-5ab65d968aee,Haven,19.0,6.0,19.0,15.0,Radiant,,222.615,3.0,5.0,1.0,14.0,12.0,1,0,4
211b10a8-1009-4cb4-8bba-5f6d3e297f9c,Abyss,16.0,5.0,20.0,11.0,Radiant,,200.625,7.0,5.0,0.0,11.0,13.0,1,0,4
85276936-f588-41eb-8dcc-b91b0a6f3ff6,Split,22.0,6.0,16.0,20.0,Radiant,,317.421,3.0,4.0,1.0,13.0,6.0,1,0,4
a238dafd-265a-43f9-a123-4ec439f1b4ea,Haven,21.0,5.0,18.0,19.0,Radiant,,266.318,5.0,2.0,2.0,13.0,9.0,1,0,4
a76e8b47-c5b9-447d-a623-8968fa59385a,Ascent,18.0,7.0,11.0,13.0,Radiant,,288.0,3.0,0.0,3.0,13.0,5.0,1,0,4
33ae1c58-9654-4a26-b85d-a8edbc9d990c,Abyss,16.0,7.0,14.0,9.0,Radiant,,230.3,3.0,3.0,1.0,13.0,7.0,1,1,3
f654086d-8ef3-4523-82f2-68aeee8797f9,Ascent,12.0,8.0,14.0,12.0,Radiant,,188.833,5.0,3.0,2.0,13.0,5.0,1,1,3
4537263b-a454-4e21-bea9-7017b8380e4f,Sunset,4.0,2.0,14.0,5.0,Radiant,,107.067,2.0,5.0,0.0,2.0,13.0,1,0,4
8e3dbaca-da0f-424e-9528-4c6803749436,Haven,22.0,2.0,17.0,14.0,Radiant,,247.208,7.0,7.0,1.0,13.0,11.0,1,1,3
71633d72-c770-4d7b-919c-bafede2a0129,Sunset,9.0,7.0,20.0,14.0,Radiant,,165.762,5.0,8.0,0.0,8.0,13.0,1,1,3
fe2a6ab3-8403-4404-90af-532727cca162,Split,16.0,3.0,19.0,8.0,Radiant,,235.095,4.0,3.0,0.0,8.0,13.0,1,1,3
b72cdb34-8395-4185-a50d-0fde36ee3020,Lotus,20.0,7.0,21.0,12.0,Radiant,,240.731,3.0,5.0,0.0,12.0,14.0,1,1,3
71e9bd0a-ad99-4b2a-9ab0-1c88762a5838,Haven,13.0,0.0,17.0,15.0,Radiant,,195.0,1.0,5.0,0.0,6.0,13.0,1,1,3
bbd65583-3d59-4113-848e-6acdbeb223c6,Sunset,7.0,2.0,17.0,7.0,Radiant,,114.056,1.0,6.0,0.0,5.0,13.0,1,1,3
efc09579-18fe-47c1-a6b6-d96b880064c6,Summit,16.0,4.0,15.0,16.0,Radiant,,217.286,3.0,4.0,0.0,8.0,13.0,1,1,3
af810881-33e1-4ece-922c-248a9e33fd5f,Split,5.0,1.0,13.0,3.0,Radiant,,105.467,0.0,4.0,0.0,2.0,13.0,1,1,3
4cd0e71b-d48f-4daa-a0e7-5a48378bb8cc,Lotus,10.0,1.0,16.0,8.0,Radiant,,127.2,0.0,2.0,0.0,7.0,13.0,1,1,3
77da1567-4e90-4f04-884d-5999229f8618,Haven,14.0,4.0,16.0,13.0,Radiant,,172.174,2.0,5.0,0.0,10.0,13.0,1,1,3
91af78b3-d259-4e81-b2c3-c06924303fba,Lotus,10.0,2.0,8.0,6.0,Radiant,,146.316,2.0,1.0,1.0,13.0,6.0,1,0,4
911be344-25bc-4bdc-8bbb-c1e16b5eb9b9,Ascent,15.0,4.0,16.0,13.0,Radiant,,191.952,3.0,3.0,2.0,13.0,8.0,1,0,4
3b5dcf53-46bf-4cfa-a291-6e70d16b13cf,Split,10.0,4.0,19.0,11.0,Radiant,,119.909,2.0,6.0,0.0,9.0,13.0,1,0,4
0c4ce45c-f644-45c0-b4c1-c7bc7bf67fd6,Haven,26.0,1.0,20.0,23.0,Radiant,,277.885,4.0,7.0,1.0,14.0,12.0,1,1,3
15ec3c7a-a7ee-4726-8212-d6d302b78a41,Haven,22.0,6.0,13.0,24.0,Radiant,,291.5,3.0,4.0,2.0,13.0,7.0,1,1,3
d1fdbe1d-94ed-45af-8cd0-8523714fb681,Ascent,11.0,0.0,14.0,11.0,Radiant,,217.333,2.0,3.0,0.0,2.0,13.0,1,1,3
20b13f0e-02db-478a-aeb8-f6eeedef9c1b,Ascent,15.0,3.0,13.0,19.0,Radiant,,219.111,4.0,4.0,1.0,13.0,5.0,1,1,3
56f03b19-eeba-4a3e-87a6-77f902af4b54,Lotus,17.0,3.0,20.0,17.0,Radiant,,190.769,2.0,2.0,2.0,14.0,12.0,1,1,3
972acf3e-2a2a-4fa3-a0b4-74ea5f1b8fdb,Abyss,19.0,5.0,17.0,14.0,Radiant,,242.522,4.0,1.0,3.0,13.0,10.0,1,1,3
551686ba-4caf-4df7-9cc6-09c0abed966d,Lotus,15.0,3.0,14.0,16.0,Radiant,,207.684,5.0,3.0,0.0,6.0,13.0,1,0,4
a69f0c7e-28c5-4d87-bc03-9f17f7d7a3cc,Split,25.0,8.0,16.0,16.0,Radiant,,287.458,2.0,2.0,1.0,13.0,11.0,1,0,4
ce305871-ad74-4aae-9cd7-23739c749478,Lotus,14.0,7.0,18.0,8.0,Radiant,,157.0,2.0,5.0,2.0,13.0,11.0,1,0,4
8b99ca49-4f86-41ec-8a0a-2e908dcbf574,Abyss,13.0,3.0,11.0,6.0,Radiant,,178.556,2.0,1.0,1.0,13.0,5.0,1,0,4
d6f7f2b9-98b4-4b05-b98a-e00a1e8ccef5,Ascent,12.0,6.0,15.0,13.0,Radiant,,184.0,8.0,4.0,1.0,13.0,7.0,1,1,3
85862a92-d148-4254-bc00-8bc9c20a7127,Abyss,5.0,0.0,13.0,4.0,Radiant,,112.308,1.0,4.0,0.0,0.0,13.0,1,1,3
49858898-2ab2-4fdd-b80b-55b121527122,Lotus,13.0,3.0,17.0,10.0,Radiant,,187.55,1.0,3.0,0.0,7.0,13.0,1,1,3
f1fad977-6d22-4821-931e-6eef6897b142,Ascent,31.0,4.0,15.0,28.0,Radiant,,389.952,5.0,3.0,1.0,13.0,8.0,1,1,3
d533c909-6e61-402f-b669-f361a109c643,Split,20.0,3.0,13.0,11.0,Radiant,,263.4,4.0,4.0,2.0,13.0,7.0,1,1,3
c50402eb-31af-46a0-8cf9-84d4d0cec40c,Split,15.0,5.0,22.0,14.0,Radiant,,208.583,4.0,4.0,0.0,11.0,13.0,1,1,3
b09a37f3-6419-4891-92dc-46f616a79ef1,Sunset,11.0,5.0,18.0,14.0,Radiant,,167.65,4.0,4.0,0.0,7.0,13.0,1,1,3
428cf09d-a705-4e3f-b6c2-69ec5d4104db,Lotus,8.0,3.0,17.0,8.0,Radiant,,163.235,2.0,4.0,0.0,4.0,13.0,1,1,3
1b9bf12b-8bd3-4c0b-abe7-e3b8e5fe9f87,Sunset,22.0,6.0,16.0,18.0,Radiant,,284.955,4.0,4.0,0.0,9.0,13.0,1,1,3
15d3d07a-664f-48d0-b225-1736ce2aa38e,Split,14.0,4.0,16.0,14.0,Radiant,,177.5,1.0,4.0,1.0,13.0,11.0,1,0,4
9b7be692-ddb2-4f7b-8202-717be233bd71,Abyss,20.0,2.0,13.0,12.0,Radiant,,252.714,3.0,4.0,2.0,13.0,8.0,1,0,4
5f2be6bd-6635-420f-9a98-50a625d6ab4a,Summit,16.0,3.0,15.0,16.0,Radiant,,225.4,4.0,2.0,3.0,13.0,7.0,1,0,4
32600438-a1d0-45bc-89fe-4e4be2b5a065,Summit,20.0,4.0,15.0,12.0,Radiant,,278.316,2.0,3.0,4.0,13.0,6.0,1,0,4
7cfaa9af-f281-41b1-9057-83a83ca57845,Haven,11.0,5.0,19.0,11.0,Radiant,,188.19,4.0,4.0,0.0,8.0,13.0,1,0,4
d5003fd2-62c5-49ba-81f9-18ea7d3dfa8f,Abyss,18.0,1.0,19.0,14.0,Radiant,,203.045,3.0,6.0,0.0,9.0,13.0,1,0,4
4b5af89c-31be-40e3-81d1-5dcde93a0306,Ascent,25.0,9.0,24.0,24.0,Radiant,,264.857,9.0,5.0,0.0,13.0,15.0,1,0,4
245ff0ee-715a-419c-ba8c-a125ae59799f,Lotus,26.0,3.0,20.0,25.0,Radiant,,299.625,4.0,4.0,0.0,11.0,13.0,1,1,3
e42387a1-5d4c-4e61-bd23-7fe4c90df1e0,Abyss,19.0,2.0,18.0,15.0,Radiant,,256.571,3.0,4.0,0.0,8.0,13.0,1,1,3
e6a82acb-f428-4526-9c87-7ce43f09c693,Lotus,16.0,1.0,12.0,9.0,Radiant,,247.824,3.0,2.0,1.0,13.0,4.0,1,1,3
b603f81c-3310-44d3-ae29-ee2a279b1125,Sunset,21.0,1.0,13.0,15.0,Radiant,,277.5,3.0,4.0,2.0,13.0,7.0,1,1,3
429bdbbe-9a7b-4339-9ea2-7e96b32e3ce5,Summit,15.0,4.0,16.0,14.0,Radiant,,180.083,3.0,3.0,1.0,13.0,11.0,1,1,3
14092f1d-ae23-47f3-a352-0e2f6ee08dd9,Sunset,11.0,3.0,19.0,10.0,Diamond,2.0,178.0,4.0,4.0,0.0,5.0,13.0,1,1,3
cf8a1248-ffd5-4365-9ca4-8f2e40082e56,Haven,21.0,8.0,21.0,18.0,Diamond,2.0,261.5,3.0,3.0,0.0,12.0,14.0,1,1,3
9b48c4b5-83a6-4c84-b3b6-42e9bbca9bb4,Abyss,19.0,6.0,15.0,12.0,Diamond,2.0,249.364,3.0,1.0,0.0,9.0,13.0,0,1,3
008e680b-0a18-404e-a698-8fe2983d97a4,Lotus,30.0,4.0,14.0,21.0,Diamond,2.0,372.182,4.0,0.0,1.0,13.0,9.0,0,1,3
f311d160-8169-4f2a-9627-8bf6a39e4f63,Ascent,11.0,5.0,10.0,8.0,Diamond,1.0,187.5,1.0,0.0,1.0,13.0,3.0,1,1,3
286aba88-f96d-4f99-88f5-2297b7f613f5,Lotus,15.0,1.0,18.0,10.0,Diamond,1.0,208.273,3.0,3.0,0.0,9.0,13.0,0,1,3
992e7582-f266-43fd-b2fa-d8056e42d287,Abyss,12.0,7.0,21.0,10.0,Diamond,1.0,179.636,3.0,1.0,1.0,13.0,9.0,1,2,2
35beb8a6-6823-4784-a5bb-13ded1b3b999,Haven,12.0,4.0,14.0,8.0,Diamond,1.0,163.333,1.0,0.0,0.0,5.0,13.0,0,2,2
5c51fe3c-a363-4613-890b-7f7abf1fee19,Ascent,21.0,3.0,14.0,18.0,Diamond,1.0,234.333,4.0,2.0,1.0,13.0,11.0,0,1,3
4b49d695-6f21-448f-89b4-81c12d43707f,Ascent,17.0,1.0,16.0,9.0,Diamond,1.0,283.667,5.0,1.0,0.0,5.0,13.0,1,2,2
efb986da-c904-49a2-9503-c343bb104e1b,Haven,17.0,2.0,14.0,13.0,Diamond,1.0,209.714,0.0,2.0,1.0,13.0,8.0,1,2,2
c412a0eb-aeec-4924-8cee-9cdb824486fa,Lotus,16.0,6.0,18.0,14.0,Diamond,1.0,197.696,2.0,0.0,0.0,10.0,13.0,0,1,3
9cd9669f-039a-4dc3-9fc0-de974738108b,Split,28.0,3.0,20.0,23.0,Diamond,1.0,290.0,6.0,4.0,1.0,15.0,13.0,1,2,2
79fbb02a-34c4-41c2-886a-68587dbd6fd7,Ascent,18.0,3.0,14.0,14.0,Diamond,1.0,235.227,6.0,2.0,1.0,13.0,9.0,1,0,4
e97c250a-f375-4cc2-b233-fa2a017b3c32,Split,11.0,5.0,8.0,11.0,Diamond,1.0,225.533,1.0,2.0,1.0,13.0,2.0,0,1,3
a6915944-e4dd-45d9-9af0-86aa4d66a0f9,Summit,14.0,1.0,6.0,11.0,Diamond,1.0,247.143,3.0,1.0,2.0,13.0,1.0,0,1,3
77a3fba0-4948-44f2-8b2b-d5e882df854c,Abyss,14.0,3.0,11.0,10.0,Diamond,1.0,213.722,3.0,1.0,3.0,13.0,5.0,0,1,3
7404b306-7503-43de-a76f-30026eb8b425,Split,20.0,6.0,14.0,10.0,Diamond,1.0,252.227,1.0,1.0,1.0,13.0,9.0,0,2,2
fb57c6f6-0bfc-44a9-b909-f0e645a57f60,Lotus,19.0,5.0,16.0,18.0,Diamond,1.0,263.409,1.0,0.0,2.0,13.0,9.0,0,2,2
93af7290-85fe-4e9b-a23d-92abd0b0e70f,Haven,10.0,7.0,20.0,8.0,Diamond,1.0,151.143,2.0,4.0,3.0,13.0,8.0,1,2,2
78cde197-0e79-4a47-89e0-918d574a139d,Lotus,24.0,4.0,21.0,18.0,Diamond,1.0,317.182,2.0,0.0,4.0,13.0,9.0,1,1,3
9c6a5629-0d6a-45e7-b160-fae3d6e2c6a8,Abyss,11.0,3.0,19.0,11.0,Diamond,2.0,150.455,0.0,1.0,0.0,9.0,13.0,0,1,3
abd53cd9-0500-42d9-a4a5-b12ee5da6375,Ascent,8.0,2.0,14.0,10.0,Diamond,2.0,186.733,3.0,1.0,0.0,2.0,13.0,1,2,2
fbf1dccf-c9be-4c49-a054-f92cdbbdb1a5,Haven,20.0,3.0,14.0,16.0,Diamond,2.0,289.25,7.0,3.0,1.0,13.0,7.0,1,2,2
6583aaf5-db0b-4862-aa47-59d49a3514cc,Abyss,19.0,4.0,14.0,13.0,Diamond,2.0,228.591,2.0,1.0,2.0,13.0,9.0,0,2,2
101892a0-cdcb-4f2a-bbca-837d69f560d0,Haven,21.0,4.0,16.0,12.0,Diamond,2.0,193.923,2.0,0.0,2.0,14.0,12.0,0,2,2
274e942a-ad8f-4291-aca7-d26a8867a524,Abyss,14.0,2.0,15.0,10.0,Diamond,2.0,242.111,0.0,1.0,0.0,5.0,13.0,0,2,2
63c5a1a3-d949-43b3-bcd2-40e58d9c2d9f,Lotus,13.0,7.0,22.0,11.0,Diamond,2.0,164.042,0.0,5.0,1.0,13.0,11.0,1,2,2
6ee12eb5-b16f-46b9-bc9b-9768fadf8650,Abyss,18.0,6.0,11.0,14.0,Diamond,2.0,315.562,1.0,2.0,1.0,13.0,3.0,1,0,4
7a5b40e0-a11e-48c2-8f36-b18bfd03cdc2,Split,24.0,13.0,19.0,20.0,Diamond,2.0,270.038,0.0,0.0,2.0,14.0,12.0,1,0,4
855f1809-d1e9-447f-a607-ee864e0b5d3b,Ascent,19.0,9.0,17.0,14.0,Diamond,2.0,236.174,2.0,2.0,0.0,10.0,13.0,1,1,3
372185d7-6204-4bf2-9b05-ed3c4312c002,Split,11.0,5.0,7.0,7.0,Diamond,2.0,210.867,2.0,0.0,1.0,7.0,2.0,1,1,3
0c7cac9b-60c3-43fb-807a-01e5efb043c7,Summit,24.0,9.0,20.0,20.0,Diamond,2.0,310.818,3.0,1.0,2.0,13.0,9.0,1,1,3
e31c3ee5-65ac-437b-a4bb-03f6795f829f,Lotus,15.0,3.0,15.0,8.0,Diamond,2.0,209.35,0.0,1.0,0.0,7.0,13.0,1,0,4
2d19dd39-6c7b-4231-a1c0-424bee2a4f95,Lotus,24.0,3.0,16.0,16.0,Diamond,2.0,301.909,2.0,1.0,1.0,13.0,9.0,0,0,4
abdca31c-99a6-4b88-9914-0da063b3a4f1,Haven,15.0,2.0,11.0,10.0,Diamond,2.0,222.0,0.0,1.0,1.0,13.0,3.0,1,1,3
4df0a3f8-be1d-4e09-9b13-eea8ce40606d,Haven,20.0,0.0,15.0,18.0,Diamond,2.0,255.429,3.0,1.0,0.0,8.0,13.0,0,1,3
524b049d-f728-4fe1-8afd-b2cea4a38fea,Ascent,14.0,7.0,13.0,8.0,Diamond,2.0,179.85,2.0,0.0,1.0,13.0,7.0,1,1,3
8dd612c3-77a2-4c2b-b5a9-1f57c33f89dd,Haven,13.0,4.0,15.0,13.0,Diamond,2.0,177.381,2.0,3.0,0.0,8.0,13.0,0,1,3
38e902a7-dd01-4417-bb23-0363deda65e3,Ascent,14.0,4.0,20.0,16.0,Diamond,2.0,173.864,1.0,3.0,0.0,9.0,13.0,1,0,4
0000c98f-27ae-4caa-ad69-cf4cfba34227,Split,15.0,4.0,17.0,16.0,Diamond,2.0,206.391,3.0,4.0,0.0,10.0,13.0,1,2,2
c9ff30ef-0827-4996-bdf4-bf970405391c,Lotus,12.0,3.0,12.0,8.0,Diamond,2.0,180.158,2.0,2.0,1.0,13.0,6.0,0,2,2
bcb27582-8cfc-4e93-9bba-aa19ab668e94,Split,9.0,7.0,24.0,9.0,Diamond,2.0,109.167,1.0,0.0,0.0,11.0,13.0,1,0,4
88d042f1-3bb1-4f6d-9b98-ed7477132a77,Summit,14.0,7.0,15.0,15.0,Diamond,2.0,187.667,1.0,2.0,1.0,13.0,8.0,1,1,3
c7561c6f-33ad-4e6a-95bc-cb2b716d4200,Sunset,10.0,6.0,18.0,11.0,Diamond,2.0,171.579,0.0,4.0,0.0,6.0,13.0,1,2,2
b5556880-6026-4bd2-89d9-bd9a3b40d858,Summit,8.0,5.0,17.0,5.0,Diamond,2.0,116.476,0.0,2.0,0.0,8.0,13.0,0,2,2
c7c84f72-9fdc-47ea-8731-6c875915a57b,Haven,19.0,2.0,17.0,12.0,Diamond,2.0,199.304,1.0,2.0,0.0,10.0,13.0,0,1,3
229a162d-7e88-45c5-a2e6-c300104c3dfd,Split,12.0,7.0,16.0,14.0,Diamond,2.0,154.174,1.0,3.0,0.0,10.0,13.0,1,1,3
abfc0473-aea5-421a-aaf8-eff7804dc2a4,Abyss,23.0,8.0,22.0,22.0,Diamond,2.0,218.75,2.0,2.0,1.0,15.0,13.0,1,1,3
5cffd4e0-098c-4a9d-826d-346791abdf9a,Breeze,4.0,2.0,16.0,4.0,Immortal,1.0,80.882,1.0,1.0,0.0,4.0,13.0,0,0,4
37c84a6c-889f-4345-90cf-c02ae94ce980,Fracture,20.0,1.0,16.0,12.0,Immortal,1.0,225.75,5.0,3.0,1.0,13.0,11.0,1,1,3
62b925a9-c638-416c-a547-53fee473a6bd,Fracture,13.0,0.0,17.0,13.0,Immortal,1.0,198.762,5.0,2.0,0.0,8.0,13.0,1,0,4
9e035e6d-ad3e-44bb-89fd-89a8c83a5ed3,Split,6.0,1.0,17.0,5.0,Immortal,1.0,102.941,1.0,6.0,0.0,4.0,13.0,0,0,4
03cbc1f5-9e1f-4d6f-9371-b6e2e9474824,Pearl,25.0,1.0,22.0,15.0,Immortal,1.0,276.692,7.0,4.0,0.0,12.0,14.0,1,1,3
d7b4eeab-dbe4-406b-b099-b233600f0ea6,Ascent,7.0,7.0,11.0,8.0,Immortal,1.0,123.833,0.0,3.0,0.0,5.0,13.0,0,0,4
dc97b49c-c707-4557-95b3-4cc1e63c7a01,Breeze,12.0,3.0,16.0,8.0,Immortal,1.0,175.4,6.0,6.0,1.0,13.0,7.0,0,1,3
6e4b9c2e-4c44-4c05-a8c8-ae85534506ed,Pearl,25.0,7.0,18.0,23.0,Immortal,1.0,277.292,1.0,2.0,2.0,13.0,11.0,0,1,3
5bb6cffd-63a7-4713-9dbf-555b02422092,Ascent,17.0,6.0,16.0,16.0,Immortal,1.0,244.81,5.0,4.0,0.0,8.0,13.0,0,1,3
9ac13629-7433-47c5-9f7b-2f833518851a,Pearl,23.0,3.0,21.0,19.0,Immortal,1.0,293.455,3.0,3.0,0.0,9.0,13.0,0,1,3
c5832794-4521-4e2c-aed7-1da8a625686e,Haven,14.0,5.0,14.0,14.0,Ascendant,3.0,236.895,5.0,4.0,1.0,13.0,6.0,1,1,3
33bf985b-191e-445f-a380-0b764fa9cb2d,Lotus,25.0,4.0,14.0,23.0,Immortal,1.0,339.0,4.0,1.0,0.0,7.0,13.0,0,1,3
20512df4-db2d-4b12-acf9-d9993261e69f,Fracture,13.0,3.0,14.0,9.0,Ascendant,3.0,220.278,7.0,3.0,1.0,13.0,5.0,0,1,3
0b92b072-0cd8-44ff-bd2c-2c962b6409c4,Summit,33.0,3.0,20.0,29.0,Ascendant,2.0,324.733,8.0,2.0,0.0,14.0,16.0,0,1,3
10d0d1aa-8e2d-4bbf-b7b9-94769262bda5,Breeze,23.0,2.0,16.0,12.0,Ascendant,2.0,300.818,3.0,4.0,0.0,9.0,13.0,0,1,3
6e19674b-b1b4-48c4-9fab-2f8a2de64e28,Split,12.0,7.0,11.0,8.0,Ascendant,2.0,226.688,2.0,0.0,1.0,13.0,3.0,1,0,4
823829fc-ec01-44d5-b9a2-598653261339,Haven,19.0,1.0,15.0,18.0,Ascendant,1.0,222.091,2.0,4.0,2.0,13.0,9.0,1,0,4
5bf97bc5-e805-45bd-a79a-3dcdbe5044aa,Summit,26.0,6.0,12.0,20.0,Ascendant,1.0,381.737,7.0,1.0,3.0,13.0,6.0,0,0,4
5ada1934-7763-407c-bb71-08a77f9fce90,Lotus,11.0,0.0,15.0,9.0,Ascendant,2.0,150.789,3.0,0.0,0.0,6.0,13.0,0,1,3
76870689-608f-44f4-ac90-b25dd2f0138a,Sunset,23.0,4.0,11.0,23.0,Ascendant,2.0,356.222,4.0,5.0,1.0,13.0,5.0,0,1,3
f26e1605-e7f6-4e43-8db9-ca2f56280256,Haven,18.0,4.0,14.0,13.0,Ascendant,2.0,250.65,3.0,4.0,2.0,13.0,7.0,0,1,3
701be06f-03ca-4d1f-9181-82633371e44d,Sunset,14.0,3.0,10.0,11.0,Ascendant,2.0,254.667,7.0,3.0,3.0,13.0,2.0,0,1,3
d58b67fc-2ad8-493d-823d-28f52f77a8ea,Haven,19.0,3.0,16.0,18.0,Ascendant,2.0,269.55,6.0,5.0,4.0,13.0,7.0,1,1,3
ad5dc5ad-2c7f-4c98-b81b-ab5f2487baa6,Haven,7.0,1.0,15.0,6.0,Ascendant,2.0,109.706,1.0,5.0,0.0,4.0,13.0,1,1,3
1d458345-5f56-4778-befa-beed780e6621,Summit,16.0,1.0,15.0,17.0,Ascendant,2.0,280.294,4.0,4.0,0.0,4.0,13.0,0,1,3
6e14f50d-a52e-4e82-98a7-1b98b56569f0,Ascent,22.0,1.0,18.0,15.0,Ascendant,2.0,247.625,2.0,2.0,0.0,11.0,13.0,0,1,3
74b0d499-51e0-4734-8fb4-c95bfd36537e,Lotus,15.0,3.0,14.0,11.0,Ascendant,2.0,209.45,3.0,2.0,1.0,13.0,7.0,1,1,3
f239e047-dae8-49ad-82fe-a2afe0098116,Summit,17.0,8.0,19.0,22.0,Ascendant,3.0,278.65,4.0,3.0,0.0,7.0,13.0,0,1,3
da220aac-1f3e-40c7-add0-6c44d02cb3f8,Summit,15.0,1.0,9.0,12.0,Ascendant,2.0,291.5,3.0,1.0,1.0,13.0,1.0,0,1,3
e12dfd42-5878-4afe-a464-58195f8ed3c3,Ascent,15.0,6.0,15.0,14.0,Ascendant,2.0,238.263,4.0,0.0,2.0,13.0,6.0,1,2,2
804517e8-283c-416a-afdf-66a8685c7711,Sunset,16.0,3.0,10.0,17.0,Ascendant,2.0,273.176,4.0,2.0,3.0,13.0,4.0,0,1,3
3dde8fe2-b9b5-4db3-b3f7-2fc5b7e34d2b,Split,13.0,3.0,10.0,14.0,Ascendant,2.0,207.5,2.0,1.0,4.0,13.0,3.0,0,1,3
536ce8e9-b172-4010-82ad-263b70f22224,Split,27.0,5.0,18.0,23.0,Ascendant,3.0,306.75,3.0,1.0,0.0,11.0,13.0,1,0,4
adc2923b-2008-4fbe-b97d-5d40cb0b15f0,Breeze,16.0,3.0,15.0,9.0,Ascendant,3.0,244.0,4.0,2.0,1.0,13.0,5.0,0,0,4
10d291ca-99a0-44f3-9f03-63412cfb4fde,Ascent,22.0,3.0,9.0,17.0,Ascendant,3.0,354.875,4.0,1.0,2.0,13.0,3.0,0,0,4
748a7806-bfd1-487a-ba41-0aaf48012c66,Lotus,8.0,4.0,16.0,6.0,Ascendant,3.0,163.786,0.0,1.0,0.0,1.0,13.0,0,0,4
65778be9-2279-4525-9d3e-1a69e090eb66,Haven,19.0,3.0,14.0,17.0,Ascendant,3.0,329.529,1.0,0.0,0.0,4.0,13.0,0,0,4
82847d9f-8a17-43e7-801d-f656ca74f853,Split,19.0,3.0,16.0,12.0,Ascendant,3.0,205.522,1.0,3.0,1.0,13.0,10.0,1,0,4
4ce515b6-5f21-4b40-85fe-0714e99303de,Haven,10.0,1.0,16.0,10.0,Ascendant,3.0,184.941,3.0,6.0,0.0,4.0,13.0,0,2,2
2cbff1b9-b0e3-46ed-8b9c-d93720c3dd29,Sunset,24.0,0.0,18.0,19.0,Ascendant,3.0,332.85,7.0,2.0,0.0,7.0,13.0,0,2,2
661467fd-a2b0-4514-8627-ce98d3761d2d,Ascent,13.0,1.0,20.0,11.0,Ascendant,3.0,161.773,4.0,10.0,1.0,13.0,9.0,1,2,2
f29bd388-50c8-46cc-9548-0c6e6ecac995,Breeze,9.0,3.0,21.0,6.0,Ascendant,3.0,111.917,0.0,6.0,0.0,11.0,13.0,0,2,2
d6b2c2e1-3703-4453-8fd5-9739d19f1921,Sunset,10.0,4.0,14.0,7.0,Ascendant,2.0,206.267,3.0,3.0,0.0,2.0,13.0,0,1,3
1a2444a3-712c-4c7d-9b19-33f20b28afe5,Ascent,14.0,5.0,17.0,14.0,Ascendant,2.0,209.9,1.0,2.0,0.0,7.0,13.0,1,0,4
e6f23e20-b9cd-462d-872b-b2476e9db018,Breeze,17.0,6.0,17.0,15.0,Ascendant,2.0,255.8,2.0,2.0,0.0,7.0,13.0,0,1,3
03c5a9c6-12b3-42e5-aa77-8203359bff44,Summit,21.0,1.0,19.0,14.0,Ascendant,2.0,222.538,4.0,6.0,1.0,14.0,12.0,1,1,3
a3247eb4-a511-4044-bea7-1d2bded600a6,Lotus,18.0,5.0,22.0,13.0,Ascendant,2.0,249.455,4.0,6.0,2.0,13.0,9.0,0,1,3
a809979a-fb90-45de-8288-37bbac72b1aa,Summit,13.0,1.0,16.0,7.0,Ascendant,2.0,172.1,4.0,5.0,1.0,13.0,7.0,0,1,3
ed0c605d-2ea4-4e3b-9322-30422686af01,Split,26.0,14.0,21.0,23.0,Ascendant,2.0,358.81,5.0,0.0,1.0,13.0,8.0,0,0,4
cecad708-579f-4aea-9e3f-74d714c5bc38,Lotus,20.0,3.0,13.0,18.0,Ascendant,3.0,303.056,1.0,0.0,1.0,13.0,5.0,0,0,4
286b23e8-c2f7-441d-88b9-46f21560f8e0,Ascent,15.0,4.0,14.0,10.0,Ascendant,3.0,195.111,1.0,3.0,1.0,13.0,5.0,1,0,4
bfe71c3f-7457-4e80-9a33-e29c3ea95289,Split,18.0,9.0,16.0,16.0,Ascendant,3.0,251.381,1.0,4.0,0.0,8.0,13.0,0,0,4
779fc358-662d-4f43-af7b-b47f612dde6b,Lotus,25.0,8.0,21.0,27.0,Ascendant,3.0,258.179,4.0,5.0,0.0,13.0,15.0,0,0,4
d5cbc1c3-e977-4ea7-b251-ae4f63c17c99,Haven,11.0,2.0,16.0,7.0,Ascendant,3.0,184.737,3.0,1.0,0.0,6.0,13.0,0,0,4
58c07607-3c4e-47c0-9997-66f4007781b6,Sunset,18.0,5.0,20.0,19.0,Ascendant,3.0,237.13,6.0,4.0,0.0,10.0,13.0,1,1,3
a654c11b-9e93-4b20-8628-65115fdfac49,Lotus,17.0,3.0,13.0,13.0,Ascendant,2.0,237.947,4.0,3.0,1.0,13.0,6.0,0,1,3
e4016cd7-3c4e-4355-b23b-0f19bd14e7db,Haven,18.0,3.0,17.0,19.0,Ascendant,2.0,260.182,5.0,1.0,0.0,9.0,13.0,0,1,3
eb34793e-44e8-4cdd-a1db-0e010eca0a1c,Breeze,11.0,3.0,14.0,9.0,Ascendant,2.0,224.2,4.0,5.0,1.0,13.0,2.0,0,0,4
5c1e3b48-e49b-4e84-ae56-d88f2edfa395,Ascent,23.0,4.0,17.0,18.0,Ascendant,2.0,270.875,3.0,1.0,0.0,11.0,13.0,1,0,4
3180ecda-e823-4d4a-91e9-dff41b4b6f90,Breeze,18.0,2.0,19.0,12.0,Ascendant,2.0,234.636,4.0,4.0,0.0,9.0,13.0,0,0,4
03f634e4-ae4c-43b4-8855-532c5934109c,Split,23.0,11.0,23.0,21.0,Ascendant,2.0,247.571,3.0,3.0,1.0,15.0,13.0,1,0,4
925e41c7-caa7-4a3e-897a-fc8321b5de1f,Sunset,16.0,4.0,19.0,15.0,Ascendant,2.0,206.087,2.0,4.0,0.0,10.0,13.0,0,0,4
b68bd461-1fd2-48fb-b5fd-e3d6b6263214,Summit,20.0,9.0,18.0,16.0,Ascendant,2.0,283.174,6.0,5.0,1.0,13.0,10.0,0,0,4
15af8218-5e39-4279-ab99-80d2c1d32d96,Split,22.0,5.0,14.0,21.0,Ascendant,2.0,283.045,3.0,0.0,1.0,13.0,9.0,0,1,3
32d02b71-5755-4e67-8e60-afdd0c4774da,Sunset,25.0,4.0,21.0,21.0,Ascendant,2.0,257.154,1.0,3.0,2.0,14.0,12.0,0,1,3
86fbd7d9-4163-4874-b5b7-86badc7246a2,Lotus,13.0,2.0,11.0,7.0,Ascendant,2.0,170.368,1.0,1.0,3.0,13.0,6.0,0,1,3
2c947b51-b1fb-40c8-b938-8853823de148,Summit,17.0,0.0,14.0,13.0,Ascendant,2.0,257.0,2.0,2.0,0.0,5.0,13.0,1,1,3
73e52c80-4bb9-4edd-86fc-8089e1e1c631,Lotus,13.0,2.0,13.0,12.0,Ascendant,2.0,238.2,1.0,2.0,0.0,2.0,13.0,0,1,3
b2f18678-269e-4cae-a0cb-59426b866b95,Ascent,12.0,4.0,21.0,12.0,Unrated,,156.174,3.0,5.0,0.0,10.0,13.0,0,0,4
b126aa32-7bb7-4ad4-8a37-6883792fee40,Abyss,15.0,3.0,16.0,14.0,Ascendant,2.0,250.667,2.0,6.0,0.0,5.0,13.0,1,1,3
b7b42ae2-b2cd-460a-a851-cd9e76b47bf1,Summit,23.0,6.0,19.0,18.0,Ascendant,2.0,282.696,1.0,5.0,1.0,13.0,10.0,1,1,3
c939e721-731b-4840-bc20-107fd983393b,Lotus,18.0,8.0,18.0,14.0,Ascendant,2.0,218.462,4.0,2.0,0.0,12.0,14.0,0,1,3
71fcb744-2cf4-4ce5-bc83-6822a0cdccf8,Lotus,8.0,4.0,18.0,11.0,Ascendant,2.0,152.95,3.0,4.0,0.0,7.0,13.0,1,0,4
ccccc1d7-73aa-47bb-b638-093828fc6d9b,Split,8.0,1.0,20.0,8.0,Ascendant,2.0,109.476,2.0,8.0,0.0,8.0,13.0,0,0,4
e197ff6e-0826-4c0a-8fae-69353791425f,Ascent,11.0,6.0,9.0,5.0,Ascendant,2.0,182.25,1.0,2.0,1.0,13.0,3.0,0,0,4
b069df4d-349e-4751-a55f-d3932b159657,Ascent,21.0,0.0,12.0,8.0,Ascendant,2.0,265.211,5.0,3.0,1.0,13.0,6.0,1,0,4
5552880c-c442-4210-9124-2f3176015b2b,Lotus,7.0,3.0,11.0,7.0,Ascendant,2.0,135.882,2.0,1.0,0.0,4.0,9.0,1,0,4
b8d46085-5d3d-4ee8-ba03-28ebfeea6dc5,Abyss,17.0,6.0,17.0,12.0,Ascendant,2.0,195.167,5.0,3.0,1.0,13.0,11.0,0,0,4
76023662-ead2-4b8a-ae54-c523841e0a68,Summit,18.0,7.0,19.0,10.0,Ascendant,2.0,251.5,3.0,6.0,2.0,13.0,9.0,0,0,4
43a1db3a-a624-43a8-8a10-903e32b24d8f,Ascent,16.0,0.0,8.0,10.0,Ascendant,2.0,269.25,3.0,2.0,3.0,13.0,3.0,0,0,4
b616be16-1387-47b3-bd6d-7d4022c5e9bb,Abyss,27.0,8.0,18.0,18.0,Ascendant,2.0,281.107,6.0,3.0,4.0,15.0,13.0,1,0,4
a1c9e78b-bbe3-48d8-ac03-e3f05f019abe,Haven,31.0,3.0,16.0,19.0,Ascendant,2.0,369.833,9.0,5.0,0.0,11.0,13.0,0,1,3
51e60c3d-2ac2-4416-b78c-7a4f72f16e5e,Lotus,16.0,3.0,14.0,11.0,Ascendant,2.0,312.6,1.0,4.0,0.0,2.0,13.0,0,1,3
9b67b670-fa23-4f47-96a5-809b33e71e22,Pearl,23.0,5.0,19.0,17.0,Diamond,2.0,202.633,4.0,3.0,1.0,16.0,14.0,1,1,3
db56099c-8a7e-4bb8-a5d9-7df7a73b8066,Haven,17.0,0.0,7.0,10.0,Diamond,2.0,218.167,1.0,0.0,2.0,13.0,5.0,1,2,2
0d8902c0-769c-408b-ae83-adca65559bf7,Fracture,21.0,8.0,16.0,17.0,Diamond,2.0,253.417,2.0,0.0,3.0,13.0,11.0,0,1,3
77c013e8-1e3b-4b39-b213-b257f92aa569,Breeze,18.0,2.0,13.0,16.0,Diamond,2.0,285.389,2.0,2.0,0.0,5.0,13.0,1,1,3
98fee671-fbb1-42ad-9dbb-be1cb622aa70,Lotus,24.0,3.0,17.0,17.0,Diamond,2.0,235.615,5.0,1.0,1.0,14.0,12.0,1,1,3
3e02dd1e-a0de-4ad4-8f84-67bc1aab2a3b,Fracture,14.0,12.0,12.0,8.0,Diamond,2.0,218.2,0.0,3.0,1.0,13.0,7.0,0,1,3
d2ca7775-6047-402d-9545-6cecfbb6284d,Ascent,23.0,10.0,16.0,17.0,Diamond,2.0,279.458,0.0,0.0,1.0,13.0,11.0,0,1,3
2057d2ac-80e5-418f-8c1e-b75a748b41bc,Lotus,17.0,7.0,19.0,15.0,Diamond,2.0,219.364,3.0,1.0,0.0,9.0,13.0,0,1,3
d7b169e9-4314-4053-888a-2ad2c38231e2,Haven,21.0,3.0,14.0,13.0,Diamond,2.0,273.136,3.0,3.0,1.0,13.0,9.0,1,1,3
46a091b7-3e49-4cab-9e19-9a1ebef92365,Fracture,17.0,3.0,16.0,9.0,Diamond,2.0,211.087,3.0,3.0,2.0,13.0,10.0,1,1,3
49c31dd4-562d-4a46-a456-f66c616b13f4,Lotus,29.0,5.0,15.0,13.0,Diamond,3.0,342.783,3.0,0.0,0.0,10.0,13.0,1,1,3
4178e4ac-f596-4f92-8097-e76abb520e76,Haven,19.0,5.0,17.0,14.0,Diamond,3.0,268.19,5.0,0.0,0.0,8.0,13.0,0,1,3
1526ce4f-d8c9-44f4-a15d-35ff1416acc2,Split,16.0,5.0,15.0,14.0,Diamond,3.0,205.958,1.0,1.0,1.0,13.0,11.0,0,1,3
d297ad82-0e69-4840-9598-96d32305eef1,Split,16.0,9.0,8.0,15.0,Diamond,3.0,264.588,2.0,0.0,2.0,13.0,4.0,0,1,3
8873b087-086a-4c47-bd77-4ca8ca8e6fb3,Pearl,4.0,0.0,4.0,3.0,Diamond,3.0,85.929,0.0,1.0,0.0,1.0,4.0,1,1,3
7f70f402-86e4-4f30-aa57-46f2f2d890af,Lotus,19.0,2.0,17.0,12.0,Diamond,3.0,222.261,3.0,2.0,0.0,10.0,13.0,1,1,3
787aaba6-c0f6-4794-b7fc-45a3fcad04dd,Breeze,20.0,4.0,12.0,13.0,Diamond,2.0,328.529,2.0,2.0,1.0,13.0,4.0,1,1,3
73c7797e-b61b-4d9a-a819-739bfac4e76d,Haven,15.0,4.0,10.0,8.0,Diamond,3.0,216.895,3.0,1.0,1.0,13.0,6.0,1,1,3
c2e14e54-d16d-4e8c-a043-112267df805a,Lotus,15.0,4.0,15.0,7.0,Diamond,2.0,212.095,4.0,2.0,2.0,13.0,8.0,1,1,3
9c3af02c-954d-4e65-94eb-3276ef34ec1b,Split,28.0,5.0,21.0,19.0,Diamond,3.0,267.067,6.0,3.0,0.0,14.0,16.0,1,1,3
41fd8743-edd4-46b1-bcb0-00eb689e1394,Split,13.0,2.0,15.0,12.0,Diamond,3.0,169.522,2.0,2.0,0.0,10.0,13.0,1,1,3
cedf0d0e-07a2-42c1-8311-a11ea5fdeb74,Lotus,25.0,4.0,9.0,22.0,Diamond,3.0,399.722,2.0,2.0,1.0,13.0,5.0,1,1,3
01ac2dc5-dc24-46b1-bec3-bcaa053944c6,Fracture,18.0,0.0,11.0,10.0,Diamond,3.0,232.381,3.0,1.0,1.0,13.0,8.0,1,1,3
e4f8ea51-c523-4d4c-b289-0e42d20ba31e,Haven,19.0,0.0,21.0,13.0,Diamond,3.0,208.5,4.0,4.0,0.0,11.0,13.0,1,1,3
ff04948e-15be-421a-8017-b141767014c7,Fracture,22.0,1.0,16.0,16.0,Diamond,3.0,291.909,7.0,2.0,0.0,9.0,13.0,0,1,3
eabd7d94-f12b-4bf7-9ca7-0c5a5adbc794,Haven,17.0,1.0,18.0,9.0,Unrated,,206.909,2.0,3.0,0.0,9.0,13.0,1,1,3
d36c6aaa-e5bc-48d5-b1ef-0a3658e94da6,Summit,19.0,9.0,16.0,11.0,Unrated,,232.333,3.0,1.0,1.0,13.0,11.0,0,1,3
4331b65a-3ab1-49ba-a393-11e382a4530c,Lotus,14.0,2.0,10.0,8.0,Unrated,,221.667,5.0,1.0,2.0,13.0,5.0,1,1,3
f1fb14dd-7ccb-4e54-bc50-8453007b37db,Lotus,7.0,4.0,11.0,7.0,Diamond,3.0,153.333,1.0,2.0,0.0,2.0,13.0,0,1,3
7fb020d2-82eb-435f-82a7-54d093aceda4,Pearl,5.0,4.0,6.0,5.0,Diamond,3.0,135.133,1.0,1.0,1.0,8.0,2.0,1,1,3
c6b0f911-27eb-4497-ad94-05683e41e91a,Summit,20.0,5.0,15.0,22.0,Unrated,,259.522,3.0,0.0,1.0,13.0,10.0,0,1,3
94d7b269-6e02-43b9-b3bb-8d6aab5c42dc,Haven,17.0,0.0,11.0,14.0,Unrated,,315.75,2.0,2.0,0.0,3.0,13.0,1,1,3
f325d642-ad8d-4230-8569-0edcfc01911d,Breeze,31.0,2.0,19.0,26.0,Platinum,3.0,295.964,9.0,2.0,0.0,13.0,15.0,1,1,3
e774e383-565f-4cec-a97f-1346897b5ed8,Ascent,26.0,12.0,15.0,20.0,Platinum,3.0,313.348,2.0,0.0,1.0,13.0,10.0,0,1,3
b109bb8d-afa4-4377-a517-2587799c7580,Summit,15.0,4.0,14.0,11.0,Platinum,3.0,260.667,2.0,0.0,0.0,5.0,13.0,0,1,3
e3901461-a9a6-4410-982d-4e872a1123fa,Haven,14.0,12.0,15.0,7.0,Platinum,3.0,212.087,1.0,3.0,0.0,10.0,13.0,0,1,3
4aa1c326-1764-44f9-bc24-80eb49fc06c3,Lotus,25.0,3.0,15.0,23.0,Platinum,3.0,301.417,1.0,0.0,1.0,13.0,11.0,1,1,3
148ff8b8-16d9-4497-a3a3-147ef02ae67b,Abyss,24.0,4.0,23.0,11.0,Platinum,3.0,218.438,6.0,4.0,0.0,15.0,17.0,1,0,4
980df713-1f31-43ec-bf22-18f59ce4a7a9,Split,19.0,13.0,17.0,15.0,Platinum,3.0,214.885,0.0,1.0,1.0,14.0,12.0,0,0,4
438239e9-7428-4f5b-935e-0d5499186c6f,Lotus,19.0,3.0,16.0,13.0,Unrated,,241.875,7.0,3.0,2.0,13.0,11.0,1,0,4
79fabcf4-482c-4b67-aa9f-7b1eb332976e,Ascent,23.0,6.0,17.0,11.0,Platinum,3.0,263.75,3.0,6.0,0.0,11.0,13.0,1,1,3
892e2aea-d01e-49f2-8795-db410526904b,Split,23.0,6.0,17.0,17.0,Platinum,3.0,284.5,4.0,2.0,0.0,11.0,13.0,0,1,3
550cba8c-6287-46c3-9719-07d2739983c2,Ascent,23.0,5.0,19.0,12.0,Platinum,3.0,284.13,5.0,1.0,0.0,10.0,13.0,1,1,3
aaa42bd0-9bde-40fb-bd1f-576295fa42fd,Haven,21.0,8.0,19.0,18.0,Platinum,3.0,246.462,3.0,3.0,1.0,14.0,12.0,0,2,2
2022fd32-a5a6-41bf-a9f9-db2ced453f02,Haven,18.0,12.0,18.0,21.0,Platinum,3.0,265.682,3.0,3.0,0.0,9.0,13.0,0,1,3
8682bd31-d404-4324-b733-ec73b79fa96d,Lotus,23.0,3.0,18.0,11.0,Platinum,3.0,248.0,4.0,4.0,0.0,12.0,14.0,1,1,3
0fd6f3f7-a9ee-4d32-a801-dd675b5a1eb7,Abyss,18.0,5.0,16.0,17.0,Platinum,3.0,264.0,2.0,3.0,0.0,7.0,13.0,1,1,3
52af4e44-7ea0-40c2-a6f5-5ecc192c4c53,Ascent,26.0,0.0,12.0,17.0,Platinum,3.0,331.818,4.0,4.0,1.0,13.0,9.0,1,1,3
9e372a9f-ec4b-44a5-8f5c-8abc7ecda163,Split,24.0,5.0,16.0,15.0,Platinum,3.0,308.696,4.0,2.0,2.0,13.0,10.0,1,1,3
7959ef3e-08b2-4e28-9692-524c41b1c71e,Split,15.0,3.0,16.0,7.0,Bronze,2.0,183.478,1.0,0.0,1.0,13.0,10.0,1,2,2
4eed53d4-7923-438b-9a55-3805af10817f,Bind,12.0,7.0,15.0,13.0,Bronze,2.0,186.696,0.0,1.0,0.0,10.0,13.0,1,1,3
00fa081a-0796-466b-a9f8-0fb5bc983aee,Lotus,11.0,3.0,19.0,7.0,Bronze,2.0,160.391,0.0,2.0,1.0,13.0,10.0,1,4,0
8ff76795-fcd9-403d-9b44-bb4978821d02,Bind,17.0,12.0,16.0,9.0,Bronze,2.0,230.364,3.0,2.0,2.0,13.0,9.0,0,2,2
89c05b9c-3304-4660-8639-ad7798a67e4f,Pearl,10.0,0.0,17.0,8.0,Bronze,2.0,164.211,1.0,1.0,0.0,6.0,13.0,1,1,3
18542641-aed5-403e-a6fd-986a17a4fb1c,Lotus,19.0,3.0,9.0,11.0,Bronze,2.0,249.2,0.0,0.0,1.0,13.0,7.0,1,1,3
7e8b2020-613e-41fd-b76b-64a335dc09f2,Split,16.0,6.0,17.0,7.0,Bronze,2.0,237.955,0.0,1.0,2.0,13.0,9.0,0,1,3
e35bbacc-e9b5-4741-9232-af6af4aca4df,Bind,18.0,10.0,13.0,10.0,Bronze,1.0,278.429,3.0,1.0,1.0,13.0,8.0,0,2,2
f24041d1-1da6-4b87-9b2a-29828a3149e0,Fracture,7.0,4.0,16.0,8.0,Bronze,1.0,121.81,1.0,1.0,0.0,8.0,13.0,1,1,3
1c9f77b2-5fa9-4653-b349-648b5a7f6987,Pearl,18.0,4.0,8.0,9.0,Bronze,1.0,248.722,2.0,0.0,1.0,13.0,5.0,1,1,3
08d68621-3942-437b-a333-a3c8e4324a66,Split,31.0,5.0,16.0,12.0,Bronze,1.0,431.095,5.0,2.0,0.0,8.0,13.0,1,1,3
87b84057-306d-4ebf-9e3b-08d55cdbe741,Bind,18.0,11.0,18.0,9.0,Bronze,1.0,185.857,1.0,0.0,1.0,15.0,13.0,0,0,4
9c6783b9-57f0-4db0-8d78-a55fdf2a6c58,Split,16.0,9.0,16.0,8.0,Bronze,1.0,196.5,1.0,1.0,0.0,12.0,14.0,1,2,2
e8b56652-ec85-40c4-97e8-591e74797545,Haven,1.0,4.0,17.0,0.0,Bronze,1.0,44.7,0.0,2.0,0.0,7.0,13.0,0,2,2
70dbd6b6-9958-42d9-a39c-cfabb8b82c5e,Pearl,13.0,7.0,16.0,6.0,Bronze,1.0,185.682,0.0,2.0,0.0,9.0,13.0,0,2,2
14bc156a-1e50-472e-ba01-5bd8c94ac171,Pearl,19.0,4.0,18.0,8.0,Bronze,1.0,207.808,2.0,1.0,1.0,14.0,12.0,1,0,4
8d028621-7c72-4364-afce-944963765a6a,Pearl,11.0,11.0,20.0,6.0,Bronze,1.0,149.292,1.0,5.0,0.0,11.0,13.0,0,2,2
d034107a-37cd-4789-9a6e-69b9496e0e3d,Split,9.0,3.0,16.0,3.0,Bronze,1.0,160.294,1.0,0.0,0.0,4.0,13.0,1,3,1
5a71c513-2ef9-4e7b-a3d0-70bb49e5078b,Breeze,18.0,1.0,22.0,6.0,Bronze,1.0,183.75,3.0,6.0,0.0,13.0,15.0,0,2,2
49f3cfce-4a42-44cb-a677-197143b78dfd,Lotus,18.0,4.0,14.0,8.0,Bronze,1.0,256.55,4.0,2.0,1.0,13.0,7.0,1,2,2
51fcaba6-c41f-467f-a4b3-a5863baa1cdf,Split,12.0,3.0,14.0,5.0,Bronze,1.0,223.0,2.0,0.0,0.0,4.0,13.0,0,2,2
11db463a-5548-4a2f-8c12-eb404da88269,Haven,6.0,4.0,1.0,2.0,Bronze,1.0,125.846,0.0,0.0,1.0,5.0,0.0,1,2,2
55eec708-9f63-4a53-bab3-5bc1ded30187,Breeze,27.0,4.0,17.0,21.0,Bronze,1.0,261.0,2.0,3.0,1.0,15.0,13.0,1,0,4
60427e82-a1c5-4a20-bd82-17f6603fb21d,Haven,19.0,12.0,16.0,14.0,Bronze,2.0,253.909,2.0,0.0,0.0,9.0,13.0,0,2,2
67b1d1be-cbbb-4b4a-aa2f-33f78d7fdffd,Fracture,23.0,5.0,10.0,10.0,Bronze,2.0,335.632,1.0,1.0,1.0,13.0,6.0,1,2,2
26b9908b-6bdc-4988-8b54-5ce8003bdd8d,Pearl,21.0,7.0,15.0,9.0,Bronze,1.0,267.739,1.0,2.0,2.0,13.0,10.0,1,2,2
45de71a4-9ced-4a25-9de6-9f4cbd3e4796,Breeze,26.0,10.0,16.0,13.0,Bronze,1.0,368.136,5.0,0.0,3.0,13.0,9.0,0,1,3
d1c749c7-7b5c-44bb-a8ff-211d6350f539,Lotus,20.0,10.0,18.0,6.0,Bronze,1.0,243.348,3.0,2.0,0.0,10.0,13.0,0,0,4
c4d64c07-80a2-43fc-9ecf-cf653a24616d,Split,4.0,3.0,14.0,1.0,Bronze,2.0,122.933,3.0,1.0,0.0,2.0,13.0,0,0,4
18c36663-50cb-4eea-b16c-0cdbf31d5921,Split,12.0,4.0,19.0,4.0,Bronze,2.0,164.478,1.0,2.0,0.0,10.0,13.0,1,0,4
e3e84f05-dd3a-41df-9c1a-b9c5ac742812,Lotus,14.0,4.0,23.0,12.0,Bronze,1.0,150.333,2.0,0.0,1.0,16.0,14.0,1,0,4
0f30068e-5dff-46fa-b9fa-2c0f96b3fb5c,Pearl,17.0,6.0,20.0,10.0,Bronze,1.0,192.533,0.0,2.0,1.0,15.0,15.0,1,1,3
725acbd5-0fb7-44be-a124-6b406788b772,Lotus,9.0,1.0,15.0,6.0,Bronze,1.0,145.85,3.0,3.0,0.0,7.0,13.0,1,2,2
ec54872a-be60-4be8-8d59-48c57a1859a1,Fracture,8.0,5.0,11.0,4.0,Bronze,1.0,143.625,0.0,0.0,1.0,13.0,3.0,1,1,3
5f3154c4-4862-4b92-a687-a833063aeb43,Breeze,9.0,2.0,16.0,4.0,Bronze,1.0,126.476,0.0,0.0,0.0,8.0,13.0,0,4,0
6be3b448-9dce-416f-81ff-d64fc5bfa61a,Fracture,22.0,5.0,14.0,5.0,Bronze,1.0,255.087,2.0,3.0,1.0,13.0,10.0,0,1,3
57adee0e-1c6a-44f8-8536-195f3f6630ff,Haven,13.0,6.0,20.0,15.0,Bronze,1.0,202.043,2.0,2.0,1.0,13.0,10.0,1,0,4
2c5a6fdb-9082-4bd0-b1cb-15fefdc31724,Lotus,13.0,8.0,15.0,11.0,Bronze,1.0,200.565,2.0,2.0,1.0,13.0,10.0,1,1,3
f0c17529-b63c-4aa2-8687-d9017aec7496,Breeze,14.0,13.0,19.0,6.0,Bronze,1.0,200.636,0.0,1.0,1.0,13.0,9.0,0,2,2
ee032d12-1e91-4508-aa79-6d56de247d62,Fracture,18.0,4.0,7.0,7.0,Bronze,1.0,319.875,4.0,0.0,1.0,13.0,3.0,1,1,3
f3e326aa-844d-4d48-89f3-1412a8d229db,Lotus,7.0,11.0,18.0,5.0,Bronze,1.0,117.818,0.0,2.0,0.0,9.0,13.0,0,2,2
503a70f6-527c-4c01-bc90-2ef3b7f39931,Pearl,5.0,3.0,15.0,2.0,Bronze,1.0,105.438,0.0,3.0,0.0,3.0,13.0,0,4,0
1580c01a-2c48-40f7-861d-d4801ccf85cc,Pearl,21.0,6.0,16.0,14.0,Bronze,1.0,232.5,3.0,2.0,0.0,14.0,14.0,1,2,2
8d34f433-14db-4723-b0ef-1fcb55194383,Haven,10.0,1.0,7.0,10.0,Bronze,1.0,164.75,1.0,0.0,1.0,9.0,3.0,1,2,2
4a3d8209-771f-4bad-bd98-56f34368a92b,Pearl,7.0,13.0,24.0,4.0,Bronze,2.0,106.357,2.0,3.0,0.0,14.0,14.0,0,1,3
9b5cf178-4584-45c1-a126-a673f5c8ce91,Ascent,23.0,8.0,17.0,11.0,Bronze,2.0,332.364,4.0,1.0,0.0,9.0,13.0,1,1,3
609fba2e-f590-404c-97d5-bd97680256d7,Lotus,13.0,3.0,20.0,9.0,Bronze,2.0,162.042,1.0,2.0,0.0,11.0,13.0,1,2,2
aaae36c8-b4a7-498e-9f0c-5de1ed48d8a9,Lotus,19.0,4.0,18.0,7.0,Bronze,1.0,251.739,1.0,2.0,0.0,10.0,13.0,1,2,2
89d6795c-c17e-40cc-845b-d8faca4f5121,Pearl,8.0,2.0,16.0,4.0,Bronze,1.0,113.211,1.0,3.0,0.0,6.0,13.0,0,4,0
87dba074-8141-4f21-8d13-8fa9c9f3eedc,Haven,6.0,6.0,19.0,4.0,Bronze,1.0,88.409,0.0,4.0,1.0,13.0,9.0,0,4,0
490d0cdb-909f-41fd-9a8e-65031b25ddc2,Ascent,29.0,5.0,12.0,13.0,Bronze,1.0,366.333,4.0,0.0,1.0,13.0,8.0,1,1,3
e7596019-82ea-4b3b-b7a6-94acb09b1503,Split,17.0,5.0,15.0,15.0,Bronze,1.0,224.609,1.0,4.0,0.0,10.0,13.0,1,2,2
7725c725-a4f7-4d1c-a1ab-57f5a35e3d3c,Fracture,15.0,6.0,12.0,5.0,Bronze,1.0,199.318,3.0,1.0,1.0,13.0,9.0,1,2,2
c1972303-3dc7-46a2-a26d-39d449eb5900,Haven,11.0,5.0,14.0,5.0,Bronze,1.0,129.696,3.0,1.0,1.0,13.0,10.0,0,3,1
5f364b19-f90e-486b-80ea-c9df7b6490f4,Haven,15.0,2.0,16.0,13.0,Bronze,2.0,246.941,2.0,2.0,0.0,4.0,13.0,1,0,4
74dec13a-7a51-4a64-bad3-71980f9d42d0,Breeze,7.0,7.0,16.0,4.0,Bronze,2.0,108.476,1.0,1.0,0.0,8.0,13.0,0,2,2
4b24e0f9-c9c2-4513-9c3a-8e18dfc878a7,Ascent,19.0,8.0,18.0,13.0,Bronze,1.0,221.692,1.0,2.0,1.0,14.0,12.0,1,0,4
505448c4-ab47-4df6-80fa-f6e241f65989,Fracture,12.0,13.0,20.0,3.0,Bronze,1.0,121.143,0.0,3.0,1.0,14.0,14.0,0,0,4
690ea1d2-e4ec-4433-ba26-3a1361d10f5c,Fracture,8.0,9.0,19.0,4.0,Bronze,1.0,127.476,1.0,3.0,1.0,13.0,8.0,0,1,3
42b9ac5a-e725-4eb0-b68b-1a928416e0fa,Pearl,21.0,4.0,15.0,15.0,Bronze,1.0,233.808,2.0,2.0,1.0,14.0,12.0,1,2,2
83ce32e7-01fa-4689-8232-4dccf35e8c3a,Breeze,4.0,6.0,16.0,2.0,Bronze,1.0,101.944,1.0,0.0,0.0,5.0,13.0,0,1,3
368a6d8f-e399-46a4-88a3-765ed91a3ba4,Split,20.0,2.0,21.0,20.0,Bronze,1.0,209.607,1.0,2.0,0.0,14.0,14.0,1,0,4
7ac80cff-487f-4fe2-af12-f5151c2848c2,Haven,22.0,4.0,17.0,16.0,Bronze,1.0,240.346,5.0,2.0,0.0,12.0,14.0,0,0,4
411f562f-181d-4993-a25b-dcc33660a1bf,Haven,15.0,6.0,14.0,11.0,Bronze,1.0,194.136,3.0,0.0,1.0,13.0,9.0,1,0,4
e5c37721-39c2-477e-940a-b5e0775cfb5c,Ascent,5.0,4.0,16.0,8.0,Bronze,1.0,129.882,0.0,1.0,0.0,4.0,13.0,1,0,4
029af2c3-6446-413d-a35e-11bcaa0f4d88,Pearl,4.0,6.0,19.0,5.0,Bronze,1.0,68.217,0.0,1.0,0.0,10.0,13.0,1,4,0
aaf05d09-954e-4d38-bf46-7d92a6151fff,Fracture,9.0,7.0,14.0,3.0,Bronze,1.0,137.4,1.0,4.0,1.0,13.0,7.0,0,4,0
90d6cfab-4538-4f3c-b7ab-6843db65d1d4,Split,15.0,4.0,16.0,5.0,Bronze,1.0,190.857,1.0,0.0,1.0,13.0,8.0,1,0,4
d1e4e168-9f8a-4262-be04-9634f271c4d3,Breeze,6.0,0.0,12.0,4.0,Bronze,1.0,111.125,2.0,3.0,0.0,3.0,13.0,0,0,4
a53cc781-bd8e-4a6d-8d5b-18543b57f17f,Breeze,15.0,9.0,16.0,5.0,Bronze,1.0,233.2,0.0,1.0,1.0,13.0,7.0,0,4,0
a417a31f-7bca-411c-987e-b1f22f40595f,Split,15.0,4.0,13.0,6.0,Bronze,1.0,250.667,1.0,0.0,0.0,5.0,13.0,0,2,2
593464b8-e0c3-4b3d-a852-b3c7bbeabd6e,Ascent,28.0,6.0,13.0,10.0,Bronze,1.0,370.81,5.0,0.0,1.0,13.0,8.0,1,2,2
40b98e2b-645f-4ed8-983e-2e75bc5fef63,Haven,22.0,5.0,17.0,5.0,Bronze,1.0,249.0,4.0,2.0,0.0,11.0,13.0,1,1,3
9076d58b-9358-4d89-aaa1-dfe876f2f84d,Ascent,21.0,5.0,11.0,7.0,Bronze,1.0,284.3,2.0,0.0,2.0,13.0,7.0,1,2,2
ad388827-e634-47e1-b6d6-a24e44c8c9fb,Haven,16.0,5.0,16.0,4.0,Bronze,1.0,220.0,2.0,3.0,0.0,7.0,13.0,0,2,2
bf650a61-2787-47dd-bd13-2cfedb0d38d0,Fracture,19.0,6.0,17.0,5.0,Bronze,1.0,256.182,1.0,0.0,1.0,13.0,9.0,1,1,3
27b0cd28-e09b-4e14-b8e4-601d56acd02a,Pearl,14.0,6.0,12.0,8.0,Bronze,1.0,199.095,1.0,2.0,2.0,13.0,8.0,1,2,2
dadea77b-8dcd-4350-9adf-29c3c93f7488,Split,15.0,2.0,14.0,14.0,Bronze,1.0,218.632,0.0,1.0,0.0,6.0,13.0,1,0,4
1d5a9e79-aa29-4618-a40a-f88711295fda,Pearl,13.0,6.0,9.0,8.0,Bronze,1.0,199.5,0.0,0.0,1.0,13.0,5.0,1,0,4
6f90583b-4fba-4791-be48-194f8380ab1a,Fracture,2.0,12.0,9.0,0.0,Bronze,1.0,50.588,0.0,2.0,1.0,9.0,4.0,0,0,4
e351fcca-6901-4254-9268-29778a978b7c,Haven,5.0,12.0,17.0,2.0,Bronze,1.0,69.0,0.0,3.0,1.0,13.0,11.0,0,4,0
441151d2-df0b-4831-98a8-50d72119b095,Ascent,9.0,7.0,17.0,10.0,Bronze,1.0,157.85,0.0,1.0,2.0,13.0,7.0,1,4,0
e544faab-c55e-4b38-8b5b-3a559e2b5327,Split,4.0,5.0,18.0,1.0,Bronze,1.0,72.048,1.0,3.0,0.0,8.0,13.0,0,4,0
1c81bd27-c45a-4eb5-90b7-050e01c29f00,Lotus,6.0,5.0,16.0,3.0,Bronze,1.0,122.158,1.0,0.0,0.0,6.0,13.0,1,4,0
b2f4de61-548f-412f-8c82-1f3fa806b719,Split,7.0,12.0,11.0,3.0,Bronze,1.0,133.0,0.0,1.0,1.0,13.0,5.0,0,2,2
c170eb32-b74b-49a5-8a2b-c128c0c27a54,Breeze,17.0,4.0,13.0,9.0,Bronze,1.0,227.143,0.0,2.0,1.0,13.0,8.0,0,0,4
bfa83d37-a0da-4a70-ae02-f95656bf1e10,Ascent,6.0,10.0,13.0,5.0,Unrated,,115.421,0.0,0.0,1.0,13.0,6.0,0,1,3
bb2266c3-e502-423c-854e-6af394305670,Split,18.0,5.0,12.0,10.0,Unrated,,224.091,1.0,0.0,1.0,13.0,9.0,1,0,4
2c2b9819-293f-4b6d-b323-33980de66384,Haven,14.0,4.0,19.0,10.0,Unrated,,161.667,1.0,1.0,2.0,13.0,11.0,1,0,4
59fc0ff4-a418-4790-bc53-9dba888993a4,Breeze,5.0,8.0,17.0,6.0,Iron,3.0,91.619,0.0,1.0,0.0,8.0,13.0,0,4,0
c995a64e-b96b-4284-9960-a3bd6fe12a2b,Lotus,4.0,2.0,1.0,2.0,Iron,3.0,86.077,1.0,0.0,1.0,4.0,0.0,0,4,0
ed413693-3f45-46c0-8d3b-d1945fea42db,Lotus,21.0,4.0,16.0,8.0,Iron,3.0,273.348,2.0,0.0,0.0,10.0,13.0,1,1,3
685bb9ce-0100-42f5-b231-7f572074741d,Sunset,14.0,2.0,14.0,8.0,Iron,3.0,204.842,2.0,0.0,0.0,6.0,13.0,0,1,3
4d87dd28-3b4a-48aa-b130-e95fd2cfa164,Ascent,18.0,9.0,14.0,10.0,Iron,3.0,290.25,2.0,2.0,1.0,13.0,7.0,1,2,2
aa73b288-2730-4c9f-a0f2-8f17f3bfd5b2,Sunset,19.0,7.0,11.0,4.0,Iron,3.0,302.389,3.0,3.0,2.0,13.0,5.0,1,1,3
8ca036bb-f85c-43e2-a784-75166fe5b4c5,Summit,14.0,4.0,14.0,8.0,Iron,3.0,171.227,1.0,2.0,3.0,13.0,9.0,1,2,2
2247c4bc-df18-4c1b-a686-1c5d4a08165f,Breeze,16.0,10.0,16.0,9.0,Iron,3.0,231.478,0.0,1.0,4.0,13.0,10.0,0,1,3
dbc18550-cc27-4d88-8b66-5b5374dfb9ee,Haven,11.0,7.0,21.0,11.0,Bronze,1.0,120.429,1.0,1.0,1.0,15.0,13.0,0,1,3
15c9f11b-4d35-4eb0-aa95-cf45421428bc,Split,5.0,12.0,14.0,2.0,Iron,3.0,86.9,0.0,0.0,1.0,13.0,7.0,0,4,0
1b34470c-5c1d-4dc6-9685-057a417c32e7,Breeze,9.0,4.0,5.0,4.0,Bronze,1.0,150.625,2.0,1.0,1.0,13.0,3.0,0,1,3
379ce8e0-1d96-431a-9699-b6df2fa3036e,Sunset,12.0,4.0,6.0,5.0,Bronze,1.0,227.0,0.0,0.0,2.0,10.0,2.0,1,1,3
00d24683-4c86-4883-b61c-3cff43ce0d5d,Summit,10.0,5.0,17.0,7.0,Bronze,1.0,134.286,1.0,0.0,0.0,8.0,13.0,0,4,0
f8d344c0-20b0-4b2d-a9ab-241f28ca4c71,Breeze,0.0,0.0,5.0,0.0,Bronze,1.0,8.846,0.0,0.0,0.0,0.0,5.0,0,4,0
fb11dd42-d8f8-4ab1-83de-ae8148ec5031,Lotus,13.0,13.0,20.0,4.0,Bronze,1.0,172.292,1.0,3.0,0.0,11.0,13.0,0,0,4
36520acd-9cc0-403b-9b27-7f747da86c43,Split,14.0,9.0,18.0,8.0,Bronze,1.0,175.0,2.0,1.0,1.0,13.0,10.0,1,0,4
c4e0e852-896f-41c9-bafd-71db7c0ee67e,Lotus,19.0,2.0,15.0,11.0,Bronze,1.0,240.636,1.0,0.0,2.0,13.0,9.0,1,4,0
42d3295a-22c5-41d0-8751-0066667edcb2,Sunset,4.0,5.0,14.0,2.0,Bronze,1.0,111.353,0.0,2.0,0.0,4.0,13.0,1,0,4
9c3acce2-7fb1-4e21-8180-637eb2c61816,Sunset,17.0,8.0,21.0,8.0,Bronze,1.0,175.464,3.0,2.0,0.0,14.0,14.0,0,0,4
604708f0-8c40-4ace-97e8-ce8de1126b3e,Ascent,16.0,8.0,17.0,11.0,Bronze,1.0,217.75,1.0,1.0,1.0,13.0,11.0,1,2,2
eea5053d-cc35-4275-aa1b-0797e566e86f,Sunset,8.0,3.0,16.0,6.0,Bronze,1.0,158.167,3.0,0.0,0.0,5.0,13.0,1,0,4
b37a5b78-57a8-4bf2-9ab0-01a2c3b59054,Lotus,12.0,5.0,15.0,14.0,Bronze,1.0,173.391,1.0,1.0,1.0,13.0,10.0,1,0,4
42d20cd6-c1fa-4bfc-8cdf-607ec6858cdd,Summit,25.0,5.0,19.0,21.0,Bronze,1.0,258.429,4.0,2.0,1.0,14.0,14.0,1,0,4
181d70fb-ba83-41b9-a46d-55c42019d39b,Ascent,15.0,5.0,15.0,5.0,Bronze,1.0,219.8,0.0,2.0,0.0,7.0,13.0,0,2,2
98945d4e-1679-4ec9-b106-42fc9072a3cf,Summit,10.0,3.0,19.0,6.0,Bronze,1.0,143.818,4.0,1.0,0.0,9.0,13.0,1,2,2
17022eb5-9e9b-4e40-96e7-38e0fc924718,Ascent,8.0,3.0,11.0,3.0,Bronze,1.0,100.762,1.0,4.0,1.0,13.0,8.0,0,2,2
4308c623-c8d9-4d5b-8ff9-4cb36e5c9db7,Lotus,21.0,9.0,14.0,15.0,Bronze,1.0,289.048,3.0,6.0,2.0,13.0,8.0,0,2,2
70c495ab-6c53-450c-bf82-c7d731c97a3e,Split,14.0,5.0,14.0,11.0,Bronze,1.0,167.25,1.0,0.0,0.0,11.0,13.0,1,2,2
5ee26194-d7e8-4b31-9dc3-539700c10781,Sunset,4.0,9.0,18.0,3.0,Bronze,1.0,74.043,0.0,2.0,0.0,10.0,13.0,0,2,2
8a07e803-70ef-4a02-8c3f-30e9e37e3b2e,Summit,11.0,8.0,17.0,2.0,Iron,3.0,217.579,1.0,2.0,0.0,6.0,13.0,1,2,2
6261db53-3e20-4e8b-aa15-a9197c14c1e0,Split,13.0,4.0,12.0,7.0,Iron,3.0,203.75,2.0,0.0,1.0,13.0,7.0,0,2,2
863aa7cc-884a-42dd-bf08-9d6b0232924d,Breeze,12.0,5.0,18.0,5.0,Iron,3.0,197.75,2.0,1.0,0.0,7.0,13.0,0,2,2
e66b5222-6858-411b-973b-209e0497331a,Haven,13.0,10.0,10.0,2.0,Iron,3.0,201.5,3.0,1.0,1.0,13.0,7.0,1,0,4
bcea820e-bacf-4f7b-9e12-b04481b06fad,Summit,18.0,3.0,17.0,8.0,Iron,3.0,227.609,0.0,1.0,0.0,10.0,13.0,1,0,4
49dfe896-3714-42fe-8255-72dd9f7ff136,Lotus,8.0,4.0,15.0,5.0,Iron,3.0,138.211,1.0,4.0,0.0,6.0,13.0,0,1,3
5b141223-4396-4c29-9ff1-a1c6d33f821a,Lotus,10.0,5.0,13.0,1.0,Iron,3.0,111.696,0.0,0.0,1.0,13.0,10.0,0,1,3
3048fad2-97c9-43db-b31e-d568ef55e428,Haven,5.0,1.0,7.0,4.0,Iron,3.0,76.812,2.0,2.0,2.0,10.0,3.0,0,1,3
29cebccb-bb8e-48b3-9383-5a6ff1ae389e,Breeze,7.0,3.0,10.0,3.0,Iron,3.0,122.588,2.0,1.0,1.0,13.0,4.0,0,4,0
a3431873-897c-4c62-ac29-f007ce101ad0,Ascent,5.0,6.0,16.0,1.0,Iron,3.0,82.9,0.0,1.0,0.0,7.0,13.0,0,4,0
270bde2b-4db8-45ea-9d10-dcdfdab36f21,Summit,9.0,5.0,11.0,4.0,Iron,3.0,196.125,2.0,0.0,1.0,13.0,3.0,1,4,0
7b0e853a-6e0b-4cb4-b261-1e0e8a263716,Summit,26.0,6.0,10.0,11.0,Bronze,1.0,363.5,4.0,0.0,1.0,13.0,7.0,1,2,2
237ba3ef-513b-4fc0-8a9d-197768ecf7ef,Split,9.0,7.0,7.0,4.0,Bronze,1.0,188.071,2.0,2.0,2.0,13.0,1.0,1,2,2
279218d3-2226-45c8-be51-42de69aff1d7,Breeze,8.0,5.0,19.0,2.0,Bronze,1.0,95.923,0.0,1.0,1.0,14.0,12.0,0,2,2
7b8535aa-9694-4788-afb8-6a8b2132cd60,Ascent,5.0,3.0,9.0,0.0,Bronze,1.0,83.647,0.0,1.0,2.0,13.0,4.0,0,4,0
9aacf3d7-0cac-459d-aebb-fa4d49e2fa7b,Lotus,7.0,2.0,20.0,6.0,Bronze,1.0,126.7,1.0,0.0,0.0,7.0,13.0,0,0,4
2305e265-be00-40c0-9a1a-f6fd06c1a92f,Split,14.0,1.0,9.0,5.0,Bronze,1.0,254.467,1.0,4.0,1.0,11.0,2.0,0,0,4
f4078166-08fc-410c-911b-43f1cabdd528,Summit,15.0,7.0,13.0,11.0,Bronze,1.0,241.15,3.0,2.0,2.0,13.0,7.0,1,0,4
64e0c4f2-a102-44bf-9ec1-9758d065a90c,Split,15.0,2.0,6.0,3.0,Bronze,1.0,214.312,1.0,0.0,1.0,13.0,3.0,1,1,3
28c9f10c-b8c1-40be-b0c2-dd6d6c0c1aa9,Ascent,4.0,16.0,19.0,3.0,Bronze,2.0,76.727,0.0,2.0,0.0,9.0,13.0,0,2,2
9e7c1a1f-4254-47a3-bec5-cc3f97087278,Breeze,5.0,4.0,18.0,5.0,Bronze,2.0,87.1,1.0,5.0,0.0,7.0,13.0,0,2,2
1a387cf2-b507-4e51-b0f5-af5c78e10609,Sunset,7.0,10.0,14.0,3.0,Bronze,1.0,98.909,0.0,0.0,1.0,13.0,9.0,0,1,3
c9590b95-9585-404a-ad41-fb05db137a8d,Summit,7.0,2.0,17.0,6.0,Bronze,1.0,118.714,1.0,1.0,0.0,8.0,13.0,1,1,3
83c40d40-76a3-4b71-877e-9aeb04e2e386,Haven,4.0,5.0,14.0,3.0,Bronze,1.0,93.053,1.0,1.0,0.0,6.0,13.0,1,4,0
9672a4d3-91a7-4ebb-b2d4-541a16f74ac9,Ascent,1.0,9.0,15.0,2.0,Bronze,1.0,59.111,0.0,0.0,0.0,5.0,10.0,0,4,0
55966e47-9dd7-4cfe-9913-37972a63bd1c,Breeze,24.0,5.0,11.0,12.0,Bronze,1.0,317.0,1.0,0.0,1.0,13.0,6.0,0,1,3
56afcb8b-aa4b-40cc-9801-32b342d242f5,Sunset,22.0,8.0,18.0,20.0,Bronze,1.0,288.208,3.0,2.0,1.0,13.0,11.0,1,0,4
b7596220-da5e-425c-bc68-bc7ab9d7e94c,Lotus,15.0,3.0,18.0,3.0,Bronze,1.0,247.421,1.0,1.0,0.0,6.0,13.0,0,0,4
b1871614-105e-4a37-b993-344a04c85268,Breeze,16.0,9.0,19.0,4.0,Bronze,1.0,178.0,1.0,0.0,0.0,12.0,14.0,1,1,3
bb23132e-1db7-49ea-a1d7-619cd5acf9d8,Ascent,6.0,2.0,12.0,2.0,Bronze,1.0,76.474,0.0,0.0,1.0,13.0,6.0,0,1,3
575d9770-57f5-4452-b249-508efa9cc24c,Sunset,13.0,5.0,19.0,6.0,Bronze,1.0,196.238,3.0,4.0,0.0,8.0,13.0,1,0,4
9f451dc2-0ae0-40fd-9938-ff0b7a60e9f8,Split,11.0,6.0,19.0,4.0,Bronze,1.0,148.565,2.0,0.0,0.0,10.0,13.0,0,1,3
90472b9a-c3b8-45a7-96b2-76fc21af11f6,Haven,9.0,4.0,11.0,7.0,Bronze,1.0,130.55,1.0,0.0,1.0,13.0,7.0,1,1,3
bfff8951-1d99-4af7-925e-f82826d1c6a8,Haven,13.0,5.0,23.0,6.0,Bronze,1.0,125.643,0.0,2.0,0.0,13.0,15.0,1,1,3
739270e8-579b-4f4c-b1e2-94b8f76e5349,Summit,34.0,8.0,18.0,15.0,Bronze,1.0,457.13,7.0,0.0,0.0,10.0,13.0,1,1,3
2db0a5e3-4a6b-4b04-a1a0-ae4fd93b6ef6,Ascent,10.0,12.0,16.0,4.0,Bronze,1.0,177.667,2.0,2.0,0.0,8.0,13.0,0,0,4
6aa51a97-1410-4786-9400-2fc0328e0082,Breeze,29.0,10.0,16.0,11.0,Bronze,1.0,285.143,0.0,1.0,1.0,15.0,13.0,0,2,2
fa7cfbf6-f25d-4766-91eb-306f120d5f96,Ascent,21.0,5.0,16.0,11.0,Bronze,1.0,308.143,0.0,0.0,0.0,8.0,13.0,1,2,2
4ecf91c1-4518-439a-8a64-a15b2be98bde,Sunset,29.0,7.0,13.0,14.0,Bronze,1.0,370.864,4.0,2.0,1.0,13.0,9.0,1,2,2
a7173f25-4d72-45e3-a227-62300a287ef3,Haven,9.0,8.0,20.0,3.0,Bronze,1.0,98.042,0.0,1.0,0.0,11.0,13.0,0,1,3
40792e86-c2f0-4f79-9025-84e083eb5fef,Sunset,9.0,5.0,17.0,1.0,Bronze,1.0,107.696,0.0,0.0,0.0,10.0,13.0,0,1,3
c2203373-11e3-4806-be85-5e6eda22e4c1,Summit,23.0,4.0,17.0,11.0,Iron,3.0,281.417,5.0,3.0,0.0,11.0,13.0,0,1,3
7532ad4b-e987-4ca5-918b-ace0e497165a,Summit,15.0,9.0,18.0,7.0,Iron,3.0,223.773,2.0,3.0,0.0,9.0,13.0,1,1,3
5bca82f5-a0a9-43a0-8e0e-6128a0e2f66b,Ascent,4.0,1.0,1.0,0.0,Iron,3.0,70.154,1.0,0.0,1.0,4.0,0.0,1,1,3
115a2736-1006-476f-bdaf-25fa92fd34ad,Sunset,21.0,3.0,21.0,11.0,Iron,3.0,301.136,0.0,0.0,0.0,9.0,13.0,1,1,3
fcc70152-5257-4197-a814-14eb17948f00,Abyss,7.0,5.0,13.0,5.0,Iron,3.0,122.15,0.0,2.0,1.0,13.0,7.0,0,2,2
af8ffdc0-400d-4959-abcc-d32ad0156d6c,Sunset,11.0,3.0,7.0,4.0,Unrated,,230.643,2.0,0.0,2.0,8.0,1.0,1,1,3
f33a353f-8892-47a3-85fe-e8ab1cabf527,Ascent,25.0,5.0,15.0,7.0,Iron,3.0,341.429,6.0,3.0,1.0,13.0,8.0,0,1,3
28621e90-744d-4db0-ba89-c647a564dcf3,Lotus,27.0,5.0,13.0,13.0,Iron,3.0,311.182,1.0,2.0,2.0,13.0,9.0,1,1,3
ef9401ee-a5a5-419b-a31f-9b8d3ea4b87b,Summit,18.0,5.0,9.0,5.0,Bronze,1.0,289.353,3.0,0.0,1.0,13.0,4.0,1,1,3
9fe9c104-38f3-4824-a9d2-efc8fe4c33f4,Sunset,13.0,9.0,21.0,9.0,Bronze,1.0,169.304,2.0,5.0,0.0,10.0,13.0,0,1,3
972d220c-f516-40f6-bdfa-f3684ce0bb78,Abyss,18.0,1.0,14.0,15.0,Bronze,1.0,300.556,0.0,0.0,0.0,5.0,13.0,1,0,4
16ba5181-8732-40ef-b3e3-9275a3ba30c1,Split,1.0,0.0,5.0,3.0,Bronze,1.0,27.308,0.0,1.0,0.0,0.0,5.0,1,0,4
bed93b88-67e7-4e31-bad7-bf1430100c8c,Abyss,9.0,5.0,17.0,5.0,Bronze,1.0,151.368,1.0,2.0,0.0,6.0,13.0,1,0,4
a00dc2f1-4496-4778-a8b0-05f030f58a36,Split,11.0,7.0,20.0,7.0,Bronze,1.0,167.217,0.0,0.0,0.0,10.0,13.0,1,0,4
1c249118-0941-4f88-9fad-c4c407d4c1ff,Ascent,23.0,4.0,16.0,9.0,Bronze,1.0,265.217,4.0,2.0,1.0,13.0,10.0,0,2,2
326a9c74-f13e-43d3-8385-4b505140a322,Lotus,14.0,13.0,15.0,4.0,Bronze,1.0,217.85,2.0,3.0,2.0,13.0,7.0,0,2,2
e4e8cc2b-41b5-4a38-9542-525a19421128,Sunset,17.0,6.0,14.0,11.0,Bronze,1.0,213.083,1.0,2.0,3.0,13.0,11.0,1,2,2
809cd2db-d445-421c-b97a-6ba3d2bf8732,Summit,12.0,9.0,17.0,3.0,Bronze,1.0,165.0,3.0,2.0,0.0,9.0,13.0,0,2,2
efb42275-9263-4a1a-8b30-c9222e9c02c3,Split,2.0,2.0,4.0,1.0,Bronze,1.0,52.154,0.0,1.0,1.0,6.0,0.0,0,0,4
035c5d44-20ec-495c-b77e-199d7e4d3e93,Sunset,29.0,11.0,21.0,8.0,Bronze,1.0,348.577,1.0,0.0,1.0,14.0,12.0,1,2,2
1c41bd6a-473f-496a-8f25-eeeb6e8925f6,Lotus,28.0,3.0,16.0,7.0,Bronze,1.0,318.417,5.0,0.0,2.0,13.0,11.0,1,2,2
e933b761-f84a-4e66-8d12-eee557c4c610,Abyss,26.0,6.0,16.0,14.0,Bronze,1.0,334.522,5.0,1.0,1.0,13.0,10.0,1,2,2
5ed80bf6-747f-4b6a-820f-b6cf9ba2dace,Split,13.0,13.0,15.0,8.0,Bronze,1.0,197.304,1.0,0.0,1.0,13.0,10.0,0,0,4
256c8a6e-29d2-4e28-ab44-b70dd1994a75,Abyss,9.0,12.0,16.0,5.0,Bronze,1.0,153.6,1.0,1.0,0.0,7.0,13.0,0,1,3
5b433f78-6afc-40d1-aa6f-07f169564f7a,Haven,11.0,4.0,8.0,5.0,Bronze,2.0,159.75,0.0,0.0,1.0,13.0,3.0,1,2,2
8e0b4dc4-c671-4a10-ac82-81ef21aa0ed3,Haven,14.0,5.0,20.0,14.0,Bronze,2.0,154.346,2.0,4.0,0.0,12.0,14.0,1,1,3
0b6dd366-b78e-47da-bf4f-3bc1670d89ac,Ascent,12.0,3.0,17.0,7.0,Bronze,2.0,202.0,1.0,0.0,0.0,8.0,13.0,1,1,3
cf8d2e7b-585d-4f3c-aada-c73eae37510b,Sunset,12.0,6.0,14.0,5.0,Bronze,2.0,171.19,0.0,1.0,0.0,8.0,13.0,1,1,3
6a13b117-0853-4fd0-889e-0a71f34e0d5f,Split,14.0,6.0,16.0,5.0,Bronze,1.0,177.619,1.0,2.0,1.0,13.0,8.0,0,2,2
de067aae-2bed-4ba0-9983-cba515a2a768,Summit,11.0,6.0,16.0,9.0,Bronze,1.0,156.571,0.0,2.0,0.0,8.0,13.0,1,2,2
56eb9939-b3cd-4d52-a65f-e807dcd1dc29,Ascent,13.0,3.0,15.0,7.0,Bronze,1.0,222.294,3.0,3.0,0.0,4.0,13.0,0,1,3
b00e90e1-7b25-4bac-9112-9efcdf8d0fe6,Abyss,11.0,8.0,14.0,10.0,Bronze,1.0,183.0,0.0,2.0,1.0,13.0,8.0,1,2,2
b5821b12-bfb8-4225-8d10-77798dc769a2,Lotus,10.0,4.0,18.0,5.0,Bronze,1.0,141.55,1.0,1.0,0.0,7.0,13.0,0,1,3
033eace6-f3ab-4f4a-bc90-22b3f0905a1c,Summit,32.0,3.0,12.0,16.0,Bronze,1.0,357.087,6.0,1.0,1.0,13.0,10.0,1,1,3
e2bb8006-aab3-4a6e-8bc1-d94a61c5f69f,Ascent,16.0,6.0,12.0,13.0,Bronze,1.0,265.389,1.0,1.0,1.0,13.0,5.0,1,1,3
87a38b51-e9bb-44bd-be3a-e5132e1e36f7,Lotus,8.0,5.0,16.0,4.0,Bronze,2.0,98.0,1.0,1.0,0.0,9.0,13.0,0,2,2
cc802ded-7e3f-4ab1-add6-8351fadd79fb,Haven,10.0,3.0,11.0,3.0,Bronze,2.0,144.824,0.0,2.0,1.0,13.0,4.0,1,2,2
99241939-20d1-4302-aa97-f721ed2bd473,Sunset,29.0,7.0,14.0,12.0,Bronze,1.0,332.792,2.0,3.0,1.0,13.0,11.0,0,2,2
1275fb8d-2ead-4adf-b622-c2a842ceb557,Sunset,28.0,6.0,16.0,16.0,Bronze,1.0,293.385,1.0,1.0,0.0,12.0,14.0,0,2,2
c00eaa41-2f54-475d-ac1b-03bb862a41ea,Ascent,5.0,5.0,17.0,6.0,Bronze,2.0,160.471,0.0,1.0,0.0,4.0,13.0,1,2,2
3ac55092-0dd1-46d3-94e9-3306e7610b1a,Abyss,19.0,6.0,17.0,8.0,Bronze,2.0,241.636,2.0,2.0,0.0,9.0,13.0,0,1,3
2b2e4bef-0f85-48d9-9a30-b28c8179ca35,Split,13.0,3.0,17.0,2.0,Bronze,1.0,140.038,0.0,3.0,0.0,12.0,14.0,1,4,0
3f6d4db8-c9ee-4aa2-ae7d-ad9db6ccf9b4,Abyss,16.0,6.0,18.0,6.0,Bronze,1.0,198.125,1.0,1.0,0.0,11.0,13.0,0,0,4
66472eb6-4e21-48f7-b0e3-9f78b9cb345b,Summit,13.0,5.0,18.0,10.0,Bronze,1.0,168.435,2.0,4.0,0.0,10.0,13.0,0,1,3
dd2950d8-0913-44e5-ab0d-3e883a479f78,Summit,10.0,1.0,11.0,4.0,Bronze,1.0,110.727,1.0,2.0,2.0,13.0,9.0,1,4,0
7dbef0f8-687f-40ab-b2c0-f10e4263a7c5,Abyss,10.0,5.0,19.0,5.0,Bronze,1.0,124.957,2.0,2.0,0.0,10.0,13.0,1,4,0
96842164-70f9-4187-8fa1-d1f703b24516,Lotus,12.0,9.0,10.0,13.0,Bronze,1.0,210.85,3.0,0.0,1.0,13.0,7.0,1,0,4
4fe22773-0277-4d68-9e98-96a9d9864371,Lotus,24.0,2.0,17.0,5.0,Bronze,1.0,287.348,6.0,4.0,0.0,10.0,13.0,1,2,2
ed3f840c-b40b-4914-8582-3ff09e5a6d2d,Haven,11.0,3.0,13.0,4.0,Bronze,1.0,244.143,3.0,0.0,0.0,1.0,13.0,0,2,2
9972677b-ef41-49de-a200-190dffde41b9,Summit,19.0,9.0,9.0,9.0,Bronze,1.0,313.118,1.0,3.0,1.0,13.0,4.0,1,2,2
11deacd6-508d-4a33-bcce-8364f6ac0a52,Haven,19.0,5.0,13.0,8.0,Bronze,1.0,269.5,0.0,0.0,1.0,13.0,7.0,1,1,3
ae6020c8-cfe6-4991-a7cf-b39bbfb2ab50,Ascent,23.0,7.0,14.0,11.0,Bronze,1.0,291.727,2.0,4.0,2.0,13.0,9.0,1,2,2
6f4d1b27-3f2d-4670-af14-c74a8f9499c1,Sunset,17.0,2.0,13.0,9.0,Bronze,1.0,184.167,1.0,1.0,1.0,13.0,11.0,0,2,2
941714e1-203b-4feb-8afd-2d2e13e922b7,Lotus,16.0,8.0,20.0,7.0,Bronze,1.0,167.679,1.0,1.0,2.0,15.0,13.0,0,2,2
97840bc0-b466-4ae8-bddc-0baf2e673017,Summit,13.0,6.0,17.0,6.0,Bronze,2.0,201.15,4.0,1.0,0.0,7.0,13.0,0,2,2
394d6231-e7cd-4e51-898b-8c15ad99e711,Ascent,13.0,8.0,17.0,3.0,Bronze,2.0,160.955,5.0,2.0,1.0,13.0,9.0,1,2,2
4cab812d-148e-4f14-8634-02d4193d9b41,Split,12.0,5.0,2.0,3.0,Bronze,1.0,221.786,1.0,0.0,3.0,11.0,1.0,0,1,3
e1761a89-a9ad-44d9-bc9e-5d2cfa9a266b,Abyss,8.0,2.0,13.0,2.0,Bronze,2.0,123.842,2.0,1.0,0.0,6.0,13.0,1,4,0
6b41ba6b-a035-4c98-9daf-5be76ebc9b88,Sunset,3.0,5.0,11.0,3.0,Bronze,2.0,79.8,0.0,1.0,0.0,2.0,10.0,1,2,2
2c55e1ab-f6bc-4977-b922-8ea328c17b4b,Fracture,17.0,6.0,20.0,15.0,Diamond,1.0,229.909,2.0,3.0,0.0,9.0,13.0,0,2,2
09004179-5baf-474e-95b3-f2e91d438ead,Breeze,13.0,4.0,11.0,9.0,Diamond,1.0,185.056,1.0,1.0,1.0,13.0,5.0,1,1,3
4d8036cc-3edc-4d83-8e4b-7afd8dba6f1b,Fracture,6.0,1.0,13.0,3.0,Diamond,1.0,143.923,0.0,3.0,0.0,0.0,13.0,1,1,3
138f4118-a314-4096-a3b4-373b76c74fb6,Pearl,20.0,9.0,15.0,12.0,Diamond,1.0,203.5,1.0,1.0,1.0,14.0,12.0,0,2,2
6c7a27ac-99f6-4e79-baa6-a7f29d69c6cb,Pearl,14.0,3.0,7.0,10.0,Diamond,1.0,249.067,0.0,2.0,2.0,13.0,2.0,0,1,3
d6eba345-8b95-4249-8ef3-210bab1f7b6f,Lotus,21.0,3.0,19.0,11.0,Diamond,1.0,276.087,7.0,3.0,1.0,13.0,10.0,1,1,3
0eaaf809-4f36-4de2-8cf2-12ce30d89d9f,Split,8.0,7.0,17.0,4.0,Diamond,1.0,124.5,1.0,1.0,0.0,7.0,13.0,0,1,3
bf7b133f-eaac-4d1c-ae2b-b674a6b73eed,Haven,16.0,8.0,15.0,13.0,Diamond,1.0,208.304,1.0,0.0,1.0,13.0,10.0,0,0,4
eac0293a-353a-436c-81fa-644a433a696e,Ascent,14.0,4.0,15.0,10.0,Diamond,1.0,211.421,2.0,1.0,0.0,6.0,13.0,0,0,4
46c039f3-a038-4c88-a690-6325884eadcd,Haven,16.0,4.0,5.0,10.0,Diamond,1.0,259.688,2.0,0.0,1.0,13.0,3.0,0,0,4
6dff9105-1176-4df2-9950-e849c4e99f36,Ascent,24.0,7.0,19.0,17.0,Diamond,1.0,322.348,7.0,2.0,0.0,10.0,13.0,0,1,3
ddd8713c-8075-4cb5-b5df-6c089c98e418,Split,23.0,8.0,21.0,10.0,Diamond,1.0,230.6,2.0,5.0,0.0,14.0,16.0,1,1,3
b68ff50f-5533-4e42-be02-a6782fa22252,Pearl,18.0,13.0,19.0,14.0,Diamond,1.0,261.955,4.0,3.0,1.0,13.0,9.0,0,1,3
f804a62a-b318-415c-bf2e-8b97f716c5d7,Ascent,13.0,7.0,20.0,5.0,Diamond,1.0,179.917,1.0,3.0,0.0,11.0,13.0,0,1,3
4035d6c8-f585-4646-a1b5-e75f5432c12c,Lotus,24.0,3.0,22.0,19.0,Diamond,1.0,271.885,9.0,5.0,1.0,14.0,12.0,0,1,3
a61c7006-f3b5-4111-9d79-bd002bb6ee52,Breeze,8.0,6.0,16.0,8.0,Diamond,1.0,166.588,0.0,3.0,0.0,4.0,13.0,0,0,4
c6d84604-f6a1-4a7c-a998-0a812abcc361,Fracture,16.0,5.0,19.0,14.0,Diamond,1.0,284.421,1.0,3.0,0.0,6.0,13.0,0,0,4
12060635-b6a8-4c36-a09c-4381fc4caa13,Haven,13.0,6.0,23.0,9.0,Diamond,1.0,170.231,1.0,1.0,0.0,12.0,14.0,1,1,3
62b265c1-b62e-4c3b-ab83-7abef4c21289,Split,12.0,3.0,7.0,6.0,Diamond,1.0,231.692,2.0,2.0,1.0,13.0,0.0,1,1,3
620dc231-61c5-42fa-a9be-f471ffe87cb2,Pearl,12.0,6.0,11.0,8.0,Diamond,1.0,185.579,2.0,3.0,2.0,13.0,6.0,0,1,3
edc5e060-9c29-4fdd-9ed6-a33b236edcfb,Breeze,11.0,10.0,17.0,9.0,Diamond,1.0,199.474,1.0,2.0,0.0,6.0,13.0,1,0,4
9ef96f6c-be10-4048-9f87-7a6cebdbeec7,Split,21.0,8.0,26.0,13.0,Diamond,1.0,224.067,5.0,3.0,0.0,14.0,16.0,0,1,3
ed800906-2e92-492d-993e-5e61830eed64,Breeze,21.0,11.0,23.0,16.0,Diamond,1.0,228.536,2.0,3.0,0.0,14.0,14.0,1,1,3
96729978-d878-490b-a840-7ba14f1366b1,Fracture,5.0,1.0,5.0,4.0,Diamond,1.0,120.308,0.0,0.0,0.0,0.0,5.0,0,1,3
f81841a7-01d8-45eb-81fc-edc5c2607a22,Pearl,17.0,7.0,10.0,12.0,Diamond,1.0,217.368,1.0,3.0,1.0,13.0,6.0,0,1,3
ee91e2de-32b2-4862-a3ba-551df2806247,Split,10.0,9.0,20.0,7.0,Diamond,1.0,134.042,2.0,4.0,1.0,13.0,11.0,0,1,3
bc49d6a0-bc6a-4d4c-8145-bde0ad4671d4,Fracture,11.0,7.0,16.0,14.0,Diamond,1.0,227.833,2.0,2.0,0.0,5.0,13.0,0,1,3
223f8291-401f-4792-a0c2-769b5c8cbaa9,Ascent,20.0,6.0,25.0,14.0,Diamond,1.0,241.071,8.0,9.0,1.0,15.0,13.0,0,1,3
596ada9f-c8b1-408d-ac28-90af5f210bdd,Haven,10.0,4.0,21.0,7.0,Diamond,1.0,123.808,2.0,2.0,0.0,12.0,14.0,0,1,3
15284535-4403-466e-8973-2b373d1c35e1,Breeze,18.0,2.0,18.0,9.0,Diamond,1.0,254.667,8.0,1.0,1.0,13.0,8.0,0,1,3
417fd860-c7d3-48a2-8bc5-1489debc9aa6,Haven,9.0,6.0,15.0,9.0,Diamond,1.0,118.955,1.0,3.0,2.0,13.0,9.0,0,1,3
334505bc-341e-4828-9691-c3d27d93f3be,Pearl,16.0,6.0,13.0,10.0,Diamond,1.0,294.5,2.0,2.0,1.0,13.0,3.0,0,0,4
4726bba0-aec8-47bd-94a9-cb0428d6d435,Ascent,15.0,5.0,16.0,15.0,Diamond,1.0,224.773,3.0,4.0,0.0,9.0,13.0,0,0,4
385e8707-f0ae-4327-81ce-99f49d4bd4a6,Pearl,16.0,6.0,17.0,14.0,Diamond,1.0,204.083,1.0,0.0,0.0,11.0,13.0,0,0,4
e4674fa2-e24a-4a36-acbd-58a9748b812a,Fracture,21.0,6.0,19.0,19.0,Diamond,1.0,224.5,1.0,5.0,1.0,14.0,12.0,1,0,4
29e627a6-c831-48eb-b898-6735316ef852,Ascent,23.0,7.0,16.0,20.0,Diamond,1.0,270.174,4.0,1.0,1.0,13.0,10.0,0,0,4
188c13b7-ed9e-485e-99fa-2ea7a67ab9cf,Fracture,15.0,7.0,17.0,6.0,Diamond,1.0,174.167,1.0,4.0,1.0,13.0,11.0,1,1,3
7bdecbfa-0ea6-48f3-a5eb-fd86ab7c9d75,Split,8.0,13.0,12.0,6.0,Diamond,1.0,128.571,0.0,3.0,2.0,13.0,8.0,0,1,3
e42984d4-6f0b-430a-ba66-bc78ddd07739,Fracture,15.0,7.0,10.0,7.0,Diamond,1.0,194.0,0.0,1.0,3.0,13.0,6.0,1,1,3
4597707c-6038-4926-9f16-87e95b5ff447,Lotus,20.0,2.0,24.0,15.0,Diamond,1.0,205.0,6.0,2.0,0.0,15.0,15.0,0,1,3
7b5c610a-5d2c-4950-a513-fd6f6a0f365b,Lotus,17.0,2.0,8.0,10.0,Diamond,1.0,237.389,4.0,0.0,1.0,13.0,5.0,1,1,3
755ebbab-8e79-4f48-807f-9faa983c5e7e,Haven,20.0,5.0,22.0,9.0,Diamond,1.0,202.679,3.0,3.0,1.0,15.0,13.0,0,1,3
6111bbc3-62dd-46d9-93da-7f12ed4a62de,Breeze,14.0,5.0,19.0,6.0,Diamond,1.0,165.043,1.0,6.0,0.0,10.0,13.0,0,1,3
53ba45ed-3601-4ee0-ac51-bda1d84910a3,Ascent,16.0,7.0,14.0,12.0,Diamond,1.0,238.5,2.0,2.0,1.0,13.0,7.0,0,1,3
2a9e3a5b-0bbc-40fd-99f4-156022767559,Fracture,11.0,1.0,16.0,7.0,Diamond,1.0,142.727,4.0,4.0,0.0,9.0,13.0,1,1,3
49945f93-4c31-4165-bedb-bdf600e47930,Haven,19.0,2.0,19.0,8.0,Diamond,2.0,213.833,2.0,4.0,0.0,11.0,13.0,0,1,3
b46dde6d-5c44-4d28-8758-a396ed732538,Pearl,12.0,8.0,11.0,8.0,Diamond,2.0,185.611,3.0,0.0,1.0,13.0,5.0,0,1,3
b18c189c-f7d3-4f3f-8e37-e070857fa154,Lotus,11.0,4.0,14.0,5.0,Diamond,2.0,142.81,3.0,3.0,2.0,13.0,8.0,1,1,3
89cc53ba-5479-4664-8f98-683e1e897c81,Breeze,13.0,9.0,20.0,10.0,Diamond,2.0,180.217,3.0,4.0,3.0,13.0,10.0,0,1,3
e4817069-70c8-47db-a960-6deaffb4c2f7,Haven,16.0,5.0,10.0,9.0,Diamond,1.0,247.389,3.0,2.0,4.0,13.0,5.0,0,1,3
efa35dca-cbf4-4dbc-8ffa-b791eac9d5b1,Sunset,17.0,5.0,20.0,10.0,Unrated,,195.333,3.0,2.0,1.0,13.0,11.0,1,0,4
b70b671f-f7f5-4596-8bcd-c1fec6dd8a67,Lotus,14.0,5.0,18.0,5.0,Unrated,,189.043,4.0,6.0,2.0,13.0,10.0,0,0,4
6a53e41f-15b9-4536-9a50-3a8a8b49fe36,Split,8.0,5.0,16.0,6.0,Unrated,,134.55,0.0,1.0,0.0,7.0,13.0,0,0,4
88acb196-bdb1-43ec-ae4d-4cda878b4894,Lotus,8.0,2.0,11.0,6.0,Unrated,,143.389,3.0,2.0,1.0,13.0,5.0,1,0,4
f4d3a822-1226-4db2-a506-364f9031244c,Ascent,13.0,10.0,20.0,9.0,Unrated,,205.87,3.0,1.0,0.0,10.0,13.0,0,0,4
b4a95442-91ed-4281-b17c-65504ac2d8dc,Breeze,7.0,2.0,8.0,5.0,Platinum,1.0,138.267,0.0,0.0,0.0,2.0,6.0,0,1,3
7d6f66fe-451a-4003-a6f0-1827046362e3,Summit,5.0,3.0,12.0,6.0,Platinum,1.0,84.5,1.0,4.0,0.0,7.0,13.0,0,1,3
528e0434-01f8-4129-bbbe-6f00f55c7822,Lotus,6.0,4.0,10.0,4.0,Platinum,1.0,136.125,2.0,3.0,0.0,3.0,9.0,1,1,3
b5fb67de-b1a3-4e12-bdb1-97a9b4943cef,Ascent,25.0,12.0,14.0,20.0,Platinum,1.0,314.545,1.0,0.0,1.0,13.0,9.0,0,1,3
f6781fef-09ce-47ad-81b7-7ee037181ae9,Summit,11.0,5.0,14.0,8.0,Platinum,1.0,183.105,3.0,2.0,0.0,6.0,13.0,0,0,4
362f0dd9-81e4-4720-8200-bd73d9174caf,Split,11.0,7.0,19.0,11.0,Platinum,1.0,174.143,2.0,4.0,0.0,8.0,13.0,1,1,3
6fabe9eb-4632-4d78-bfe9-c4757321a25a,Lotus,19.0,2.0,21.0,14.0,Platinum,1.0,177.143,1.0,2.0,1.0,15.0,13.0,0,1,3
47e2eca1-d324-4cf6-ba9f-adc3a1aaca32,Split,1.0,3.0,7.0,2.0,Platinum,1.0,49.0,0.0,1.0,0.0,0.0,7.0,0,0,4
4f659b3e-6230-478e-9094-c513104369ab,Haven,21.0,15.0,16.0,13.0,Platinum,1.0,301.409,1.0,3.0,1.0,13.0,9.0,0,0,4
06e0ac3d-9431-4a4f-9c44-0d9004e14724,Ascent,17.0,5.0,15.0,9.0,Platinum,1.0,218.455,1.0,3.0,2.0,13.0,9.0,0,0,4
4a37702b-145b-4397-ab7c-cd5b98359c94,Lotus,10.0,7.0,16.0,8.0,Platinum,1.0,167.667,1.0,1.0,0.0,8.0,13.0,1,0,4
dd8eb672-c57d-40fb-8721-1a2a3fb927a7,Haven,19.0,4.0,19.0,11.0,Platinum,1.0,235.0,2.0,4.0,0.0,9.0,13.0,0,0,4
db9f825c-d60f-4bc8-ab91-f85b20bc7c4f,Split,21.0,9.0,21.0,13.0,Platinum,1.0,269.625,3.0,3.0,1.0,13.0,11.0,0,1,3
081d1cdd-b9e9-44bc-8879-094066414138,Summit,12.0,1.0,10.0,8.0,Platinum,1.0,166.368,0.0,1.0,2.0,13.0,6.0,0,1,3
35a91eba-7a8d-45e5-843c-8c253321ab1e,Breeze,11.0,2.0,13.0,11.0,Platinum,1.0,244.357,3.0,1.0,0.0,1.0,13.0,0,0,4
6887a0ef-25d5-4a5e-b98a-e1aa5be29e21,Lotus,18.0,2.0,21.0,13.0,Diamond,2.0,200.179,5.0,2.0,0.0,13.0,15.0,1,1,3
1916a9a6-66af-478a-b475-aa8423e1c990,Lotus,8.0,4.0,16.0,9.0,Diamond,2.0,119.091,0.0,2.0,1.0,13.0,9.0,0,0,4
c1801b72-8cc0-41ba-85cd-b7123360c634,Pearl,8.0,0.0,15.0,9.0,Diamond,2.0,122.833,1.0,4.0,0.0,5.0,13.0,1,0,4
cdd48ff4-86e7-4c9f-95b9-3cbda5511d04,Haven,16.0,6.0,11.0,12.0,Diamond,2.0,202.333,0.0,1.0,1.0,13.0,8.0,1,0,4
631f0c82-92d9-45c2-899d-54fd676d4182,Split,14.0,1.0,14.0,10.0,Diamond,2.0,198.9,1.0,1.0,0.0,7.0,13.0,1,0,4
ef7c7860-3447-4cec-89a7-36c92d7f9b04,Ascent,20.0,1.0,16.0,18.0,Diamond,2.0,227.217,3.0,1.0,0.0,10.0,13.0,0,0,4
56a89729-ac1e-434d-80c6-f4b71dcfda55,Breeze,15.0,3.0,15.0,12.0,Diamond,1.0,191.0,2.0,4.0,0.0,10.0,13.0,1,0,4
1fdcc818-dbec-426f-81ac-b34ad334cd13,Ascent,16.0,1.0,16.0,15.0,Diamond,1.0,139.929,3.0,3.0,1.0,15.0,13.0,0,0,4
7d2a26ec-e671-44e4-90bf-86d58f9fabe7,Haven,20.0,4.0,20.0,18.0,Diamond,1.0,213.036,2.0,2.0,0.0,14.0,14.0,1,0,4
a9551510-3e9e-4c00-ab12-d838cb027b1b,Breeze,25.0,1.0,16.0,22.0,Diamond,1.0,308.261,5.0,0.0,0.0,10.0,13.0,1,0,4
517e6589-765d-4bd4-8532-e2340e12c780,Ascent,9.0,5.0,14.0,9.0,Diamond,1.0,178.5,3.0,3.0,0.0,3.0,13.0,0,0,4
600a72a2-fa54-42ea-b6db-58be8c0e0588,Haven,16.0,2.0,17.0,8.0,Diamond,1.0,216.905,6.0,5.0,0.0,8.0,13.0,1,0,4
2062164e-77d8-4f4c-af12-f752fb7914d1,Pearl,17.0,2.0,12.0,9.0,Diamond,1.0,213.857,1.0,0.0,1.0,13.0,8.0,0,0,4
9c82fb1b-e4b0-4642-8123-e19419e0d3aa,Breeze,22.0,3.0,21.0,10.0,Diamond,1.0,207.893,5.0,1.0,0.0,13.0,15.0,1,0,4
b65235ef-062f-4c4a-902c-68186236f9da,Fracture,13.0,5.0,16.0,7.0,Diamond,1.0,197.571,5.0,4.0,1.0,13.0,8.0,1,0,4
44f3c001-5912-4acb-b001-edc54ebf0898,Haven,6.0,2.0,15.0,7.0,Diamond,1.0,109.529,1.0,1.0,0.0,4.0,13.0,0,0,4
a9494264-ba6c-4ac9-94cb-f59ce85ccf29,Ascent,12.0,2.0,13.0,11.0,Diamond,1.0,189.111,4.0,2.0,0.0,5.0,13.0,1,0,4
e3b83cc2-b1e7-4ce5-97ce-50c47b713177,Ascent,20.0,1.0,16.0,18.0,Unrated,,234.478,6.0,3.0,0.0,10.0,13.0,1,0,4
f04f6072-6bfe-47df-a880-2240204c6553,Breeze,14.0,6.0,17.0,10.0,Unrated,,175.826,1.0,5.0,0.0,10.0,13.0,1,0,4
11bf6ca3-94e9-46f1-8b9f-2aee61224b1d,Ascent,18.0,7.0,14.0,17.0,Unrated,,312.722,3.0,2.0,0.0,5.0,13.0,0,0,4
ce2edde9-a082-4dbb-8cf2-8f56c3c1080b,Sunset,5.0,1.0,7.0,3.0,Unrated,,59.75,0.0,2.0,0.0,7.0,13.0,1,1,3
84e60241-78ab-4126-82b0-221729666e14,Breeze,14.0,0.0,17.0,10.0,Gold,3.0,188.429,3.0,4.0,0.0,8.0,13.0,1,0,4
f244d63a-d9cb-40ca-8171-5591a8dc9164,Breeze,2.0,1.0,4.0,3.0,Gold,3.0,66.923,0.0,0.0,0.0,0.0,4.0,1,0,4
049148f4-32da-4a4f-b026-a47163bd6a66,Ascent,17.0,4.0,16.0,11.0,Gold,3.0,201.13,2.0,3.0,0.0,10.0,13.0,0,0,4
2a779a2f-7e3c-4e67-8f45-821ac5c1482c,Sunset,19.0,2.0,14.0,8.0,Gold,3.0,247.182,4.0,3.0,1.0,13.0,9.0,0,0,4
8bfd1abf-8cca-4df7-b148-a25c31161db1,Summit,18.0,4.0,12.0,17.0,Unrated,,219.375,3.0,0.0,0.0,11.0,13.0,0,0,4
19bec85d-151d-4d5c-85ae-f5fac8139247,Haven,24.0,1.0,6.0,15.0,Gold,3.0,379.812,3.0,0.0,1.0,13.0,3.0,1,0,4
13642d20-45b5-4b3d-ad99-1e5315c517c9,Summit,25.0,2.0,8.0,19.0,Gold,3.0,403.375,5.0,0.0,2.0,13.0,3.0,1,0,4
06b83d1e-6ab6-4c4f-a4cb-a87364420715,Ascent,23.0,3.0,18.0,16.0,Platinum,1.0,306.174,4.0,0.0,0.0,10.0,13.0,1,0,4
2b04f70c-5aa9-4b30-9f17-9bf3f53bac07,Summit,21.0,1.0,15.0,15.0,Gold,3.0,232.0,3.0,2.0,1.0,13.0,9.0,1,0,4
5d2b0ef0-259d-41c9-b4bd-b7a12a62a1e8,Ascent,13.0,0.0,10.0,8.0,Gold,3.0,168.3,1.0,0.0,2.0,13.0,7.0,1,0,4
ae9baeae-cb67-4c6c-b0e2-4a751e39daf3,Haven,32.0,3.0,21.0,19.0,Gold,3.0,310.286,6.0,0.0,0.0,13.0,15.0,0,0,4
6a1e3910-4b39-43d4-ab82-35551704bc5d,Sunset,14.0,0.0,17.0,10.0,Platinum,1.0,153.348,1.0,5.0,0.0,10.0,13.0,1,0,4
0127e55c-3a5b-4909-8828-68b2f475774d,Haven,18.0,4.0,17.0,13.0,Platinum,1.0,242.174,6.0,5.0,1.0,13.0,10.0,1,0,4
154ad802-d504-42e8-9e30-d7d5788b359a,Split,18.0,4.0,18.0,16.0,Platinum,1.0,233.087,4.0,1.0,1.0,13.0,10.0,1,0,4
73993277-8b63-4902-a0df-c87e2cd3655b,Sunset,0.0,0.0,2.0,0.0,Platinum,1.0,0.0,0.0,0.0,1.0,13.0,7.0,0,0,4
6aebe3b7-f08c-4445-92ec-99db40fed712,Ascent,7.0,3.0,13.0,7.0,Platinum,1.0,170.333,3.0,1.0,0.0,2.0,13.0,1,0,4
090e47f1-016e-47f2-9629-088eb0c1e05b,Summit,9.0,4.0,22.0,11.0,Platinum,1.0,139.826,0.0,1.0,0.0,10.0,13.0,1,0,4
a00c6fae-a9cc-41d1-9551-61d55f64e075,Haven,13.0,6.0,15.0,12.0,Platinum,1.0,217.5,2.0,1.0,0.0,7.0,13.0,0,0,4
65bd199c-42d3-47ad-9803-2959b6996a11,Haven,15.0,2.0,17.0,9.0,Platinum,1.0,196.0,3.0,4.0,1.0,13.0,10.0,0,0,4
d62622f5-325b-4ed3-b864-3bbe0e924cfc,Ascent,3.0,3.0,17.0,5.0,Platinum,1.0,76.588,1.0,5.0,0.0,4.0,13.0,1,0,4
0246096d-465a-4aab-be31-69ce87a88f17,Split,13.0,3.0,15.0,6.0,Platinum,1.0,279.875,2.0,2.0,0.0,3.0,13.0,1,0,4
7fb49085-20ed-40e7-82ee-f31a7e78db5f,Summit,13.0,4.0,18.0,10.0,Platinum,1.0,153.458,1.0,0.0,0.0,11.0,13.0,0,0,4
d6f99933-5b5d-4d24-a90c-1a1842a8f6da,Breeze,7.0,3.0,18.0,4.0,Platinum,1.0,110.571,2.0,3.0,0.0,8.0,13.0,0,0,4
ab7a3234-6cb2-44d5-af44-f1cc8ac26973,Haven,16.0,1.0,16.0,8.0,Platinum,1.0,194.75,3.0,1.0,1.0,13.0,11.0,1,0,4
eaeda1e0-5c94-418d-b9bb-cb441394bc5a,Summit,24.0,8.0,14.0,21.0,Platinum,1.0,252.192,4.0,1.0,1.0,14.0,12.0,1,0,4
b505d006-f877-4299-ad9d-dbf8382539ff,Sunset,20.0,3.0,18.0,16.0,Platinum,1.0,193.857,2.0,1.0,1.0,15.0,13.0,0,0,4
0348382d-55de-475d-93a3-880e854fdcd9,Sunset,9.0,0.0,14.0,6.0,Platinum,1.0,176.2,1.0,2.0,0.0,2.0,13.0,1,0,4
982a3b6e-ad5b-4273-ac2b-952355ea8e7c,Ascent,22.0,4.0,14.0,20.0,Platinum,1.0,282.864,5.0,2.0,1.0,13.0,9.0,0,0,4
3516195d-c92b-462a-95d5-aa16884747e9,Summit,16.0,3.0,13.0,16.0,Platinum,1.0,204.895,3.0,3.0,2.0,13.0,6.0,1,0,4
89e93875-72fd-4b2d-bd93-2e55a021fbd6,Ascent,14.0,0.0,12.0,9.0,Platinum,1.0,176.684,4.0,3.0,1.0,13.0,6.0,1,0,4
53685300-8e0d-4d92-a966-8e860b11a8e5,Breeze,11.0,3.0,18.0,6.0,Platinum,1.0,174.944,2.0,6.0,0.0,5.0,13.0,1,0,4
7f49a07f-1a54-4bc4-ab12-f23c96edf5a3,Haven,28.0,2.0,10.0,21.0,Platinum,1.0,385.263,6.0,1.0,1.0,13.0,6.0,1,0,4
d18e0ff2-8129-46dc-9ef1-b079813c6bec,Ascent,23.0,1.0,18.0,13.0,Platinum,1.0,265.75,5.0,3.0,0.0,11.0,13.0,1,0,4
7ef6fb81-211a-4ae9-a17c-3d4cd13e7c07,Lotus,23.0,1.0,16.0,13.0,Platinum,1.0,291.409,5.0,0.0,1.0,13.0,9.0,1,0,4
1b0ab1ba-58cb-4548-9bf0-40b16d3c954c,Sunset,14.0,7.0,18.0,15.0,Platinum,2.0,170.654,0.0,1.0,0.0,12.0,14.0,0,0,4
dd3d8456-d8f9-4864-ac58-d1747e66c613,Breeze,16.0,5.0,16.0,14.0,Platinum,2.0,190.435,1.0,1.0,0.0,10.0,13.0,0,0,4
99ccf77f-e76c-4586-95fd-7056fadfdcab,Summit,13.0,1.0,11.0,9.0,Platinum,2.0,210.875,1.0,5.0,1.0,13.0,3.0,1,0,4
75015c57-9380-41d2-b687-6474e58125ff,Split,23.0,2.0,5.0,13.0,Platinum,2.0,398.4,1.0,0.0,2.0,13.0,2.0,1,0,4
ec58cff3-4444-4b93-97ba-d679c79c6d08,Breeze,19.0,0.0,7.0,14.0,Platinum,1.0,282.6,3.0,0.0,3.0,13.0,2.0,1,0,4
c4d241dc-2333-4900-b65e-97f0818df0a7,Haven,18.0,0.0,14.0,12.0,Platinum,2.0,237.65,5.0,1.0,0.0,7.0,13.0,1,0,4
6697cf62-46da-4a82-931b-c3243319f08a,Summit,16.0,2.0,17.0,13.0,Platinum,2.0,230.591,3.0,2.0,0.0,9.0,13.0,0,0,4
a6bd3eea-1b71-40de-8232-4f803423c4b7,Haven,21.0,4.0,16.0,14.0,Platinum,2.0,254.522,4.0,2.0,0.0,10.0,13.0,1,0,4
e5360d72-2700-4128-901f-451a01fc9f52,Summit,27.0,3.0,16.0,27.0,Platinum,2.0,318.75,5.0,2.0,1.0,13.0,11.0,1,0,4
2a260222-d592-4256-97ab-b3f97c3ca46f,Split,13.0,4.0,16.0,9.0,Platinum,2.0,215.947,4.0,4.0,2.0,13.0,6.0,1,0,4
995b0422-9f9d-4fa7-988a-a69a2ec72a1e,Sunset,14.0,3.0,15.0,11.0,Platinum,2.0,195.7,2.0,4.0,0.0,7.0,13.0,0,0,4
51defbb6-efb8-40ec-b1d7-466eb1cc09c6,Haven,13.0,3.0,16.0,13.0,Platinum,2.0,197.7,4.0,2.0,0.0,7.0,13.0,1,0,4
a63ba656-65d1-4def-bcd8-ab1b9599b045,Lotus,17.0,3.0,18.0,8.0,Platinum,2.0,211.0,1.0,1.0,0.0,10.0,13.0,1,0,4
53f33d87-acbb-40f9-baa7-c5c270a67884,Sunset,14.0,5.0,15.0,16.0,Platinum,2.0,245.611,2.0,1.0,0.0,5.0,13.0,0,0,4
03ee7bef-2c2a-4dd9-b8be-3c4dcc9d18bd,Breeze,11.0,2.0,15.0,4.0,Platinum,2.0,167.6,1.0,3.0,0.0,7.0,13.0,1,0,4
6febf397-fddb-4b09-abaa-db05e0a49d26,Haven,11.0,2.0,17.0,12.0,Platinum,2.0,143.042,3.0,3.0,1.0,13.0,11.0,1,0,4
cf750ada-e32e-4f8c-bfb2-999327880705,Lotus,25.0,1.0,16.0,19.0,Platinum,2.0,285.522,5.0,2.0,2.0,13.0,10.0,0,0,4
6d0b2cc1-355a-4c5d-b10a-ba48eb4ad34c,Sunset,16.0,5.0,16.0,9.0,Platinum,2.0,214.375,2.0,1.0,1.0,13.0,11.0,1,0,4
c802235d-838e-424a-b9c5-57337171d25f,Ascent,16.0,5.0,16.0,13.0,Unrated,,207.783,0.0,3.0,2.0,13.0,10.0,1,0,4
8c863803-9f79-42cd-a9da-3352dcf98539,Summit,24.0,5.0,23.0,25.0,Platinum,2.0,262.036,2.0,3.0,0.0,13.0,15.0,1,0,4
4fb0ae5e-b7c1-44a5-867a-b6f457d432f2,Lotus,17.0,10.0,17.0,16.0,Platinum,2.0,187.125,1.0,3.0,1.0,13.0,11.0,0,0,4
27526765-a258-4aad-9039-b29aa3b87beb,Split,14.0,0.0,15.0,11.0,Platinum,2.0,271.0,2.0,3.0,0.0,3.0,13.0,1,0,4
5a67995d-9828-4fa5-916e-92b553000a09,Abyss,7.0,4.0,13.0,8.0,Platinum,2.0,114.222,1.0,2.0,1.0,13.0,5.0,0,0,4
2f50caa0-d230-465d-b126-fe7a47cb395f,Ascent,15.0,1.0,16.0,11.0,Platinum,2.0,197.048,3.0,4.0,0.0,8.0,13.0,1,0,4
49f4214f-6920-49cf-9406-c4a435b1552d,Abyss,12.0,1.0,14.0,8.0,Platinum,2.0,213.167,2.0,1.0,0.0,5.0,13.0,1,0,4
418de98c-9f43-4faa-a577-7440aded7bd2,Haven,16.0,2.0,8.0,5.0,Platinum,2.0,255.118,1.0,6.0,1.0,13.0,4.0,1,0,4
9ff37712-35f4-43f0-b41b-cb8fdd3af2a2,Lotus,19.0,5.0,8.0,16.0,Platinum,2.0,276.389,2.0,0.0,1.0,13.0,5.0,0,0,4
1cbeef23-7d33-489b-85be-0dabca514624,Lotus,16.0,4.0,19.0,13.0,Platinum,2.0,192.833,3.0,5.0,0.0,11.0,13.0,1,2,2
57f0c8b7-8f96-4066-b3b7-a37900b9fd9a,Abyss,0.0,0.0,2.0,0.0,Platinum,2.0,0.0,0.0,0.0,0.0,7.0,13.0,1,0,4
eddeda0a-6f74-4d98-a928-88ff18eb2996,Summit,15.0,3.0,14.0,15.0,Platinum,2.0,194.0,2.0,0.0,0.0,10.0,13.0,1,0,4
189d9f3a-67c2-49d8-b7f1-2e433e8bd85d,Ascent,21.0,2.0,19.0,18.0,Platinum,2.0,258.208,4.0,7.0,0.0,11.0,13.0,0,0,4
c0b381b4-365b-49de-a12c-2a753b38f8ba,Summit,18.0,2.0,15.0,16.0,Platinum,2.0,226.81,2.0,0.0,1.0,13.0,8.0,1,0,4
f553d53b-42b5-4140-b0d1-0197adc455a0,Lotus,28.0,7.0,14.0,22.0,Platinum,2.0,356.348,2.0,3.0,1.0,13.0,10.0,1,0,4
040a43d3-30a3-4f99-9020-0753c0b858c5,Haven,26.0,4.0,19.0,19.0,Platinum,2.0,275.615,2.0,2.0,0.0,12.0,14.0,1,0,4
edcdc953-ba6b-4993-b6b9-30785cc3a99a,Haven,13.0,5.0,17.0,12.0,Platinum,2.0,186.682,2.0,5.0,0.0,9.0,13.0,1,0,4
37ece3de-4be6-4ecd-8e33-24cf08e4249c,Summit,12.0,6.0,14.0,10.0,Platinum,2.0,157.455,2.0,1.0,1.0,13.0,9.0,1,0,4
45efb1e5-d3af-4184-a802-f784efc6880e,Abyss,19.0,5.0,14.0,16.0,Platinum,2.0,237.286,0.0,2.0,1.0,13.0,8.0,0,0,4
b305dcad-ccaa-4b92-8dde-4283269ea965,Lotus,9.0,2.0,15.0,9.0,Platinum,2.0,151.167,3.0,5.0,0.0,5.0,13.0,1,0,4
bcb878e7-eb7d-470e-b906-135bf91992ea,Abyss,12.0,2.0,13.0,10.0,Platinum,2.0,193.941,1.0,4.0,0.0,4.0,13.0,1,0,4
c838f9a6-e7e6-4615-8130-ca992a63e465,Ascent,19.0,4.0,12.0,11.0,Ascendant,2.0,240.571,2.0,2.0,1.0,13.0,8.0,0,1,3
af3e73cf-fd7f-4c1f-a175-f21da1e0e66c,Breeze,20.0,2.0,13.0,10.0,Ascendant,2.0,274.421,3.0,1.0,2.0,13.0,6.0,1,2,2
73c3d1f4-6278-40ae-be47-acbbdebec122,Haven,20.0,2.0,8.0,10.0,Ascendant,2.0,308.176,3.0,1.0,3.0,13.0,4.0,1,1,3
960c5673-a61f-4071-a32c-7ee61a63a429,Lotus,16.0,5.0,7.0,16.0,Ascendant,2.0,266.294,3.0,1.0,4.0,13.0,4.0,0,1,3
7b3c4fed-a3f3-4baa-9167-479e1f0f0ed1,Pearl,19.0,6.0,20.0,7.0,Ascendant,2.0,219.7,4.0,6.0,5.0,16.0,14.0,1,0,4
37dfd5ef-db86-448d-89d9-6fd22e1853f1,Haven,20.0,1.0,17.0,11.0,Ascendant,3.0,247.409,3.0,1.0,0.0,9.0,13.0,1,0,4
0298f99d-7405-4421-845c-54aa1baa1b51,Pearl,19.0,3.0,15.0,11.0,Ascendant,3.0,237.714,2.0,2.0,1.0,13.0,8.0,1,0,4
39db9025-2ae4-4045-b98e-6892a2df85f7,Haven,5.0,3.0,15.0,3.0,Unrated,,138.467,1.0,4.0,0.0,2.0,13.0,1,1,3
29f61e0c-d0c3-45c1-880a-7a2de2739cec,Lotus,16.0,13.0,12.0,15.0,Unrated,,222.762,1.0,1.0,1.0,13.0,8.0,0,1,3
b8badccb-a39b-40d1-be55-b7384004a207,Breeze,13.0,4.0,16.0,10.0,Unrated,,155.826,2.0,3.0,0.0,10.0,13.0,0,0,4
dfdb38f0-916d-4cd5-a1a8-7118586b9663,Summit,16.0,5.0,16.0,14.0,Unrated,,201.792,4.0,3.0,0.0,11.0,13.0,1,0,4
c5fbeff0-08f4-4b81-9ea3-2e26c26e70e6,Ascent,17.0,2.0,18.0,12.0,Unrated,,202.417,4.0,1.0,1.0,13.0,11.0,0,0,4
e1410d46-41e8-4f9d-b043-357447575199,Summit,16.0,7.0,16.0,13.0,Immortal,3.0,190.043,1.0,1.0,0.0,10.0,13.0,1,0,4
83f4f539-d82d-49eb-9497-2b76f55e71cc,Split,23.0,7.0,18.0,22.0,Immortal,3.0,269.769,2.0,1.0,1.0,14.0,12.0,1,0,4
5059a7a2-c0ba-4657-af82-89f98c02458b,Haven,7.0,9.0,15.0,5.0,Immortal,3.0,120.143,1.0,1.0,0.0,8.0,13.0,0,0,4
a9e36ad9-ba42-49e4-9320-88f72ca053db,Sunset,14.0,10.0,16.0,12.0,Immortal,3.0,181.708,0.0,0.0,1.0,13.0,11.0,1,0,4
774d24c2-93f2-4813-affd-87d2ac6d2472,Abyss,21.0,2.0,13.0,14.0,Immortal,3.0,243.273,2.0,0.0,0.0,9.0,13.0,0,0,4
688fd49e-9d4d-464e-968b-b6976d15a6ee,Ascent,12.0,5.0,15.0,8.0,Immortal,3.0,142.304,0.0,3.0,0.0,10.0,13.0,0,0,4
256edc06-e8b5-4132-9af4-bf7f5babb692,Split,10.0,12.0,13.0,9.0,Immortal,3.0,167.857,1.0,1.0,1.0,13.0,8.0,1,0,4
7b5b8c29-fb31-48c5-9980-e83009fbd129,Sunset,22.0,8.0,15.0,14.0,Immortal,3.0,259.542,1.0,2.0,0.0,11.0,13.0,1,0,4
b4be57c8-1b51-42ee-b8b2-eb6efd9b9675,Lotus,14.0,9.0,11.0,15.0,Immortal,3.0,178.7,0.0,1.0,1.0,13.0,7.0,1,0,4
11ea95a2-f30b-43f0-97a0-206624e59790,Abyss,19.0,4.0,20.0,15.0,Immortal,3.0,225.75,1.0,3.0,0.0,11.0,13.0,0,0,4
93796709-6c3a-4a75-8ae2-9430a59ac40a,Abyss,15.0,5.0,7.0,11.0,Immortal,2.0,235.412,0.0,0.0,1.0,13.0,4.0,1,0,4
0e86a0c1-893c-46d6-8c82-cf6b203c733f,Haven,14.0,7.0,19.0,13.0,Immortal,3.0,181.458,0.0,2.0,0.0,11.0,13.0,1,0,4
331121d1-f8cc-4385-9186-165952c826c7,Abyss,19.0,7.0,20.0,19.0,Immortal,3.0,209.929,2.0,1.0,0.0,13.0,15.0,1,0,4
9dc6a2b8-05de-4efc-8bf3-04ff5fa0f360,Summit,12.0,13.0,17.0,9.0,Immortal,3.0,168.087,2.0,2.0,0.0,10.0,13.0,0,2,2
d9a598e7-ff42-43ff-9498-44c330ad8c75,Sunset,19.0,11.0,15.0,16.0,Immortal,3.0,263.25,2.0,1.0,1.0,13.0,7.0,0,0,4
4f911dd6-bc37-48d8-8375-b74124aa1e68,Summit,18.0,6.0,16.0,16.0,Immortal,3.0,276.0,2.0,1.0,0.0,6.0,13.0,0,0,4
ee3a0608-7f2d-490d-9500-0208f1246542,Ascent,12.0,9.0,18.0,18.0,Immortal,2.0,226.667,2.0,1.0,0.0,8.0,13.0,1,0,4
05450e55-f19c-4c4d-a1c8-c6a4c787e3aa,Summit,13.0,5.0,15.0,11.0,Immortal,2.0,179.762,0.0,1.0,0.0,8.0,13.0,0,0,4
13525332-7b73-436e-b4fc-75c2687903e7,Sunset,8.0,6.0,13.0,10.0,Immortal,2.0,173.75,0.0,0.0,0.0,3.0,13.0,0,0,4
de74a474-37f8-4939-b559-eea27bed7af9,Ascent,9.0,8.0,15.0,9.0,Immortal,3.0,165.529,1.0,0.0,0.0,4.0,13.0,1,0,4
96b54b71-146b-4cf1-8148-4a0d29537ec5,Lotus,22.0,9.0,18.0,17.0,Immortal,2.0,272.174,2.0,0.0,0.0,10.0,13.0,1,0,4
5003585f-db60-4d2f-9301-003931861f6d,Haven,24.0,8.0,15.0,23.0,Immortal,2.0,333.727,2.0,1.0,0.0,9.0,13.0,0,0,4
d35e5a3a-033b-4bef-b965-1abfd580d48b,Sunset,20.0,2.0,18.0,15.0,Immortal,2.0,202.769,1.0,1.0,0.0,12.0,14.0,0,0,4
5a086ed8-a9b3-4aa9-998b-a4965a09ae1c,Summit,13.0,9.0,7.0,14.0,Immortal,1.0,232.333,0.0,1.0,1.0,13.0,2.0,1,0,4
0f4c08ea-e4c3-4421-81a5-2b72c12353a8,Split,17.0,9.0,16.0,15.0,Immortal,1.0,259.19,3.0,2.0,0.0,8.0,13.0,1,0,4
395b01f9-005b-48bd-ab39-69c8b404af66,Summit,10.0,6.0,16.0,11.0,Immortal,2.0,179.6,2.0,1.0,0.0,7.0,13.0,1,0,4
68044770-9065-4ece-be5f-e0ab40fd086c,Split,14.0,9.0,16.0,15.0,Immortal,1.0,219.95,1.0,1.0,0.0,7.0,13.0,1,0,4
4e6e55e2-787c-4a00-9523-6401d96c5fc4,Sunset,16.0,10.0,16.0,14.0,Immortal,1.0,185.5,0.0,1.0,1.0,13.0,11.0,1,0,4
3caacc05-c5df-43ff-953e-b5d230f7dc94,Ascent,14.0,1.0,9.0,10.0,Immortal,1.0,210.235,3.0,0.0,1.0,13.0,4.0,0,0,4
104e4ea4-8781-42dd-8554-6de2becc51a3,Lotus,20.0,5.0,12.0,14.0,Immortal,1.0,243.545,3.0,1.0,2.0,13.0,9.0,1,0,4
e1f2e0a2-ac24-4003-a312-639df0eebb68,Ascent,14.0,9.0,10.0,12.0,Immortal,2.0,229.059,2.0,0.0,1.0,13.0,4.0,1,0,4
fb096d8c-0a28-4cc7-92d4-ff4032ad9e20,Haven,8.0,2.0,5.0,6.0,Immortal,2.0,143.933,0.0,0.0,2.0,10.0,2.0,1,0,4
54280786-9c1e-494b-83f5-be508e192dd3,Split,16.0,13.0,13.0,16.0,Immortal,2.0,228.0,0.0,0.0,3.0,13.0,9.0,0,0,4
39e36d98-b387-4b1d-a692-968e610b4f43,Abyss,13.0,6.0,3.0,10.0,Immortal,2.0,248.333,0.0,0.0,4.0,13.0,2.0,1,0,4
103b2fda-ad89-49c5-bd71-0a48b674697b,Lotus,17.0,4.0,14.0,14.0,Immortal,3.0,204.591,1.0,5.0,1.0,13.0,9.0,0,0,4
b202ead6-caff-4e5d-bbf1-fa769d9a6069,Abyss,7.0,6.0,7.0,4.0,Immortal,2.0,112.0,0.0,0.0,1.0,13.0,2.0,0,0,4
9a7776d6-0abc-4c4c-8069-b06465b9bb9e,Summit,17.0,12.0,20.0,17.0,Immortal,3.0,212.423,3.0,1.0,0.0,12.0,14.0,1,0,4
3e101394-3c00-4a61-920e-f9cc23539a43,Summit,9.0,6.0,20.0,10.0,Immortal,3.0,112.208,0.0,2.0,0.0,11.0,13.0,1,0,4
fe8ef618-9396-4f20-9b83-f00bd4465709,Split,14.0,8.0,11.0,13.0,Immortal,3.0,180.211,0.0,0.0,1.0,13.0,6.0,1,1,3
1ccdcb9b-c0ff-408e-980a-519797c3663e,Sunset,9.0,4.0,3.0,7.0,Immortal,3.0,173.429,0.0,0.0,1.0,13.0,1.0,1,0,4
0924b202-1c25-4bab-9cb1-527c025027f9,Sunset,15.0,8.0,14.0,14.0,Immortal,3.0,184.667,0.0,1.0,1.0,13.0,11.0,1,0,4
4d21b392-5119-4808-aeb4-e87762bd0586,Haven,11.0,6.0,12.0,5.0,Immortal,3.0,148.857,1.0,0.0,2.0,13.0,8.0,0,0,4
6004967b-a30f-47ca-bd36-66a1ee23958c,Abyss,8.0,3.0,17.0,7.0,Immortal,3.0,130.6,1.0,1.0,0.0,7.0,13.0,0,0,4
b6e96ba6-4391-4366-abb8-955be6b78a8f,Lotus,10.0,8.0,15.0,11.0,Immortal,3.0,148.632,0.0,0.0,0.0,6.0,13.0,1,0,4
9c8dc236-2d0e-4015-979c-4099e00eb83f,Lotus,13.0,3.0,15.0,12.0,Immortal,3.0,230.235,0.0,2.0,0.0,4.0,13.0,1,0,4
413bb346-3765-41cf-b3ce-40f11d611bf7,Split,14.0,9.0,14.0,9.0,Immortal,3.0,183.864,1.0,2.0,1.0,13.0,9.0,1,0,4
8dd1104a-191b-4ed0-9f0a-6ac6a16340ea,Ascent,18.0,9.0,14.0,14.0,Immortal,3.0,235.0,0.0,1.0,0.0,9.0,13.0,0,0,4
13855c92-14a3-4593-b569-e4e035d52dac,Abyss,10.0,7.0,17.0,9.0,Immortal,3.0,157.091,1.0,6.0,0.0,9.0,13.0,0,0,4
6887a0ef-25d5-4a5e-b98a-e1aa5be29e21,Lotus,15.0,10.0,19.0,13.0,Diamond,3.0,182.321,4.0,3.0,1.0,15.0,13.0,0,1,3
ab8fb01d-d149-400e-bcb7-b2e25c8ee7fd,Ascent,18.0,3.0,18.0,11.0,Diamond,3.0,272.4,5.0,3.0,0.0,7.0,13.0,1,2,2
c7ec53aa-c5f3-458c-b7a4-87af16e75356,Pearl,12.0,6.0,19.0,8.0,Diamond,3.0,181.136,7.0,6.0,1.0,13.0,9.0,1,0,4
5f00af97-baf3-421d-87f3-05b669df570d,Fracture,9.0,2.0,9.0,6.0,Diamond,3.0,181.867,3.0,0.0,0.0,2.0,7.0,1,1,3
c5e18656-bbfb-4fba-8a1c-5064983953e6,Pearl,19.0,6.0,12.0,11.0,Diamond,3.0,271.9,4.0,1.0,1.0,13.0,7.0,0,1,3
aab7dd37-d979-435f-ac38-37f3d0a3b010,Lotus,22.0,5.0,17.0,19.0,Diamond,3.0,278.565,5.0,1.0,0.0,10.0,13.0,0,3,1
ac6a614c-0016-484d-9422-9c30663210d2,Ascent,11.0,1.0,15.0,8.0,Diamond,3.0,197.176,2.0,4.0,0.0,4.0,13.0,1,2,2
df187d36-e337-4883-a88d-1a3a9d6aff42,Pearl,13.0,6.0,15.0,7.0,Diamond,3.0,221.833,1.0,0.0,0.0,5.0,13.0,1,1,3
28ee867e-2e05-4733-85af-b868213779a8,Lotus,21.0,8.0,17.0,18.0,Diamond,3.0,281.0,3.0,0.0,1.0,13.0,9.0,0,1,3
18612531-b010-47bd-8db9-69e520857776,Haven,16.0,5.0,21.0,11.0,Diamond,3.0,195.913,6.0,2.0,1.0,13.0,10.0,0,4,0
50e1e1df-7d50-44e3-8a7e-1f4a2fcc44ce,Breeze,16.0,8.0,17.0,13.0,Diamond,3.0,210.625,5.0,1.0,2.0,13.0,11.0,0,4,0
d8b570ac-17a8-40fe-81fc-ab9c4c97863d,Fracture,16.0,2.0,11.0,9.0,Diamond,3.0,257.294,5.0,1.0,2.0,13.0,4.0,1,0,4
f4897cb9-dfd4-461b-8819-e9dfafbba9c6,Split,11.0,7.0,15.0,10.0,Diamond,3.0,201.526,0.0,0.0,0.0,6.0,13.0,0,0,4
4e24a733-08d4-4b47-9ad5-e33822751ba5,Lotus,17.0,6.0,20.0,13.0,Diamond,3.0,205.269,5.0,4.0,0.0,12.0,14.0,1,0,4
5976fe2b-56f4-4957-81b2-9edc8080846e,Lotus,28.0,12.0,23.0,19.0,Diamond,3.0,295.536,5.0,2.0,1.0,14.0,14.0,0,0,4
8389231e-8b49-4874-86de-54b9c71e110d,Fracture,25.0,4.0,18.0,22.0,Diamond,3.0,292.25,5.0,2.0,1.0,13.0,11.0,1,1,3
a2abbcc9-6d54-4e48-a325-9ea6b5cf5b21,Fracture,13.0,1.0,19.0,7.0,Diamond,3.0,181.875,5.0,3.0,2.0,13.0,11.0,0,0,4
62041631-9f06-4173-9c33-96356d204069,Breeze,10.0,2.0,17.0,6.0,Diamond,3.0,131.85,2.0,5.0,0.0,7.0,13.0,0,1,3
c999d7da-4684-45d9-8614-57db6d6c2847,Split,16.0,4.0,14.0,12.0,Diamond,3.0,232.0,5.0,4.0,1.0,13.0,8.0,1,1,3
b2d831a8-9ac6-4a0b-9823-b9ad0ef3e23b,Lotus,9.0,3.0,20.0,5.0,Diamond,3.0,98.696,0.0,6.0,0.0,10.0,13.0,1,1,3
31cf468e-10b4-4b5b-821f-9e5dd6afb47b,Lotus,7.0,4.0,15.0,8.0,Diamond,3.0,110.824,0.0,4.0,0.0,4.0,13.0,0,1,3
0a034114-4073-4bdc-bd44-214a6a552db4,Breeze,18.0,3.0,13.0,12.0,Diamond,3.0,214.524,2.0,5.0,1.0,13.0,8.0,0,1,3
d8a3dcf5-4a77-40a7-9ef5-9b72474a7689,Ascent,23.0,6.0,15.0,16.0,Diamond,3.0,298.435,6.0,2.0,2.0,13.0,10.0,1,0,4
ff91128f-9221-479f-9af2-ef46e7d4ef0d,Breeze,10.0,2.0,15.0,9.0,Diamond,3.0,186.688,0.0,2.0,0.0,3.0,13.0,1,0,4
428ae3b1-f8b7-4635-9ce0-bcdf1acce50f,Haven,19.0,2.0,17.0,13.0,Diamond,2.0,269.0,3.0,3.0,0.0,7.0,13.0,1,0,4
ea3e4ad1-0f05-4604-b4f3-5bf5922f071b,Ascent,8.0,1.0,15.0,6.0,Diamond,2.0,170.125,3.0,3.0,0.0,3.0,13.0,1,1,3
dbeab98f-102e-4f95-9f84-a522c24657b8,Pearl,0.0,2.0,6.0,0.0,Diamond,3.0,14.733,0.0,3.0,0.0,2.0,4.0,1,1,3
d5ec1d56-cc5b-446c-b561-db593a089c67,Split,14.0,4.0,15.0,12.0,Diamond,3.0,206.05,2.0,5.0,0.0,7.0,13.0,0,0,4
18fb8eed-f3e8-4e8e-b39b-31b81b279dc5,Haven,16.0,0.0,13.0,12.0,Diamond,3.0,199.381,2.0,1.0,1.0,13.0,8.0,0,0,4
f3f53d0f-fc5e-4157-b12f-377ce15628b4,Haven,16.0,4.0,16.0,13.0,Platinum,2.0,215.048,2.0,3.0,0.0,8.0,13.0,1,0,4
1e176474-f1a2-4825-8cd7-f785958ab012,Split,12.0,5.0,11.0,7.0,Platinum,2.0,213.0,1.0,0.0,1.0,13.0,3.0,0,0,4
32eaee06-fe22-4bf2-a0d9-ea341f6c4105,Haven,20.0,2.0,12.0,13.0,Unrated,,265.81,4.0,2.0,2.0,13.0,8.0,0,1,3
81b8e702-e0d0-416a-814b-bea229aa0ef9,Split,9.0,2.0,10.0,6.0,Platinum,2.0,144.647,0.0,0.0,1.0,13.0,4.0,0,0,4
e60f0d35-d99f-4591-9747-ceb945ad5989,Lotus,15.0,3.0,18.0,13.0,Platinum,2.0,187.958,0.0,2.0,0.0,11.0,13.0,0,0,4
721c2e23-dd12-4c00-b3ca-316223d1225a,Haven,24.0,4.0,10.0,12.0,Platinum,2.0,368.5,6.0,4.0,1.0,13.0,7.0,1,0,4
80eff50f-355f-4be3-b471-ab6c65ee6e01,Summit,18.0,4.0,15.0,12.0,Platinum,2.0,220.261,3.0,1.0,0.0,10.0,13.0,1,0,4
3f65f85b-f477-4d2d-9667-c02c0a99e8fe,Abyss,11.0,10.0,18.0,5.0,Platinum,2.0,139.174,1.0,1.0,0.0,10.0,13.0,1,0,4
e28ce5eb-80dd-4815-b22e-76c46c646528,Lotus,15.0,6.0,18.0,9.0,Platinum,2.0,169.125,2.0,1.0,0.0,11.0,13.0,1,0,4
7a809d38-e764-4b15-8f66-44421fb20ba7,Lotus,19.0,1.0,14.0,9.0,Platinum,2.0,236.913,4.0,2.0,1.0,13.0,10.0,1,0,4
93774b78-e646-4348-bef1-a33a1bd7ee1d,Haven,8.0,6.0,10.0,6.0,Platinum,2.0,116.895,2.0,0.0,1.0,13.0,6.0,1,0,4
8f54432c-3bbd-44f1-bd50-14440658e848,Ascent,32.0,4.0,21.0,18.0,Platinum,2.0,303.967,2.0,4.0,0.0,15.0,15.0,0,0,4
3d50a2d8-e900-418f-b119-d7e41086d22d,Haven,28.0,10.0,19.0,18.0,Platinum,2.0,252.733,1.0,1.0,2.0,16.0,14.0,1,0,4
1f7a635d-6a7a-4e96-a679-921fcb7a5649,Sunset,12.0,1.0,16.0,9.0,Platinum,2.0,202.211,2.0,1.0,0.0,6.0,13.0,0,0,4
a2355c55-fdff-400e-8eb5-3e34e342d889,Lotus,19.0,10.0,12.0,15.0,Platinum,2.0,238.652,1.0,3.0,1.0,13.0,10.0,1,0,4
c3bd66e6-3b5c-4133-9fa8-a072571653e7,Ascent,26.0,5.0,16.0,19.0,Platinum,2.0,258.571,4.0,0.0,0.0,13.0,15.0,1,0,4
95bdacc1-47e8-405a-9bd1-1d1d62f16035,Haven,15.0,1.0,16.0,8.0,Bronze,1.0,162.792,2.0,0.0,0.0,11.0,13.0,1,3,1
de68b107-bae7-4836-985f-03854412eba2,Ascent,12.0,6.0,20.0,9.0,Bronze,1.0,168.318,0.0,3.0,0.0,9.0,13.0,1,0,4
c9aa777a-9602-49f9-9ed8-caa3afc7d0b8,Sunset,16.0,1.0,3.0,6.0,Bronze,1.0,248.8,2.0,1.0,1.0,7.0,2.0,0,0,4
209da64a-81a8-4458-aef1-3f17974761a0,Lotus,11.0,5.0,19.0,4.0,Bronze,1.0,146.125,1.0,0.0,0.0,11.0,13.0,1,0,4
bb0d6a86-2ee7-43a3-96ce-a43f75528b57,Breeze,5.0,12.0,12.0,1.0,Bronze,1.0,115.312,2.0,2.0,1.0,13.0,3.0,0,0,4
55a8fed5-1b2f-4812-ac49-d4700957eac5,Ascent,8.0,5.0,17.0,5.0,Bronze,1.0,124.263,2.0,1.0,0.0,6.0,13.0,1,0,4
d7ffa148-3363-4f30-ba04-43e0e149ebaa,Haven,7.0,2.0,20.0,8.0,Bronze,1.0,124.81,1.0,5.0,0.0,8.0,13.0,0,0,4
c93ab136-150d-4d4b-a107-dedfe1a77c33,Ascent,26.0,6.0,17.0,12.0,Bronze,1.0,286.423,2.0,1.0,0.0,12.0,14.0,0,0,4
ff270635-ac70-4334-bd96-fb4a87d65bd6,Split,16.0,6.0,15.0,7.0,Iron,3.0,302.438,2.0,3.0,0.0,3.0,13.0,0,0,4
a6f9c7d7-6ef7-4d03-b130-f31ffc843bf3,Haven,20.0,9.0,18.0,12.0,Iron,3.0,232.042,0.0,3.0,1.0,13.0,11.0,1,0,4
231424ad-086a-4696-afb7-9ec43f2131b8,Split,20.0,3.0,17.0,13.0,Iron,3.0,238.042,3.0,1.0,1.0,13.0,11.0,1,0,4
bd978731-e1ce-43fa-805b-e622a6e42c38,Haven,19.0,2.0,19.0,11.0,Iron,3.0,221.304,2.0,4.0,0.0,10.0,13.0,1,0,4
05b3cb93-9dd1-480f-9401-aed50c740917,Ascent,8.0,1.0,16.0,3.0,Iron,3.0,142.118,1.0,3.0,0.0,4.0,13.0,0,0,4
96f52d97-2a1b-46ee-bbe2-1d09a9229fdc,Sunset,0.0,1.0,5.0,0.0,Iron,3.0,4.105,0.0,0.0,0.0,6.0,13.0,1,0,4
76eb6c9f-cd59-4640-823b-b571eeb11ba7,Ascent,1.0,0.0,5.0,1.0,Iron,3.0,17.929,0.0,0.0,0.0,1.0,5.0,1,0,4
381d82b0-85f8-41b0-a55d-11c2d077e28f,Breeze,15.0,4.0,13.0,8.0,Iron,2.0,224.053,1.0,2.0,0.0,6.0,13.0,1,0,4
675ecf7f-d7d0-4a41-9458-25800ec045a8,Split,27.0,6.0,12.0,15.0,Iron,3.0,343.571,1.0,2.0,0.0,8.0,13.0,0,0,4
f5ecb919-d459-4650-8b1b-e8ded232838e,Ascent,15.0,7.0,9.0,8.0,Iron,3.0,222.8,2.0,2.0,1.0,13.0,7.0,0,0,4
0af30682-649e-402f-9db7-db8e38ce3aab,Haven,18.0,3.0,11.0,10.0,Iron,2.0,256.579,0.0,0.0,2.0,13.0,6.0,0,0,4
38dbdc5f-64e0-43cb-b1e2-f767b680b38f,Ascent,22.0,3.0,15.0,12.0,Iron,3.0,279.857,4.0,2.0,1.0,13.0,8.0,1,0,4
634d41f9-628a-41bf-aeb8-8e3f15675f90,Summit,9.0,16.0,19.0,2.0,Iron,3.0,121.0,0.0,3.0,1.0,14.0,12.0,1,0,4
92bbfe37-80c8-4def-8bb8-0ffe7f7d5fbd,Split,8.0,9.0,18.0,8.0,Iron,3.0,130.571,0.0,2.0,0.0,8.0,13.0,1,0,4
23138f45-3d37-47a4-ab71-bcc6f9daddd9,Haven,15.0,8.0,19.0,10.0,Iron,3.0,196.792,0.0,3.0,1.0,13.0,11.0,0,0,4
01f66987-6c52-4cda-a083-0d9025f45e4d,Sunset,11.0,6.0,15.0,9.0,Iron,3.0,144.238,1.0,3.0,2.0,13.0,8.0,0,0,4
ecdcc0a7-31f5-484c-9bd3-691bf3f19f5c,Ascent,20.0,7.0,17.0,20.0,Iron,3.0,292.318,3.0,2.0,1.0,13.0,9.0,0,0,4
af4e3a68-d81f-40d4-88f6-0ec54fe16847,Split,15.0,3.0,24.0,11.0,Bronze,1.0,159.923,0.0,5.0,0.0,12.0,14.0,0,0,4
9706390d-17e8-480b-9894-179adc069afe,Summit,19.0,6.0,13.0,12.0,Iron,3.0,220.417,2.0,2.0,1.0,13.0,11.0,0,0,4
21f606f6-3e71-43e6-9bc0-1d07e9fac679,Summit,14.0,4.0,11.0,6.0,Bronze,1.0,198.222,2.0,1.0,1.0,13.0,5.0,0,0,4
6fcca0fd-1d1e-4d87-973a-845f66e44d39,Lotus,7.0,4.0,11.0,4.0,Bronze,1.0,100.824,2.0,2.0,2.0,13.0,4.0,1,0,4
1b42841f-ed8f-4dcc-9466-77e4ebcae756,Ascent,16.0,6.0,6.0,8.0,Bronze,1.0,261.875,3.0,1.0,1.0,13.0,3.0,1,0,4
e7952e02-ba87-48f3-a221-e35ab8b903b4,Lotus,25.0,10.0,23.0,14.0,Bronze,1.0,287.036,4.0,4.0,0.0,13.0,15.0,1,0,4
f7b5ec42-2c29-444e-b485-41e2826cc729,Split,9.0,6.0,15.0,8.0,Bronze,1.0,183.118,2.0,1.0,0.0,4.0,13.0,0,0,4
3bfb76b1-8a39-4657-a4f8-edeaf8d2d7f9,Ascent,12.0,3.0,7.0,8.0,Bronze,1.0,225.692,1.0,1.0,1.0,13.0,0.0,1,0,4
f4f8b3bd-bac1-453c-897d-6bcf5c1491b4,Sunset,27.0,7.0,15.0,13.0,Bronze,1.0,378.857,5.0,2.0,0.0,8.0,13.0,1,0,4
4617b909-ed0c-4dc9-841f-0710dce49c87,Split,21.0,12.0,22.0,9.0,Bronze,1.0,207.5,2.0,7.0,0.0,15.0,15.0,1,0,4
02253163-08de-4d4b-8d7d-b9f3679b74b7,Breeze,19.0,3.0,17.0,8.0,Bronze,1.0,196.708,0.0,2.0,0.0,11.0,13.0,0,0,4
2d55854b-f2c9-4bf8-801a-d0fd729b4a62,Ascent,10.0,6.0,13.0,8.0,Bronze,1.0,158.947,2.0,3.0,1.0,13.0,6.0,1,0,4
61c00624-177b-4855-aa53-a78c6d0fc992,Haven,20.0,5.0,11.0,9.0,Bronze,1.0,304.789,4.0,4.0,1.0,13.0,6.0,0,0,4
ca5827b0-8a10-4e81-9194-54bbcbf2b52c,Summit,15.0,2.0,9.0,13.0,Bronze,1.0,226.889,2.0,0.0,1.0,9.0,5.0,1,1,3
06c937f2-d338-4c15-9b55-7a298ae7250f,Sunset,21.0,8.0,17.0,11.0,Bronze,1.0,254.955,3.0,1.0,0.0,9.0,13.0,1,0,4
842df8b7-57d9-4a1a-a0fa-090edc244b99,Sunset,14.0,4.0,10.0,3.0,Bronze,1.0,239.4,1.0,1.0,1.0,13.0,2.0,1,0,4
91f1fe7a-6741-4439-b6b7-c7f4a72d3c8c,Ascent,10.0,6.0,17.0,4.0,Bronze,1.0,167.5,0.0,1.0,0.0,7.0,13.0,0,0,4
c816496f-c40e-4ffb-9c69-77e296a07c4b,Haven,4.0,2.0,14.0,1.0,Bronze,1.0,97.357,1.0,3.0,0.0,1.0,13.0,0,0,4
8f4769c9-db87-41bc-9040-10af273df1d9,Lotus,15.0,6.0,17.0,9.0,Bronze,1.0,184.391,0.0,2.0,1.0,13.0,10.0,0,0,4
065b3822-6414-4ad9-9c75-750a0170d618,Summit,21.0,5.0,20.0,15.0,Bronze,1.0,237.692,3.0,2.0,1.0,14.0,12.0,1,0,4
92003220-e080-4902-a57d-13e8bcecde94,Ascent,18.0,5.0,22.0,10.0,Bronze,1.0,209.5,4.0,7.0,2.0,14.0,12.0,0,0,4
6a67a6eb-d8e0-4ace-83b3-d0ef72be8cf9,Ascent,20.0,2.0,16.0,7.0,Bronze,1.0,227.167,1.0,4.0,0.0,11.0,13.0,0,0,4
c628b3fa-7878-4bfa-874c-3751f5a07256,Sunset,20.0,4.0,18.0,11.0,Bronze,1.0,246.417,0.0,2.0,0.0,11.0,13.0,1,0,4
3ef2cf4d-ef3e-4c15-97f7-53425de5c9da,Haven,8.0,6.0,15.0,3.0,Unrated,,140.25,2.0,4.0,0.0,7.0,13.0,1,0,4
a963a667-5ff4-464e-b265-5eff5132ef89,Lotus,15.0,3.0,19.0,7.0,Bronze,1.0,228.952,3.0,5.0,0.0,8.0,13.0,0,0,4
f5452833-048e-4241-ba8f-383fbf69d63d,Ascent,16.0,4.0,18.0,9.0,Bronze,1.0,248.789,4.0,3.0,0.0,6.0,13.0,1,0,4
accabbfa-fb69-4c4f-ba33-d1717e9efaa7,Haven,29.0,3.0,14.0,16.0,Bronze,1.0,359.591,4.0,1.0,1.0,13.0,9.0,0,0,4
5ab18bf9-1c96-4081-a110-e71ab6cfb9d0,Split,21.0,10.0,16.0,12.0,Bronze,1.0,262.083,4.0,2.0,0.0,11.0,13.0,1,0,4
8d681448-c358-4e24-b005-1eca092ac988,Abyss,5.0,4.0,14.0,4.0,Bronze,1.0,98.941,2.0,0.0,0.0,4.0,13.0,1,0,4
b3081c50-d927-41ac-a735-8ce3ee891ade,Summit,15.0,2.0,17.0,7.0,Iron,3.0,204.952,1.0,1.0,0.0,8.0,13.0,1,0,4
8b2c60bf-723b-4966-8268-3048ed8e2bbc,Abyss,7.0,2.0,15.0,4.0,Bronze,1.0,118.0,1.0,3.0,0.0,5.0,13.0,0,0,4
061f5070-da66-4e08-a646-151837bdef1f,Haven,16.0,11.0,15.0,11.0,Iron,3.0,219.273,2.0,1.0,1.0,13.0,9.0,0,0,4
516c0552-432e-442a-9a52-43b693af6f05,Haven,35.0,4.0,13.0,18.0,Iron,3.0,403.13,5.0,3.0,2.0,13.0,10.0,0,0,4
422ba4fd-a5e7-4e9f-b849-b7650970bba1,Lotus,13.0,11.0,12.0,7.0,Iron,3.0,203.167,1.0,1.0,3.0,13.0,5.0,0,0,4
6c3235ce-6528-4ebc-b688-26c885bbe7aa,Sunset,16.0,3.0,6.0,7.0,Bronze,1.0,306.214,2.0,1.0,1.0,11.0,1.0,1,0,4
98e777b4-b3f7-4e1b-ad89-a3350a9d1476,Lotus,9.0,1.0,3.0,4.0,Bronze,1.0,170.067,1.0,1.0,2.0,10.0,2.0,1,0,4
a6824ea0-c929-46ca-bc99-a618b9530432,Abyss,9.0,8.0,15.0,4.0,Bronze,1.0,144.105,0.0,3.0,1.0,13.0,6.0,0,0,4
a8e31911-2ad7-42d6-bfb9-29a1dd7ed8ce,Ascent,16.0,2.0,18.0,4.0,Bronze,1.0,209.762,1.0,5.0,0.0,8.0,13.0,0,0,4
a3dadf90-88c2-422d-9738-6a9eb247fb41,Split,7.0,4.0,15.0,5.0,Bronze,1.0,149.25,1.0,4.0,0.0,3.0,13.0,0,0,4
7ff76972-b682-4b53-971b-fdde6e9307bc,Abyss,11.0,7.0,17.0,4.0,Bronze,1.0,135.0,0.0,3.0,0.0,9.0,13.0,1,0,4
3e682b66-3338-4d20-b6df-80d78941c956,Lotus,25.0,6.0,13.0,14.0,Bronze,1.0,305.636,2.0,0.0,1.0,13.0,9.0,0,0,4
072737c5-542a-4a18-8c39-1f45f2ba7847,Split,9.0,9.0,16.0,7.0,Bronze,1.0,146.0,1.0,2.0,0.0,9.0,13.0,0,0,4
231e4d5e-4331-4148-9bd3-83206350a976,Lotus,2.0,0.0,3.0,2.0,Bronze,1.0,34.5,1.0,0.0,1.0,5.0,1.0,0,0,4
f76c9e2f-33f7-468f-be05-0083b277f44d,Haven,9.0,1.0,16.0,8.0,Gold,3.0,145.722,2.0,5.0,0.0,5.0,13.0,1,0,4
2ca43dc5-8f5e-4515-9087-d2ad83762322,Split,21.0,7.0,13.0,16.0,Gold,3.0,296.85,2.0,1.0,1.0,13.0,7.0,1,0,4
30184e30-f07d-4540-ab0e-c8603c4e66a4,Pearl,26.0,5.0,22.0,22.0,Gold,3.0,299.462,4.0,1.0,2.0,14.0,12.0,1,0,4
e6d5cad2-8b3c-47ee-8076-e40d474a505f,Fracture,8.0,1.0,15.0,6.0,Gold,3.0,136.412,3.0,0.0,0.0,4.0,13.0,1,0,4
dd00236a-3f82-454e-b8b0-77558805c71f,Pearl,33.0,4.0,17.0,22.0,Gold,2.0,392.083,5.0,4.0,1.0,13.0,11.0,1,0,4
244287c8-ca72-4c74-b01c-f1a8015654a6,Haven,11.0,4.0,15.0,6.0,Platinum,3.0,170.842,3.0,2.0,0.0,6.0,13.0,1,0,4
8a4e70ba-bc64-42b8-8f70-748cbfae9f61,Summit,14.0,5.0,20.0,12.0,Platinum,3.0,191.565,3.0,0.0,0.0,10.0,13.0,1,0,4
1e505de2-504f-4647-b410-e7c162300469,Sunset,12.0,8.0,17.0,10.0,Platinum,3.0,154.917,0.0,0.0,1.0,13.0,11.0,1,0,4
de4121c0-0fa3-4890-861b-1163544ac639,Haven,21.0,8.0,21.0,19.0,Platinum,3.0,213.567,5.0,2.0,2.0,16.0,14.0,1,0,4
e74e46aa-959f-4b80-92fe-81b791f9f264,Split,11.0,9.0,16.0,11.0,Platinum,3.0,148.478,1.0,0.0,0.0,10.0,13.0,1,2,2
a922e157-b977-492a-ac38-99c8afa501e4,Split,15.0,7.0,20.0,13.0,Platinum,3.0,204.917,6.0,0.0,0.0,11.0,13.0,1,0,4
b0bdd4d4-9aa8-4a26-bfe8-e679ea823e96,Sunset,6.0,4.0,18.0,5.0,Platinum,3.0,110.0,2.0,1.0,0.0,6.0,13.0,0,0,4
8b6e04ed-f9ee-44ac-9ecc-95fa7c3e8fc2,Summit,12.0,10.0,16.0,10.0,Platinum,3.0,197.889,1.0,0.0,0.0,5.0,13.0,0,0,4
b0d91fda-a6ed-4d4e-a6d5-71edbfb3eb75,Split,17.0,7.0,14.0,14.0,Platinum,3.0,240.684,2.0,1.0,1.0,13.0,6.0,1,0,4
3ffe630d-7369-42ed-9a7f-2b75b3a16fc6,Haven,16.0,17.0,12.0,9.0,Platinum,3.0,201.0,1.0,0.0,2.0,13.0,10.0,0,0,4
5be32e7a-be90-4a00-ba67-7eb4befaee8b,Summit,9.0,3.0,15.0,10.0,Platinum,3.0,178.765,3.0,1.0,0.0,4.0,13.0,1,0,4
dac5173d-93cb-4fb4-b3c8-3cef3e677dd2,Abyss,14.0,6.0,17.0,8.0,Platinum,3.0,186.619,2.0,3.0,0.0,8.0,13.0,0,0,4
d275b62c-f934-4b46-b47d-7c69dffa3bba,Sunset,18.0,8.0,24.0,14.0,Platinum,2.0,205.154,2.0,3.0,0.0,12.0,14.0,1,1,3
0e81d246-5e65-402e-bfbb-b04be4a1bd8a,Haven,13.0,2.0,17.0,12.0,Platinum,2.0,184.762,0.0,3.0,0.0,8.0,13.0,1,0,4
e49c11d4-df88-4526-b3cf-a55df66e0f58,Split,13.0,5.0,14.0,11.0,Platinum,2.0,213.333,6.0,3.0,1.0,13.0,5.0,1,0,4
400c61da-35f7-4be1-a195-0fe856963970,Ascent,35.0,11.0,25.0,25.0,Platinum,2.0,287.833,0.0,0.0,1.0,19.0,17.0,1,0,4
639bb920-748f-4541-a2f8-2e49e0c76141,Lotus,12.0,5.0,15.0,9.0,Platinum,2.0,176.048,2.0,1.0,2.0,13.0,8.0,1,0,4
9f6b876e-5981-465a-8e3f-18afc2d71cec,Summit,20.0,4.0,17.0,11.0,Platinum,2.0,263.818,2.0,2.0,0.0,9.0,13.0,0,0,4
7a35bbeb-a97e-4282-bf37-feb1a0335c98,Lotus,13.0,7.0,17.0,6.0,Platinum,2.0,159.304,0.0,0.0,1.0,13.0,10.0,1,0,4
a5f6f084-6db1-4009-956b-68c884d23c04,Summit,17.0,8.0,22.0,9.0,Platinum,3.0,197.923,7.0,3.0,0.0,12.0,14.0,1,0,4
4706a2c9-517e-4ac4-bdbf-5be6abcaa461,Sunset,23.0,3.0,20.0,20.0,Platinum,2.0,260.846,3.0,1.0,1.0,14.0,12.0,1,0,4
9bd0e797-36fa-433a-bb68-b25e0824acdf,Sunset,11.0,8.0,8.0,5.0,Platinum,3.0,164.059,2.0,0.0,1.0,13.0,4.0,1,0,4
a0c59279-5bc8-4574-9ec0-baf8cf943d88,Ascent,18.0,6.0,21.0,11.0,Platinum,3.0,226.667,3.0,6.0,2.0,13.0,11.0,1,0,4
76bac363-b099-4207-9d42-fd33550b28df,Abyss,13.0,6.0,20.0,8.0,Platinum,3.0,158.923,3.0,1.0,0.0,12.0,14.0,1,0,4
b41e95af-e6d7-4ac9-a799-8552aefa8b4d,Haven,24.0,13.0,22.0,13.0,Platinum,3.0,255.633,4.0,5.0,0.0,14.0,16.0,1,0,4
01122cd7-abbc-4d11-9191-29fa23c08337,Haven,10.0,6.0,17.0,3.0,Platinum,3.0,126.136,2.0,1.0,1.0,13.0,9.0,1,0,4
5ca58675-1e8c-457a-a860-6bcd61d42dc2,Ascent,12.0,7.0,6.0,7.0,Platinum,3.0,230.071,2.0,0.0,2.0,13.0,1.0,1,2,2
bf3fbe56-a6af-4ad0-a65e-9b881ec8b462,Lotus,15.0,6.0,23.0,9.0,Platinum,3.0,214.783,6.0,7.0,3.0,13.0,10.0,1,2,2
e4481173-d26c-4c43-b82e-6aff71e79b67,Haven,6.0,6.0,18.0,5.0,Platinum,3.0,93.455,2.0,4.0,0.0,9.0,13.0,1,0,4
7e4439d6-2f0a-41a0-866d-553fcb7cff01,Lotus,23.0,10.0,14.0,17.0,Platinum,3.0,270.391,4.0,3.0,1.0,13.0,10.0,1,1,3
2124a29b-d22e-400d-8fc9-2747ae1809b0,Haven,17.0,5.0,21.0,12.0,Platinum,3.0,173.679,5.0,2.0,0.0,14.0,14.0,1,0,4
0fa84d44-72c8-4bfc-83a0-d70a049f70cc,Ascent,20.0,7.0,14.0,11.0,Platinum,3.0,240.682,3.0,1.0,0.0,9.0,13.0,1,0,4
35da8926-c2c8-4ba0-9dba-91a704079dfc,Summit,9.0,3.0,17.0,4.0,Platinum,3.0,118.1,2.0,4.0,0.0,7.0,13.0,0,1,3
5f1391b9-2c43-4774-8b9b-e358186b0d5b,Split,21.0,14.0,25.0,14.0,Platinum,3.0,216.4,3.0,3.0,0.0,14.0,16.0,1,0,4
8f361819-ae78-4d1c-a8b3-5d26bce11620,Ascent,9.0,14.0,14.0,7.0,Platinum,3.0,152.158,0.0,4.0,1.0,13.0,6.0,1,0,4
a0cf161e-1302-46dd-acc2-2e7049004113,Lotus,16.0,7.0,20.0,8.0,Platinum,3.0,191.115,4.0,3.0,1.0,14.0,12.0,1,1,3
af621ef8-108d-4973-aa0f-59d270492c37,Abyss,13.0,10.0,19.0,7.0,Platinum,3.0,176.609,3.0,3.0,0.0,10.0,13.0,0,1,3
66291888-51f1-4eea-a60f-4985bda9cd3b,Ascent,18.0,6.0,16.0,15.0,Platinum,3.0,255.571,5.0,3.0,1.0,13.0,8.0,1,2,2
bacab1b3-f6d9-4b56-95f4-2994302ae81a,Lotus,15.0,5.0,20.0,9.0,Platinum,3.0,197.87,3.0,2.0,2.0,13.0,10.0,1,1,3
37caaa58-22c0-48f0-aba1-6c2c57b49af4,Sunset,22.0,5.0,16.0,19.0,Platinum,3.0,323.895,4.0,2.0,0.0,6.0,13.0,1,0,4
88cca9ec-899e-46ef-9286-22db847ee158,Sunset,13.0,5.0,13.0,8.0,Platinum,3.0,193.25,4.0,2.0,1.0,13.0,7.0,1,1,3
a664061c-3711-4f85-8a17-1f6335b6106e,Haven,4.0,2.0,16.0,3.0,Platinum,3.0,81.75,2.0,4.0,0.0,3.0,13.0,1,0,4
2d8de2b5-5d66-4148-a1ff-623b46fdf246,Lotus,15.0,11.0,19.0,13.0,Platinum,3.0,216.087,3.0,5.0,0.0,10.0,13.0,1,0,4
d5ebfa2a-35d4-4dbe-80e0-3c2f31219ab9,Split,11.0,5.0,11.0,4.0,Platinum,3.0,182.389,4.0,3.0,1.0,13.0,5.0,1,0,4
e31eacfe-3367-4403-8b3c-d1217ed1da1b,Ascent,15.0,8.0,13.0,8.0,Platinum,3.0,210.9,1.0,3.0,2.0,13.0,7.0,1,0,4
a7a3e86b-c126-4a56-9e8a-44d8dd9204d6,Haven,18.0,9.0,17.0,15.0,Platinum,3.0,246.913,2.0,0.0,3.0,13.0,10.0,1,0,4
77a8d933-9816-4882-b13a-f686b66ef86f,Haven,12.0,7.0,17.0,9.0,Diamond,1.0,178.364,1.0,2.0,0.0,9.0,13.0,1,1,3
1e987777-cd80-40f1-a627-73f6f01498a8,Sunset,16.0,7.0,18.0,13.0,Diamond,1.0,227.619,5.0,2.0,1.0,13.0,8.0,1,1,3
ec99d393-2ac1-4ae8-91f9-f74f2e7f073e,Ascent,8.0,9.0,15.0,5.0,Platinum,3.0,119.905,1.0,3.0,2.0,13.0,8.0,1,1,3
1dd52b83-0763-48cf-bca9-55370d9272eb,Haven,14.0,5.0,13.0,8.0,Platinum,3.0,180.476,1.0,0.0,3.0,13.0,8.0,1,2,2
fd7c7f61-3aef-4deb-a587-c15ffcebe8d3,Abyss,18.0,6.0,18.0,10.0,Platinum,3.0,218.13,3.0,1.0,4.0,13.0,10.0,1,1,3
57bf2330-f25b-4f9d-8395-fba10e2c0d3e,Split,12.0,9.0,14.0,9.0,Diamond,1.0,157.227,0.0,1.0,0.0,9.0,13.0,1,0,4
5c39dd7c-d8d5-47e7-a989-adc5b18797dc,Abyss,13.0,14.0,13.0,10.0,Diamond,1.0,208.3,3.0,1.0,1.0,13.0,7.0,0,1,3
a92c3cd1-a6a6-4ae5-916b-7f41ace2352c,Summit,15.0,6.0,19.0,8.0,Diamond,1.0,201.5,2.0,4.0,0.0,9.0,13.0,1,1,3
6db4ad0b-9ef4-4a40-b6a8-d90a9e5aa166,Sunset,16.0,7.0,15.0,11.0,Diamond,1.0,241.9,3.0,3.0,1.0,13.0,7.0,1,0,4
09a9497d-4de0-4204-924f-abc6a4014f6a,Split,4.0,0.0,3.0,3.0,Diamond,1.0,66.429,0.0,0.0,0.0,1.0,3.0,1,0,4
89d43b2c-db0c-4c1b-8021-cf735506ea35,Split,22.0,4.0,16.0,15.0,Diamond,1.0,325.579,6.0,2.0,0.0,6.0,13.0,1,2,2
031411d7-7113-430e-87f5-c57baf7d5a17,Split,16.0,7.0,14.0,12.0,Diamond,1.0,189.522,2.0,4.0,1.0,13.0,10.0,1,0,4
a41a1c31-091e-465c-9347-388e9e56009f,Ascent,16.0,7.0,20.0,12.0,Diamond,1.0,212.625,3.0,1.0,2.0,13.0,11.0,1,0,4
949ae17f-6e31-42b4-a6fd-75758369a784,Haven,7.0,6.0,17.0,4.0,Diamond,1.0,136.706,2.0,3.0,0.0,4.0,13.0,1,1,3
2b606866-63f5-4827-ae17-4216e45e1940,Lotus,19.0,4.0,15.0,13.0,Diamond,1.0,265.333,5.0,2.0,1.0,13.0,8.0,1,1,3
e5849eaa-7e96-4263-b33e-cf7a51cb410a,Sunset,9.0,1.0,17.0,7.0,Diamond,1.0,111.174,1.0,4.0,0.0,10.0,13.0,1,0,4
f100fb32-f000-46dd-bd61-39a495d6d4bf,Sunset,12.0,7.0,19.0,10.0,Diamond,1.0,149.769,1.0,2.0,0.0,12.0,14.0,1,0,4
de7e5719-dc33-4ca8-9974-e424eb3fc2b2,Ascent,6.0,0.0,2.0,4.0,Diamond,1.0,98.231,2.0,0.0,1.0,5.0,0.0,1,0,4
670f91e1-e2b1-4f24-ab26-1ad0083365fd,Ascent,13.0,9.0,24.0,7.0,Diamond,1.0,155.786,3.0,0.0,1.0,14.0,14.0,1,0,4
36b0feb4-6817-422f-b8a9-c5c6a2056be6,Summit,11.0,4.0,15.0,7.0,Diamond,1.0,188.944,2.0,7.0,0.0,5.0,13.0,1,0,4
8acc73f9-920a-4314-8c9b-c6f584b4ae69,Ascent,17.0,7.0,15.0,11.0,Diamond,1.0,228.727,0.0,1.0,0.0,9.0,13.0,1,1,3
3d3ffe87-d59f-4a5b-92a2-d5d7aa89e667,Lotus,19.0,6.0,14.0,15.0,Diamond,1.0,215.958,3.0,1.0,1.0,13.0,11.0,1,0,4
b5424cc2-8e91-4d26-85a1-cad39a4f0aa7,Abyss,11.0,3.0,18.0,9.0,Diamond,1.0,179.1,1.0,4.0,0.0,7.0,13.0,1,0,4
66b34b44-40df-4c6e-879d-0963b974c477,Split,13.0,9.0,21.0,12.0,Platinum,3.0,193.75,4.0,3.0,1.0,13.0,11.0,1,0,4
38440896-2c08-48ac-883b-e9e046cc31b0,Summit,15.0,4.0,22.0,17.0,Diamond,1.0,162.5,3.0,5.0,0.0,13.0,15.0,1,0,4
e6978ecc-7b39-463e-ade8-d24c9782d28a,Ascent,12.0,6.0,19.0,11.0,Diamond,1.0,172.864,2.0,4.0,0.0,9.0,13.0,1,0,4
c55649b0-cc1d-49d8-9c3d-59fd072e1095,Haven,16.0,8.0,20.0,7.0,Diamond,1.0,206.409,0.0,1.0,0.0,9.0,13.0,1,0,4
2c55e1ab-f6bc-4977-b922-8ea328c17b4b,Fracture,13.0,2.0,15.0,12.0,Diamond,1.0,145.273,3.0,0.0,1.0,13.0,9.0,0,0,4
db56099c-8a7e-4bb8-a5d9-7df7a73b8066,Haven,15.0,3.0,16.0,15.0,Diamond,1.0,255.611,4.0,4.0,0.0,5.0,13.0,1,1,3
6887a0ef-25d5-4a5e-b98a-e1aa5be29e21,Lotus,20.0,4.0,19.0,18.0,Diamond,1.0,207.964,3.0,3.0,1.0,15.0,13.0,1,1,3
ab8fb01d-d149-400e-bcb7-b2e25c8ee7fd,Ascent,16.0,5.0,15.0,9.0,Diamond,1.0,224.65,1.0,2.0,0.0,7.0,13.0,0,2,2
6f5e9dff-d078-4feb-ba02-0c1d1f5b3396,Ascent,23.0,8.0,18.0,16.0,Diamond,1.0,277.167,3.0,1.0,1.0,13.0,11.0,0,0,4
cede5538-42d8-4029-a6d4-159a6ed6450b,Fracture,10.0,2.0,16.0,8.0,Diamond,1.0,162.111,2.0,3.0,0.0,5.0,13.0,0,0,4
5601e3c4-8552-4ed6-ba36-72e26926fe63,Lotus,19.0,6.0,21.0,20.0,Diamond,1.0,206.192,2.0,8.0,0.0,12.0,14.0,1,0,4
18612531-b010-47bd-8db9-69e520857776,Haven,13.0,8.0,13.0,8.0,Diamond,1.0,179.13,1.0,2.0,1.0,13.0,10.0,0,1,3
50e1e1df-7d50-44e3-8a7e-1f4a2fcc44ce,Breeze,24.0,4.0,14.0,14.0,Diamond,1.0,258.75,5.0,1.0,2.0,13.0,11.0,1,1,3
92d28ed2-1347-432e-86e6-27b4824b1677,Ascent,9.0,5.0,17.0,6.0,Diamond,1.0,159.833,1.0,2.0,0.0,5.0,13.0,0,0,4
041ecf7b-fef7-4438-b774-e30e83ad4291,Split,10.0,4.0,14.0,5.0,Diamond,1.0,151.706,2.0,4.0,0.0,4.0,13.0,1,0,4
c7c23bc5-05e6-43bf-ae86-665bea0f3073,Pearl,8.0,9.0,15.0,7.0,Diamond,1.0,152.833,1.0,1.0,0.0,5.0,13.0,0,0,4
cc6efaa5-6695-4969-b965-21e067b57e47,Breeze,11.0,3.0,14.0,6.0,Diamond,1.0,152.947,2.0,5.0,1.0,13.0,6.0,1,0,4
0635ee01-6933-4f98-ae78-cf1734ccb11a,Breeze,15.0,11.0,10.0,14.0,Diamond,1.0,220.588,2.0,0.0,1.0,13.0,4.0,0,0,4
a509d809-d9ed-4212-b324-a1ea986cf60f,Haven,25.0,0.0,12.0,18.0,Diamond,1.0,280.619,1.0,3.0,1.0,13.0,8.0,0,0,4
98e196e0-ac68-484a-82d7-0d41d2d756c2,Breeze,20.0,4.0,12.0,15.0,Diamond,1.0,262.364,1.0,1.0,0.0,9.0,13.0,1,0,4
9694a592-7fff-479f-985a-9666f9f7bd83,Pearl,12.0,6.0,16.0,3.0,Diamond,1.0,178.682,2.0,0.0,0.0,9.0,13.0,0,0,4
87cf9af8-8e6a-46ac-9c24-5c2f273ab19a,Pearl,8.0,2.0,7.0,3.0,Diamond,1.0,121.263,3.0,2.0,1.0,13.0,6.0,0,0,4
ab455c79-4be7-4af0-85e7-f93263edf502,Lotus,21.0,4.0,12.0,15.0,Diamond,1.0,252.417,4.0,3.0,1.0,13.0,11.0,0,0,4
772106f5-cf3d-4e03-97cc-d8c0b795c1d6,Haven,13.0,2.0,14.0,8.0,Unrated,,139.0,0.0,3.0,1.0,13.0,10.0,0,0,4
baa04cdd-3d72-4cf5-9c81-ff40a6d633f1,Breeze,15.0,5.0,18.0,12.0,Unrated,,176.808,4.0,4.0,2.0,14.0,12.0,0,0,4
a9ff19f0-5254-4648-9890-1808ef19599b,Haven,11.0,4.0,8.0,7.0,Unrated,,167.0,2.0,1.0,3.0,13.0,5.0,1,0,4
1438a173-6616-47b3-a07f-63cefb812cb9,Sunset,16.0,5.0,9.0,11.0,Unrated,,228.0,3.0,0.0,4.0,13.0,5.0,1,0,4
7fff6fca-4c7d-469d-a268-d2900bcfa227,Split,14.0,9.0,17.0,12.0,Unrated,,177.708,3.0,4.0,1.0,13.0,11.0,0,0,4
b7688fd5-d181-42ec-9b8b-5ca9d2914ba6,Lotus,12.0,4.0,15.0,10.0,Platinum,1.0,153.238,0.0,4.0,0.0,8.0,13.0,0,0,4
9a07abdf-e5ad-4b77-851d-4c7bc816ee11,Split,10.0,2.0,13.0,5.0,Platinum,1.0,137.737,0.0,2.0,0.0,6.0,13.0,0,0,4
f4eb732b-7398-4098-856a-30e08fd291f2,Sunset,8.0,3.0,16.0,7.0,Platinum,1.0,130.737,1.0,3.0,0.0,6.0,13.0,0,0,4
06f78b70-e37b-4caa-b340-4d3e6402c4f2,Summit,30.0,4.0,19.0,19.0,Platinum,1.0,278.233,5.0,3.0,1.0,16.0,14.0,0,0,4
82276821-3ce1-41f1-9271-c4e330d13980,Split,3.0,1.0,1.0,3.0,Platinum,1.0,41.154,0.0,0.0,1.0,5.0,0.0,0,0,4
508b772e-69e8-4360-8620-94238dc9057c,Haven,22.0,3.0,15.0,11.0,Platinum,1.0,275.0,4.0,1.0,0.0,9.0,13.0,1,0,4
f871721a-765e-481e-b179-1084d9002018,Lotus,13.0,7.0,12.0,10.0,Platinum,1.0,191.579,0.0,0.0,1.0,13.0,6.0,1,0,4
47cbaa5a-91aa-410e-a343-5799ea3afc76,Haven,14.0,5.0,17.0,7.0,Platinum,1.0,180.609,4.0,4.0,0.0,10.0,13.0,0,0,4
0888b61a-1dab-42f7-a6f8-ee4138dc1bcf,Ascent,6.0,4.0,14.0,5.0,Platinum,1.0,115.526,1.0,2.0,0.0,6.0,13.0,0,0,4
56f412ed-907e-4904-8220-2ea4ce55c30b,Haven,19.0,3.0,15.0,15.0,Platinum,1.0,285.167,3.0,1.0,0.0,5.0,13.0,1,0,4
1d4913d9-661e-4975-af33-a83459cfff2d,Haven,20.0,7.0,12.0,9.0,Platinum,1.0,264.636,3.0,1.0,1.0,13.0,9.0,1,0,4
13f0a839-1a16-4c2b-9fec-1a419603a332,Split,11.0,5.0,16.0,10.0,Platinum,1.0,141.619,3.0,4.0,0.0,8.0,13.0,0,0,4
a849435d-61c2-4257-a595-94707e218030,Breeze,16.0,7.0,16.0,12.0,Platinum,1.0,238.7,1.0,4.0,1.0,13.0,7.0,0,0,4
2568d1b3-d5f4-4638-9877-740d7c0b9641,Sunset,11.0,5.0,15.0,7.0,Platinum,1.0,178.895,4.0,2.0,0.0,6.0,13.0,0,0,4
d779e424-ba12-4606-978b-2921c93831cc,Breeze,17.0,3.0,21.0,15.0,Platinum,1.0,183.962,4.0,3.0,0.0,12.0,14.0,0,0,4
c3607e0b-5ec9-4801-825d-66fd261c025c,Sunset,12.0,5.0,14.0,9.0,Platinum,1.0,190.611,1.0,2.0,0.0,5.0,13.0,0,0,4
abd902ea-1256-40a2-b59f-ff964066ac55,Split,9.0,3.0,10.0,4.0,Platinum,1.0,168.467,1.0,3.0,1.0,13.0,2.0,1,0,4
1585dd61-aeb1-4580-b02a-60526970d5b3,Breeze,18.0,6.0,15.0,10.0,Platinum,1.0,212.273,2.0,2.0,1.0,13.0,9.0,0,0,4
6f937a05-3815-452a-ba9e-ec124cb69d09,Split,16.0,6.0,16.0,8.0,Platinum,1.0,210.217,4.0,4.0,2.0,13.0,10.0,0,0,4
b11696ec-3676-434a-b108-f543b0170515,Lotus,10.0,7.0,16.0,5.0,Platinum,1.0,168.368,0.0,0.0,0.0,6.0,13.0,0,0,4
b3d08b04-9913-4bf0-8a23-eed824d74e78,Breeze,17.0,6.0,14.0,14.0,Platinum,1.0,259.947,3.0,2.0,0.0,6.0,13.0,0,0,4
99c0cff8-2d69-4434-b0c9-c043d4258c14,Ascent,15.0,12.0,19.0,4.0,Platinum,1.0,171.143,1.0,3.0,0.0,13.0,15.0,0,0,4
48889a44-65fa-484d-b469-3b1e589b0f1a,Summit,11.0,4.0,17.0,9.0,Platinum,1.0,139.864,1.0,2.0,1.0,13.0,9.0,1,0,4
76b81708-2b8a-43b8-9bf9-94f4760c5133,Ascent,10.0,2.0,14.0,8.0,Platinum,1.0,112.217,1.0,0.0,2.0,13.0,10.0,0,0,4
08c9413e-3cf1-4cb3-a06c-bf4c023a45a9,Split,17.0,5.0,5.0,9.0,Platinum,1.0,243.118,2.0,1.0,3.0,13.0,4.0,0,0,4
bded5082-2111-4e78-8e9f-36b7e53cb9c3,Sunset,16.0,5.0,18.0,12.0,Platinum,1.0,222.714,3.0,8.0,0.0,8.0,13.0,1,0,4
c2fc23ca-d506-466b-b548-822169135c38,Haven,14.0,4.0,10.0,11.0,Platinum,1.0,174.905,2.0,0.0,1.0,13.0,8.0,1,0,4
4d8bacd5-b135-4bea-a8e3-7e5d0656922e,Split,3.0,0.0,1.0,1.0,Platinum,1.0,64.571,1.0,1.0,1.0,7.0,1.0,0,0,4
37e18cac-1f41-4bec-b501-37fe31cf15a5,Haven,22.0,2.0,17.0,16.0,Platinum,1.0,245.261,2.0,4.0,0.0,10.0,13.0,1,0,4
9d2dbf3e-e7c8-4a32-b70d-b397ee195dae,Ascent,18.0,4.0,14.0,11.0,Platinum,2.0,287.947,1.0,2.0,0.0,6.0,13.0,0,0,4
46b940c8-d5a3-41a5-a02c-0c17fb8ca19d,Sunset,14.0,5.0,16.0,9.0,Platinum,2.0,201.81,5.0,3.0,0.0,8.0,13.0,0,0,4
7ea34d6c-6a49-4dfd-a9ec-bcb4e45bd866,Ascent,13.0,9.0,19.0,16.0,Platinum,1.0,191.087,1.0,4.0,1.0,13.0,10.0,0,0,4
34e983a9-0e17-4120-9c0d-e0b3a86fab04,Lotus,12.0,3.0,20.0,12.0,Platinum,1.0,167.5,3.0,2.0,1.0,13.0,9.0,0,0,4
b7f63105-84f1-4c95-8168-491040238c33,Split,14.0,5.0,15.0,10.0,Platinum,1.0,168.591,1.0,1.0,0.0,9.0,13.0,0,0,4
d329fa63-8761-42b2-b664-28e19fcb3f94,Split,15.0,7.0,18.0,12.0,Platinum,1.0,225.273,2.0,4.0,1.0,13.0,9.0,1,0,4
a22519c9-86a5-4346-89a8-f79c93f7c388,Summit,10.0,2.0,18.0,7.0,Platinum,1.0,133.261,5.0,3.0,0.0,10.0,13.0,1,0,4
9bc54ecc-8910-416c-adb3-97ecc0c19ccc,Haven,20.0,5.0,17.0,20.0,Platinum,1.0,263.13,6.0,4.0,0.0,10.0,13.0,1,0,4
769ff508-3a35-44a2-8568-f31af240cb18,Breeze,15.0,4.0,15.0,7.0,Platinum,1.0,233.579,2.0,1.0,0.0,6.0,13.0,0,0,4
19c42085-9635-4b53-9ea1-aacc51aba764,Breeze,12.0,4.0,15.0,7.0,Platinum,1.0,151.0,3.0,2.0,0.0,11.0,13.0,0,0,4
c2731eb2-0321-4b3c-9a86-4cb83d16b9e9,Sunset,14.0,4.0,12.0,4.0,Platinum,1.0,187.19,6.0,3.0,1.0,13.0,8.0,1,0,4
e3a75808-2e28-4197-b8e2-3607d2ff45ed,Ascent,18.0,8.0,19.0,12.0,Platinum,1.0,243.375,8.0,4.0,0.0,11.0,13.0,1,0,4
b1acdba3-7bd6-4924-bfbd-61a765284cb5,Split,13.0,7.0,20.0,12.0,Platinum,1.0,186.545,4.0,4.0,0.0,9.0,13.0,1,0,4
5a3cb0d6-4123-46e9-aba8-dd9f158884bb,Ascent,19.0,7.0,13.0,12.0,Platinum,1.0,240.522,5.0,1.0,2.0,13.0,10.0,0,0,4
0a9294bb-50dd-4e49-a7a8-446c4b55b280,Lotus,16.0,3.0,14.0,10.0,Platinum,1.0,223.7,1.0,3.0,0.0,7.0,13.0,0,0,4
97b21220-86b4-43d2-9ba8-d91ef3370e3e,Breeze,7.0,0.0,16.0,5.0,Platinum,1.0,110.278,2.0,6.0,0.0,5.0,13.0,0,0,4
a5aabaa2-aa63-4878-80ae-29a9599cc35b,Summit,10.0,11.0,20.0,9.0,Platinum,1.0,125.679,1.0,3.0,0.0,13.0,15.0,0,0,4
1ba01f18-89a5-4e8f-9da7-665efdfd3f75,Breeze,12.0,5.0,8.0,7.0,Platinum,1.0,161.25,1.0,0.0,1.0,13.0,7.0,1,0,4
3a8098df-c852-4973-8d20-f90f1034093c,Haven,10.0,4.0,15.0,9.0,Platinum,1.0,148.85,3.0,3.0,1.0,13.0,7.0,0,0,4
e5c55f70-0b55-47ea-aa80-536014ddbe59,Breeze,12.0,9.0,15.0,7.0,Platinum,1.0,161.783,1.0,1.0,2.0,13.0,10.0,0,0,4
37bd6a6d-e1a1-44b7-bbb4-ccc02b6e2efc,Summit,16.0,2.0,21.0,7.0,Platinum,1.0,172.929,5.0,4.0,1.0,15.0,13.0,1,0,4
f7a261dc-3e9e-496a-8734-9e48ef13eea3,Sunset,16.0,12.0,18.0,11.0,Platinum,1.0,231.792,5.0,3.0,2.0,13.0,11.0,1,0,4
9b9c7965-7485-4617-9657-04ef3091758f,Haven,15.0,6.0,16.0,11.0,Platinum,2.0,198.364,1.0,4.0,1.0,13.0,9.0,0,0,4
8843c109-cf53-4531-9a64-4e14bc52a4ed,Ascent,23.0,6.0,9.0,13.0,Platinum,2.0,298.0,0.0,0.0,2.0,13.0,6.0,0,0,4
0ffe995b-bd3a-4e92-8fb5-cf10bf4723a0,Sunset,9.0,2.0,16.0,5.0,Platinum,2.0,154.833,4.0,2.0,0.0,5.0,13.0,1,0,4
93bcfc29-4c1d-4351-b81b-794f2bee51e5,Ascent,16.0,7.0,13.0,14.0,Platinum,1.0,204.381,1.0,1.0,1.0,13.0,8.0,0,0,4
7273eb7f-fe7d-40c0-a1e7-89636d7df0d0,Sunset,15.0,8.0,16.0,7.0,Platinum,1.0,246.632,5.0,1.0,2.0,13.0,6.0,1,0,4
3a8b56af-fd67-467c-bde0-87336bee6f5e,Summit,13.0,5.0,16.0,11.0,Platinum,2.0,173.682,1.0,3.0,0.0,9.0,13.0,0,2,2
c3b36c7e-8616-49d8-8bfa-f3fd7dfb15fc,Ascent,15.0,3.0,11.0,7.0,Platinum,2.0,168.348,4.0,2.0,1.0,13.0,10.0,1,2,2
ba24e1ea-73ae-4d49-a097-30902265ff66,Sunset,8.0,4.0,14.0,7.0,Platinum,2.0,119.1,0.0,6.0,2.0,13.0,7.0,0,2,2
8360ac97-93ff-4a97-ace9-8fc301895196,Ascent,21.0,4.0,16.0,14.0,Platinum,2.0,275.696,2.0,0.0,0.0,10.0,13.0,1,3,1
03d2330c-b7b7-4f1a-a2ac-d18dff77a210,Split,17.0,4.0,17.0,13.0,Platinum,2.0,177.417,1.0,3.0,0.0,11.0,13.0,0,3,1
2cdf5039-ecf0-43f5-9f1f-80d76db7cdee,Breeze,21.0,6.0,17.0,17.0,Platinum,2.0,298.545,2.0,1.0,1.0,13.0,9.0,0,1,3
3d1e18ee-f4c5-41aa-9969-cb55c9d2e341,Haven,20.0,3.0,14.0,16.0,Platinum,2.0,213.5,0.0,2.0,2.0,13.0,11.0,0,1,3
c76b941f-def5-4b64-9ad3-2d2cd71e85a4,Haven,12.0,8.0,11.0,6.0,Platinum,2.0,226.0,2.0,1.0,1.0,13.0,3.0,1,1,3
44fc522d-2ca7-49a3-9195-59734e848bc1,Sunset,16.0,6.0,15.0,11.0,Platinum,2.0,197.304,2.0,2.0,0.0,10.0,13.0,0,1,3
a6e5f578-d305-4d7d-b698-798df98f0fa0,Split,13.0,4.0,5.0,10.0,Platinum,2.0,203.312,1.0,0.0,1.0,13.0,3.0,0,0,4
57be7197-7693-4c13-9796-d17fcd9ddd29,Breeze,6.0,2.0,13.0,2.0,Platinum,2.0,109.941,0.0,1.0,0.0,4.0,13.0,1,0,4
aad8a8f8-0fe1-400f-8e47-5a003d29a6b5,Breeze,15.0,2.0,13.0,8.0,Platinum,2.0,216.526,4.0,4.0,1.0,13.0,6.0,0,3,1
bf934ada-9d3d-42ca-a722-9ac50cd68d60,Sunset,12.0,5.0,19.0,8.0,Platinum,2.0,183.316,0.0,5.0,0.0,6.0,13.0,0,4,0
2b62d764-b6d6-4380-ac6b-1606eabed565,Breeze,14.0,7.0,13.0,14.0,Platinum,2.0,214.579,1.0,3.0,0.0,6.0,13.0,0,4,0
a085889e-de51-4615-9a7f-787ec3b8840f,Split,15.0,3.0,9.0,8.0,Platinum,2.0,276.4,4.0,1.0,1.0,13.0,2.0,0,4,0
8c2732ea-31f4-4ff5-aaa7-6f969569697c,Haven,16.0,2.0,19.0,14.0,Platinum,2.0,197.682,3.0,3.0,0.0,9.0,13.0,1,0,4
1965d22f-690e-495d-85db-57ae29a0adc1,Lotus,9.0,3.0,15.0,6.0,Platinum,2.0,136.947,1.0,1.0,1.0,13.0,6.0,0,4,0
ba14c776-7eba-4ef0-8067-861b921a3e2e,Lotus,12.0,3.0,8.0,6.0,Platinum,2.0,186.312,2.0,3.0,2.0,13.0,3.0,0,4,0
6a6d3835-8cdd-43a7-9b9b-aff75d795218,Ascent,15.0,4.0,18.0,8.0,Platinum,2.0,194.348,2.0,3.0,3.0,13.0,10.0,1,4,0
abe82d2f-9179-4845-9105-053c0a43fa05,Ascent,19.0,5.0,17.0,14.0,Platinum,2.0,236.87,4.0,3.0,1.0,13.0,10.0,1,3,1
b71bbd91-58d4-4fa7-9459-c1bf236cfb04,Breeze,26.0,8.0,11.0,18.0,Platinum,2.0,305.409,1.0,1.0,2.0,13.0,9.0,0,3,1
0186db08-9018-4633-8663-5bf591ef5e70,Sunset,14.0,2.0,14.0,12.0,Platinum,2.0,196.526,2.0,4.0,3.0,13.0,6.0,1,3,1
6fef0492-1ee9-43bc-8987-33ac6d86eb8e,Haven,10.0,8.0,15.0,8.0,Platinum,2.0,121.739,1.0,2.0,0.0,10.0,13.0,0,3,1
fd75a31d-c2f6-4e13-a546-158d29ef52aa,Haven,17.0,9.0,18.0,10.0,Platinum,2.0,216.458,2.0,5.0,1.0,13.0,11.0,1,3,1
b77313ad-709b-4b3a-bf67-76f1f2820f63,Sunset,25.0,2.0,15.0,19.0,Platinum,2.0,282.846,8.0,6.0,1.0,14.0,12.0,1,1,3
14fc1a72-ea37-4985-a450-c8a2922d5b7c,Lotus,21.0,5.0,13.0,16.0,Platinum,2.0,319.056,1.0,0.0,0.0,5.0,13.0,0,0,4
087d8b5d-7fc1-4e67-ac9f-664feb29e493,Summit,17.0,4.0,18.0,15.0,Platinum,2.0,180.885,1.0,3.0,1.0,14.0,12.0,0,3,1
894e728e-5691-403f-9caa-17b2fe10df18,Summit,19.0,15.0,22.0,11.0,Platinum,2.0,249.192,3.0,4.0,0.0,12.0,14.0,0,3,1
19b2a694-55b1-4466-a98c-2cec2b3fa5f1,Lotus,10.0,3.0,15.0,1.0,Platinum,2.0,119.65,1.0,3.0,1.0,13.0,7.0,0,2,2
4e4a00c7-2b5f-481e-87d1-3e7ff20555e9,Ascent,15.0,11.0,18.0,16.0,Platinum,2.0,181.077,1.0,3.0,0.0,12.0,14.0,0,3,1
e2ecfc2e-d85b-4d52-af1b-4290f1bcff6b,Sunset,14.0,8.0,14.0,9.0,Platinum,2.0,203.737,0.0,1.0,0.0,6.0,13.0,0,2,2
d482e9be-950e-4f51-86ce-dc2f39cfe154,Summit,14.0,4.0,12.0,11.0,Platinum,2.0,224.0,5.0,1.0,1.0,13.0,5.0,1,2,2
556997f7-c0fb-4ba9-9e6d-e6c99098fbbb,Summit,16.0,2.0,14.0,13.0,Platinum,2.0,231.952,4.0,1.0,0.0,8.0,13.0,1,0,4
cb732935-bd3b-4ca0-aea9-0015ed09730e,Breeze,11.0,7.0,12.0,4.0,Platinum,2.0,180.167,3.0,1.0,1.0,13.0,5.0,1,0,4
3eb8e169-41b5-4365-8e98-3545f1abb68c,Breeze,10.0,6.0,16.0,10.0,Platinum,2.0,137.87,0.0,2.0,0.0,10.0,13.0,0,0,4
3269dd87-9dda-46c9-a43a-3fc1b54b8cda,Lotus,9.0,4.0,13.0,6.0,Platinum,2.0,147.316,1.0,0.0,0.0,6.0,13.0,0,1,3
dce36dc9-2ed0-44d4-a765-d2413e4adcbc,Ascent,28.0,5.0,16.0,17.0,Platinum,2.0,360.458,9.0,2.0,0.0,11.0,13.0,0,1,3
392add97-f45b-4b62-ad92-b0f86d2718b8,Breeze,9.0,1.0,19.0,9.0,Platinum,2.0,137.95,3.0,7.0,0.0,7.0,13.0,1,1,3
8cdfdba5-0e4e-45a0-8668-1c3b18dea8f4,Haven,18.0,2.0,17.0,12.0,Platinum,2.0,236.667,5.0,4.0,0.0,8.0,13.0,0,0,4
619cc3b1-2476-41df-a1c4-da195ec5b3c0,Haven,21.0,1.0,12.0,10.0,Platinum,2.0,249.0,3.0,2.0,1.0,13.0,9.0,0,1,3
e5901bb7-1539-48fd-8924-08750a6844ba,Lotus,14.0,9.0,14.0,7.0,Platinum,2.0,170.783,1.0,0.0,2.0,13.0,10.0,1,1,3
15f7df27-e0e0-4110-b802-5c2df42f4c22,Sunset,11.0,3.0,17.0,12.0,Platinum,2.0,201.556,5.0,3.0,0.0,5.0,13.0,0,1,3
bbd13bb6-fc3f-4f59-8bfa-c8a4e40b54ca,Haven,16.0,9.0,19.0,13.0,Platinum,2.0,163.867,2.0,2.0,0.0,15.0,15.0,0,1,3
ae4cebb0-6600-471c-a4ce-52f1c8bc7ef0,Summit,18.0,7.0,16.0,14.0,Platinum,1.0,251.857,3.0,2.0,1.0,13.0,8.0,1,0,4
6ba37605-9e92-40f8-97f4-0dae4ca3fbf5,Split,14.0,5.0,18.0,11.0,Platinum,1.0,153.667,5.0,7.0,2.0,13.0,11.0,1,0,4
1ed9bb85-2b4d-41bc-b963-bfbef0761dd0,Haven,11.0,10.0,21.0,9.0,Platinum,2.0,159.167,3.0,2.0,0.0,11.0,13.0,0,0,4
8d3efa21-4204-464b-b983-d747672d4ab0,Summit,8.0,7.0,15.0,8.0,Platinum,2.0,132.4,0.0,3.0,0.0,7.0,13.0,0,0,4
c3916372-b4f5-41fa-90e0-9761bf745699,Breeze,14.0,6.0,15.0,11.0,Platinum,2.0,194.952,4.0,0.0,1.0,13.0,8.0,1,0,4
91655a13-c625-4a9c-87e9-0f7e6c4a7fd2,Ascent,21.0,8.0,20.0,15.0,Platinum,2.0,212.179,1.0,0.0,0.0,13.0,15.0,0,1,3
38fee2a6-2411-41c0-a909-d3b519a1bfb3,Abyss,14.0,4.0,15.0,11.0,Unrated,,169.522,1.0,6.0,0.0,10.0,13.0,0,1,3
32eaee06-fe22-4bf2-a0d9-ea341f6c4105,Haven,20.0,7.0,17.0,19.0,Platinum,2.0,261.714,3.0,4.0,1.0,13.0,8.0,1,0,4
b1767d65-48ad-456e-ba53-79f1c38e72af,Ascent,5.0,4.0,15.0,6.0,Platinum,2.0,110.368,0.0,0.0,0.0,6.0,13.0,1,0,4
7f2a9eca-0d23-41d1-aff5-f40198054598,Split,11.0,9.0,18.0,6.0,Platinum,2.0,139.0,2.0,1.0,0.0,10.0,13.0,0,0,4
a111f510-dbdc-4c8a-8079-2a459b132973,Abyss,15.0,8.0,11.0,8.0,Platinum,2.0,216.316,2.0,0.0,1.0,13.0,6.0,0,0,4
d68f4241-8166-4e4d-8d60-ec1919b37369,Split,14.0,5.0,16.0,5.0,Platinum,1.0,196.773,2.0,5.0,2.0,13.0,9.0,0,0,4
1bade2ff-ca6b-435d-8320-eb481963f587,Sunset,29.0,7.0,16.0,17.0,Platinum,2.0,300.786,2.0,0.0,0.0,14.0,14.0,0,0,4
fd461663-eb7a-4baf-921e-a234f3cb8814,Abyss,19.0,7.0,16.0,20.0,Platinum,2.0,270.261,6.0,2.0,0.0,10.0,13.0,1,0,4
77873119-25fd-4e17-bf6c-80e2995ab850,Ascent,26.0,1.0,12.0,14.0,Platinum,2.0,333.095,3.0,0.0,1.0,13.0,8.0,0,0,4
83151c5a-bbd2-42fb-92b1-adda3b9c9cc3,Ascent,10.0,4.0,13.0,8.0,Platinum,2.0,171.647,1.0,3.0,0.0,4.0,13.0,0,0,4
d5339fa8-275a-4240-91ff-3a27bbad62db,Abyss,30.0,0.0,12.0,21.0,Platinum,2.0,336.682,6.0,2.0,1.0,13.0,9.0,1,0,4
a5fe05ae-b24c-4630-9083-9e74b58a0b0f,Lotus,19.0,4.0,10.0,11.0,Platinum,2.0,241.6,0.0,0.0,1.0,13.0,7.0,1,1,3
1b24b985-0cd4-4667-b8d4-d0fdc3fbda6c,Sunset,13.0,2.0,21.0,12.0,Platinum,2.0,175.087,5.0,9.0,0.0,10.0,13.0,0,0,4
844f3953-d0c3-42d4-a324-7e7c8426b35d,Split,23.0,8.0,11.0,15.0,Platinum,2.0,269.045,2.0,1.0,1.0,13.0,9.0,1,0,4
f4f586b0-138f-406a-8dbc-fcac2747e9fb,Split,13.0,7.0,15.0,13.0,Platinum,2.0,164.143,1.0,1.0,0.0,8.0,13.0,0,0,4
24dfd98b-0aa3-4206-b669-6a5ece654903,Abyss,15.0,7.0,16.0,9.0,Platinum,2.0,194.333,1.0,2.0,1.0,13.0,11.0,0,0,4
572844e5-2453-4762-b123-90bbd66c29cc,Haven,20.0,1.0,7.0,10.0,Platinum,2.0,389.571,5.0,1.0,1.0,13.0,1.0,0,0,4
ae13a7e5-81da-46af-a90e-11a41c7db6e1,Lotus,12.0,4.0,16.0,6.0,Platinum,2.0,151.174,2.0,3.0,0.0,10.0,13.0,0,0,4
fabe1235-802f-4422-ad82-0ab4643aa902,Abyss,18.0,3.0,11.0,10.0,Platinum,2.0,250.895,2.0,0.0,1.0,13.0,6.0,0,0,4
6490ee76-6d1e-454f-8437-0d90722c697e,Lotus,16.0,9.0,16.0,9.0,Platinum,2.0,205.708,0.0,1.0,0.0,11.0,13.0,1,0,4
62d74133-dfd7-428d-b61b-0ae669a46855,Abyss,21.0,7.0,13.0,17.0,Platinum,2.0,352.316,3.0,1.0,0.0,6.0,13.0,0,0,4
86c96431-356d-4550-a280-a93461e761b7,Split,8.0,5.0,17.0,10.0,Platinum,2.0,107.292,0.0,3.0,0.0,11.0,13.0,1,0,4
0556808b-a4b7-4281-9cb9-7a8ac33da1bc,Sunset,16.0,2.0,9.0,6.0,Platinum,2.0,229.368,4.0,0.0,1.0,13.0,6.0,0,2,2
1e9168fa-d2d8-4d8c-bb92-4aa4b5bc655e,Haven,12.0,5.0,14.0,9.0,Platinum,2.0,183.053,1.0,2.0,0.0,6.0,13.0,0,2,2
64e57d8c-e7f4-405e-bcce-d8966477125d,Summit,12.0,9.0,8.0,7.0,Platinum,2.0,179.611,2.0,2.0,1.0,13.0,5.0,0,2,2
3bbc6c4f-ff34-47aa-a151-7c8ecc20fb0f,Split,9.0,8.0,17.0,8.0,Platinum,2.0,138.0,1.0,1.0,0.0,8.0,13.0,1,2,2
3505d54b-9b9b-41f1-a00d-8809aae81e77,Lotus,7.0,1.0,17.0,4.0,Platinum,2.0,108.158,0.0,6.0,0.0,6.0,13.0,0,0,4
46dcbf75-5096-4ab8-8dc1-def6843d2c9b,Split,12.0,7.0,18.0,6.0,Platinum,2.0,143.385,3.0,6.0,1.0,14.0,12.0,0,1,3
c7c94267-d4e1-47ff-b4cc-8d0a1ec31175,Split,8.0,9.0,6.0,7.0,Platinum,2.0,151.062,1.0,1.0,2.0,11.0,3.0,0,1,3
007b0636-27d1-43d5-90f5-b4e4e7d44907,Sunset,10.0,2.0,19.0,2.0,Platinum,2.0,125.75,2.0,4.0,0.0,7.0,13.0,0,1,3
7ed8f6da-ffc1-4a32-a19f-9a329f950c8f,Haven,13.0,4.0,10.0,9.0,Platinum,2.0,157.368,2.0,3.0,1.0,13.0,6.0,0,0,4
f4e2ddf9-9a93-4d7e-96f7-ed0f65f02f6d,Summit,11.0,0.0,14.0,8.0,Platinum,2.0,214.438,1.0,3.0,0.0,3.0,13.0,1,0,4
3c5c05aa-daf6-4a85-a568-a2e8ba6a0305,Sunset,18.0,3.0,22.0,13.0,Platinum,2.0,174.033,2.0,6.0,0.0,14.0,16.0,0,1,3
0c5c7dcb-0ea4-4d58-adad-e2b2def0ca8e,Abyss,13.0,3.0,18.0,8.0,Platinum,1.0,166.609,3.0,3.0,0.0,10.0,13.0,1,2,2
0edc23be-1575-418f-a7e1-6ec8f727c688,Lotus,10.0,7.0,14.0,5.0,Platinum,1.0,145.211,0.0,0.0,1.0,13.0,6.0,0,2,2
80a8641b-c571-4a87-afed-9ed4af421d05,Abyss,13.0,3.0,16.0,6.0,Platinum,2.0,173.632,0.0,1.0,0.0,6.0,13.0,0,2,2
339288ad-f00f-461a-9dc5-cf0f4641fac0,Haven,20.0,3.0,18.0,17.0,Platinum,2.0,220.458,2.0,2.0,1.0,13.0,11.0,1,2,2
983d4658-3ca5-4b2d-bf07-649fcf53789f,Split,12.0,8.0,20.0,9.0,Platinum,2.0,187.636,2.0,1.0,0.0,9.0,13.0,0,2,2
ac552b88-15c1-4de5-a58d-1e9760519b0e,Haven,14.0,9.0,21.0,12.0,Platinum,2.0,154.143,1.0,1.0,1.0,15.0,13.0,0,2,2
0b7e03fd-eff9-4bd4-b4ad-26bcd0f28803,Sunset,14.0,2.0,13.0,8.0,Platinum,2.0,159.9,1.0,2.0,2.0,13.0,7.0,0,2,2
3bf15283-042a-4c49-88ad-8647c87d76f2,Abyss,14.0,9.0,17.0,11.0,Bronze,2.0,212.952,1.0,2.0,1.0,13.0,8.0,1,0,4
62e24b19-3cd9-466a-9d7a-af6d03a0fe21,Summit,16.0,4.0,15.0,12.0,Bronze,2.0,207.905,1.0,1.0,0.0,8.0,13.0,1,0,4
25f06e32-4312-44f0-a026-c932de7f86f8,Summit,18.0,6.0,11.0,12.0,Bronze,2.0,268.211,2.0,3.0,1.0,13.0,6.0,1,0,4
211ab8c0-6fa3-4818-9d07-9237712d072a,Ascent,17.0,4.0,11.0,11.0,Bronze,2.0,207.053,1.0,2.0,2.0,13.0,6.0,1,0,4
fde311d0-8360-4ba5-a30c-7bf192b1ca75,Lotus,35.0,15.0,24.0,25.0,Bronze,3.0,273.235,2.0,0.0,1.0,18.0,16.0,0,0,4
11051287-fbdd-4590-88ab-cdad43a22589,Haven,5.0,4.0,15.0,5.0,Bronze,3.0,113.333,1.0,3.0,0.0,5.0,13.0,0,0,4
5039904d-3e93-4bb3-97b8-de36a14f70c2,Lotus,18.0,4.0,15.0,17.0,Bronze,3.0,249.524,3.0,0.0,2.0,13.0,8.0,0,0,4
8ca93cde-0c2e-4700-9350-343cb8582947,Ascent,12.0,12.0,25.0,10.0,Bronze,3.0,167.923,3.0,4.0,0.0,12.0,14.0,0,0,4
9b439bce-cf07-4ea6-babd-dbce0a89129e,Haven,19.0,3.0,18.0,15.0,Bronze,3.0,260.286,1.0,3.0,0.0,8.0,13.0,1,0,4
932f54e5-598f-4c2d-83bc-8dc021483c5c,Lotus,25.0,12.0,17.0,9.0,Bronze,3.0,317.208,4.0,2.0,1.0,13.0,11.0,0,0,4
dbb03068-a79d-43a9-bbae-8c9cf0d4d7b3,Haven,12.0,4.0,18.0,12.0,Bronze,3.0,211.947,1.0,2.0,0.0,6.0,13.0,0,0,4
afd76c0f-a365-437d-9e8e-37d7fc36f9af,Lotus,8.0,6.0,14.0,8.0,Bronze,3.0,208.214,3.0,1.0,0.0,1.0,13.0,1,0,4
f629332b-c75c-4909-976a-8982f75a6dfb,Sunset,19.0,4.0,16.0,14.0,Bronze,3.0,235.13,4.0,3.0,1.0,13.0,10.0,1,0,4
d0488991-d17f-4d47-bf6c-36af48a0e1be,Haven,10.0,8.0,13.0,15.0,Bronze,3.0,181.889,5.0,1.0,1.0,13.0,5.0,1,0,4
15d887d0-f21b-4770-897b-8a5132e8c070,Haven,4.0,2.0,6.0,3.0,Bronze,3.0,58.682,2.0,1.0,0.0,9.0,13.0,1,0,4
d3237be7-9188-42fa-963f-7cb89cb554ba,Lotus,14.0,4.0,8.0,10.0,Bronze,3.0,231.625,2.0,2.0,1.0,11.0,3.0,1,0,4
cf669da9-791a-4ec1-811c-3824de940a1f,Sunset,6.0,2.0,16.0,3.0,Bronze,3.0,110.375,1.0,4.0,0.0,3.0,13.0,0,0,4
43f36525-a68e-4e54-b41a-566331532184,Lotus,18.0,12.0,20.0,17.0,Bronze,3.0,218.429,5.0,4.0,0.0,13.0,15.0,1,0,4
4ab4562d-73dc-4cb0-a053-ec338c46ab4a,Abyss,23.0,9.0,16.0,21.0,Bronze,3.0,351.333,7.0,2.0,1.0,13.0,8.0,1,0,4
af3e73cf-fd7f-4c1f-a175-f21da1e0e66c,Breeze,15.0,7.0,15.0,11.0,Ascendant,2.0,228.684,1.0,0.0,1.0,13.0,6.0,0,2,2
3ece756e-0406-4a6d-bc00-33c3e1289224,Ascent,35.0,5.0,23.0,32.0,Ascendant,2.0,330.433,3.0,4.0,1.0,15.0,15.0,0,1,3
921faaa9-582a-48b7-ab28-936f04c393e6,Ascent,22.0,3.0,18.0,15.0,Ascendant,2.0,238.75,4.0,1.0,2.0,13.0,11.0,1,1,3
f1982d3e-02e7-4a05-b22d-95e464613667,Split,19.0,11.0,12.0,18.0,Ascendant,2.0,286.19,2.0,1.0,3.0,13.0,8.0,0,1,3
5cdde415-c3b4-4207-a8f1-281393fe3b59,Pearl,22.0,3.0,16.0,17.0,Ascendant,2.0,261.696,2.0,1.0,0.0,10.0,13.0,1,1,3
4715296b-8f2e-4ba1-b552-934594078cef,Breeze,21.0,6.0,13.0,16.0,Ascendant,2.0,298.8,3.0,0.0,1.0,13.0,7.0,1,0,4
134f7da1-63a9-4926-998f-c18fbdcfd9d4,Fracture,20.0,3.0,15.0,17.0,Ascendant,2.0,223.917,1.0,2.0,0.0,11.0,13.0,1,0,4
c01ead6c-2259-497b-8b8a-14c599c72b65,Breeze,10.0,10.0,19.0,8.0,Ascendant,2.0,149.15,0.0,1.0,0.0,7.0,13.0,0,0,4
72d0c1cd-6ef2-445a-8c2b-bed897cea6b8,Haven,15.0,5.0,18.0,11.0,Ascendant,2.0,211.13,2.0,2.0,0.0,10.0,13.0,1,0,4
def52268-b264-4ddb-aa8b-e0fc33d204d3,Pearl,16.0,3.0,19.0,15.0,Ascendant,2.0,214.227,1.0,3.0,0.0,9.0,13.0,1,0,4
05122e11-5c1e-4b9c-afb0-40a0451a9104,Haven,14.0,5.0,16.0,10.0,Ascendant,2.0,174.273,1.0,2.0,0.0,9.0,13.0,1,0,4
16f39c5d-be4d-499b-b32a-1e338563280f,Fracture,11.0,3.0,16.0,8.0,Ascendant,1.0,159.5,1.0,1.0,0.0,7.0,13.0,1,1,3
88175118-18cb-42c3-8468-2df3ec8312ef,Pearl,9.0,0.0,16.0,4.0,Ascendant,2.0,142.8,1.0,3.0,0.0,7.0,13.0,1,1,3
fa2aebfc-5984-44e6-a7b6-9d37639ef519,Fracture,12.0,3.0,16.0,11.0,Ascendant,1.0,186.316,1.0,1.0,0.0,6.0,13.0,0,1,3
049be9d6-0572-4bd6-b829-00d35b67d34b,Lotus,18.0,3.0,15.0,19.0,Ascendant,1.0,240.238,4.0,1.0,1.0,13.0,8.0,0,1,3
f71162e5-9c86-4049-91c4-d7ee8efd985e,Ascent,13.0,5.0,17.0,13.0,Unrated,,223.15,0.0,5.0,0.0,7.0,13.0,0,2,2
d1e55b2e-9b01-4f1f-accc-e895c0374f64,Breeze,18.0,4.0,11.0,11.0,Unrated,,234.111,1.0,2.0,1.0,13.0,5.0,1,2,2
a976d7f7-0e93-457b-9d6d-e2f1416891b8,Lotus,23.0,2.0,18.0,23.0,Unrated,,242.308,2.0,0.0,2.0,14.0,12.0,0,2,2
b4c1cfd4-4bb2-46e4-9f26-2488452bf745,Split,24.0,4.0,25.0,16.0,Unrated,,319.087,3.0,0.0,0.0,10.0,13.0,0,2,2
92207ba6-3f55-4856-a24c-1410d5e97ea1,Breeze,23.0,8.0,17.0,23.0,Unrated,,271.667,0.0,2.0,1.0,13.0,11.0,0,1,3
cf8f7080-b49f-4b3b-8684-cc66061fd2b0,Haven,15.0,7.0,16.0,12.0,Diamond,1.0,231.105,1.0,1.0,0.0,6.0,13.0,0,2,2
00344fd9-b628-4cf8-b294-760cbda73602,Split,24.0,4.0,19.0,13.0,Diamond,1.0,239.308,3.0,3.0,1.0,14.0,12.0,1,1,3
1d56f439-c923-4ace-923c-7aa8636cd5a6,Summit,9.0,3.0,15.0,5.0,Diamond,1.0,180.062,4.0,1.0,0.0,3.0,13.0,1,0,4
31513670-75cc-45db-ad87-c7745f559d52,Haven,23.0,4.0,15.0,14.0,Diamond,1.0,284.318,3.0,2.0,0.0,9.0,13.0,1,0,4
ca1769ad-fc69-4685-af79-a15c369d8480,Summit,21.0,3.0,17.0,16.0,Diamond,1.0,221.375,1.0,3.0,0.0,11.0,13.0,1,1,3
ae503b30-2931-46a9-ae47-49eec4854ff8,Summit,14.0,0.0,14.0,12.0,Diamond,1.0,235.375,1.0,0.0,0.0,3.0,13.0,1,1,3
0005998b-e4ff-429b-a6e9-2d3730540583,Lotus,27.0,4.0,15.0,22.0,Diamond,1.0,349.0,3.0,0.0,0.0,8.0,13.0,0,1,3
94a640d6-80d5-4a08-98d2-25526cd26f7f,Breeze,9.0,3.0,14.0,9.0,Diamond,1.0,141.789,2.0,2.0,1.0,13.0,6.0,0,1,3
b28c03fa-9a75-4d3a-aa8b-d1f7956c4bdb,Split,19.0,4.0,15.0,17.0,Diamond,1.0,266.8,2.0,2.0,0.0,7.0,13.0,0,1,3
3eb028ee-cf82-40eb-9895-8adadc2c5b16,Sunset,19.0,4.0,7.0,15.0,Diamond,1.0,351.765,5.0,0.0,1.0,13.0,4.0,1,1,3
737d0ca0-3591-48a2-b1ad-8df014236fd1,Sunset,21.0,5.0,9.0,18.0,Diamond,1.0,330.588,4.0,0.0,2.0,13.0,4.0,1,0,4
6f3f725c-61af-443e-acda-2a546dfd5e74,Ascent,14.0,9.0,19.0,8.0,Diamond,1.0,189.458,4.0,1.0,0.0,11.0,13.0,1,0,4
7d73439b-b67e-4448-929b-7313fc764ea2,Breeze,13.0,1.0,18.0,14.0,Diamond,1.0,208.647,0.0,2.0,0.0,4.0,13.0,0,0,4
bd1a29a3-b732-4906-aea5-c8c707b6ee1b,Summit,17.0,4.0,15.0,17.0,Diamond,1.0,223.261,4.0,1.0,1.0,13.0,10.0,1,0,4
7aac890f-6656-43b1-b487-733a3646ad38,Split,18.0,7.0,19.0,18.0,Diamond,1.0,219.333,2.0,3.0,0.0,11.0,13.0,0,0,4
be8cc0c6-690d-423a-97ff-0946d0d2356a,Haven,10.0,4.0,15.0,12.0,Diamond,1.0,182.882,2.0,1.0,0.0,4.0,13.0,1,1,3
40094cdc-1d7d-46f2-a45b-4ddff0117be7,Lotus,13.0,4.0,12.0,12.0,Diamond,1.0,230.188,3.0,2.0,1.0,13.0,3.0,0,1,3
88a2788f-2a14-4ced-ae8d-f3ffd5c3e4af,Lotus,26.0,4.0,21.0,16.0,Diamond,1.0,224.433,2.0,2.0,0.0,14.0,16.0,1,1,3
0ca5df82-3f78-4e04-847e-c9e0f0441f13,Breeze,15.0,1.0,16.0,12.0,Diamond,1.0,270.412,3.0,3.0,0.0,4.0,13.0,1,1,3
9feb1a4b-e17c-4262-9758-ed06ba6cfe19,Split,25.0,6.0,16.0,16.0,Diamond,1.0,313.333,8.0,0.0,1.0,13.0,11.0,1,1,3
d45ab7a1-ea6e-45e4-8f9f-88218d32f966,Lotus,25.0,5.0,12.0,22.0,Diamond,1.0,354.632,3.0,1.0,2.0,13.0,6.0,1,1,3
8d71f16c-849c-4e5e-8ed9-749de6c14877,Breeze,19.0,5.0,11.0,14.0,Diamond,1.0,271.9,2.0,1.0,1.0,13.0,7.0,1,0,4
0f05c296-b1a9-43ec-8a27-a916a1380dda,Haven,21.0,1.0,15.0,20.0,Diamond,1.0,273.381,4.0,1.0,0.0,8.0,13.0,1,1,3
65932ed7-2a37-4675-bbef-88db4c9ee2ae,Lotus,16.0,6.0,19.0,15.0,Diamond,1.0,216.292,3.0,8.0,0.0,11.0,13.0,1,0,4
709f4e00-7a29-46cb-8b34-625d76a1c93d,Haven,17.0,2.0,10.0,13.0,Diamond,1.0,281.647,4.0,1.0,1.0,13.0,4.0,1,1,3
25959f44-7239-46fa-b797-dcb3ae883f2c,Split,12.0,4.0,13.0,8.0,Diamond,1.0,155.143,1.0,1.0,2.0,13.0,8.0,1,1,3
e4865c56-d230-4398-a232-df500812585e,Breeze,15.0,4.0,17.0,12.0,Diamond,1.0,193.375,3.0,3.0,0.0,11.0,13.0,1,1,3
b1ffd3e0-6487-44c1-a132-8574c7051d76,Split,19.0,1.0,9.0,12.0,Diamond,1.0,366.143,3.0,0.0,1.0,13.0,1.0,0,1,3
8b1ea59d-db25-4fa9-a06a-18ca4a4c191d,Haven,23.0,12.0,16.0,18.0,Diamond,2.0,303.391,7.0,1.0,1.0,13.0,10.0,0,0,4
53843c5a-453f-41ac-9452-5f4c5cf0c70a,Sunset,26.0,9.0,13.0,19.0,Diamond,2.0,351.2,5.0,0.0,2.0,13.0,7.0,0,0,4
1bd9c20d-fc6c-41cd-985f-c08bb7ce5c57,Sunset,21.0,4.0,22.0,18.0,Diamond,2.0,217.538,1.0,2.0,0.0,12.0,14.0,1,0,4
9fb47921-286c-4216-8ee8-bb6b254bb64a,Lotus,13.0,7.0,22.0,10.0,Diamond,2.0,177.077,3.0,2.0,0.0,12.0,14.0,0,0,4
1da4afc6-d8a9-490b-8f1f-65b45627e26a,Summit,17.0,4.0,17.0,11.0,Diamond,2.0,212.0,2.0,2.0,0.0,11.0,13.0,0,0,4
2eb39502-2016-4a69-9487-7587ba31313b,Breeze,23.0,6.0,18.0,19.0,Diamond,2.0,260.591,0.0,0.0,1.0,13.0,9.0,1,1,3
f6fa7e64-aef2-4ff0-b05d-1a72bdb38c6c,Lotus,15.0,7.0,24.0,12.0,Diamond,2.0,186.462,2.0,2.0,0.0,12.0,14.0,0,1,3
caeb9846-9676-4d76-88bd-4426249c469f,Ascent,17.0,9.0,17.0,14.0,Diamond,2.0,270.5,2.0,1.0,1.0,13.0,7.0,1,0,4
b69d4051-3530-4ac6-86b9-51a047a65628,Ascent,9.0,8.0,13.0,10.0,Diamond,2.0,134.0,2.0,1.0,1.0,13.0,6.0,1,0,4
e1ae3d0f-1bc9-48dc-baba-2a5f1646eca0,Summit,14.0,11.0,18.0,14.0,Diamond,2.0,216.227,3.0,3.0,0.0,9.0,13.0,0,1,3
b5ae1cf9-586f-4ec4-8f8f-38fd4d778b7e,Summit,11.0,4.0,19.0,11.0,Diamond,2.0,133.625,1.0,3.0,0.0,11.0,13.0,0,1,3
082377c2-9d3b-4ea9-9b6e-f3072b897994,Breeze,11.0,3.0,17.0,6.0,Diamond,2.0,127.333,2.0,2.0,1.0,13.0,11.0,0,1,3
ec890b50-435d-4db3-81ab-00c3292388e2,Ascent,23.0,5.0,15.0,20.0,Diamond,2.0,284.136,1.0,1.0,0.0,9.0,13.0,0,0,4
5edf3232-a8f5-4035-b351-c13fdb6e85ad,Lotus,9.0,1.0,15.0,8.0,Diamond,2.0,190.643,1.0,1.0,0.0,1.0,13.0,1,0,4
70283ba8-f7fd-4c83-8758-b381eedb2c44,Breeze,21.0,7.0,20.0,19.0,Diamond,2.0,285.13,1.0,2.0,1.0,13.0,10.0,1,0,4
9e9ddd0f-1e1d-4a8d-b8ff-8fa0fb8c6f07,Lotus,24.0,8.0,17.0,17.0,Diamond,2.0,318.739,3.0,2.0,0.0,10.0,13.0,0,1,3
c5788334-04cc-4659-86ff-01855406c07f,Sunset,19.0,3.0,20.0,16.0,Diamond,2.0,212.5,2.0,3.0,0.0,12.0,14.0,0,1,3
c96510aa-2e53-418c-b4a6-8e4f1b6c60c8,Ascent,11.0,9.0,13.0,8.0,Diamond,2.0,167.368,1.0,2.0,0.0,6.0,13.0,0,1,3
8510d006-8506-4cc2-9e2f-310bd83299b7,Summit,15.0,10.0,16.0,10.0,Diamond,2.0,160.375,2.0,1.0,1.0,13.0,11.0,0,1,3
77866499-3fb0-4044-8565-3522d7411fa8,Summit,19.0,7.0,9.0,17.0,Diamond,2.0,295.941,2.0,0.0,2.0,13.0,4.0,0,0,4
cb6fc96f-0ce3-4423-9830-8b1a3d84850b,Ascent,27.0,6.0,18.0,23.0,Diamond,2.0,405.952,6.0,1.0,0.0,8.0,13.0,0,1,3
e409579c-94c6-4ac0-b4dc-9e3a9c56c73a,Haven,9.0,7.0,14.0,5.0,Diamond,2.0,158.632,0.0,2.0,0.0,6.0,13.0,0,0,4
9ef0d66e-60e1-47b7-a3e6-3a02a9d516f7,Breeze,21.0,5.0,15.0,16.0,Diamond,2.0,243.478,4.0,3.0,1.0,13.0,10.0,1,0,4
d1131fe2-8154-4882-b0d0-50addb128d33,Ascent,26.0,8.0,22.0,25.0,Diamond,2.0,284.042,3.0,2.0,0.0,11.0,13.0,0,0,4
50fd3683-dfaa-489d-b537-1bf1cae80f13,Haven,20.0,7.0,14.0,21.0,Diamond,2.0,266.318,1.0,2.0,1.0,13.0,9.0,1,0,4
2a96e097-9410-4425-92c9-c5099ad7b090,Summit,7.0,4.0,17.0,9.0,Diamond,2.0,120.35,1.0,1.0,0.0,7.0,13.0,0,0,4
b6121741-3491-4a54-88d6-f26b93bd2bf7,Ascent,10.0,5.0,14.0,8.0,Diamond,2.0,127.762,0.0,1.0,0.0,8.0,13.0,0,1,3
88e51d5c-6819-4c26-8fe1-823f70a25473,Lotus,17.0,13.0,7.0,13.0,Diamond,2.0,237.118,1.0,0.0,1.0,13.0,4.0,0,1,3
0bf3931d-8db9-4dd4-98ef-5d17443a29c4,Breeze,10.0,5.0,16.0,8.0,Diamond,2.0,142.261,1.0,5.0,0.0,10.0,13.0,1,1,3
78df0a0a-9610-4826-b2ff-a68ddf6056c0,Split,6.0,5.0,14.0,5.0,Diamond,2.0,137.625,0.0,2.0,0.0,3.0,13.0,0,1,3
dc14ec8b-8999-49d5-84c4-e9e88915b740,Ascent,9.0,8.0,14.0,10.0,Diamond,2.0,136.261,0.0,3.0,0.0,10.0,13.0,0,1,3
ac536d26-d3c0-43f9-a8f2-caf42b9a82e8,Summit,19.0,12.0,14.0,14.0,Diamond,2.0,246.0,0.0,0.0,1.0,13.0,9.0,0,1,3
23827cef-67e5-4eec-884a-669e6598d174,Split,15.0,10.0,16.0,12.0,Diamond,1.0,210.8,0.0,0.0,1.0,13.0,7.0,1,1,3
329116fc-3c49-4abe-a377-2fab23b23629,Lotus,28.0,7.0,18.0,26.0,Diamond,2.0,336.522,2.0,1.0,0.0,10.0,13.0,1,1,3
5a1ddaba-b7fe-44fd-9859-be44ae7bd83e,Breeze,25.0,3.0,14.0,12.0,Diamond,2.0,299.773,2.0,2.0,1.0,13.0,9.0,0,1,3
fe5caf2d-45c2-4849-919b-1a73883324bf,Sunset,15.0,6.0,16.0,13.0,Diamond,2.0,240.368,3.0,2.0,0.0,6.0,13.0,0,2,2
10656bc8-439c-4518-bdcf-141c2bb771ec,Summit,25.0,8.0,19.0,23.0,Diamond,2.0,265.714,1.0,2.0,0.0,14.0,14.0,1,2,2
a25dea3d-7f73-4b05-8e0f-d3fa6c7bfc72,Breeze,24.0,4.0,19.0,17.0,Diamond,2.0,262.577,1.0,4.0,0.0,12.0,14.0,0,1,3
89b7f2aa-9c2d-4d61-86e0-6ca25b725e51,Ascent,15.0,4.0,12.0,9.0,Diamond,2.0,227.737,2.0,1.0,1.0,13.0,6.0,0,1,3
d54b44f4-542a-4293-a9cb-78a703b5fd9b,Sunset,16.0,3.0,18.0,9.0,Diamond,2.0,191.238,1.0,2.0,0.0,8.0,13.0,1,1,3
d0861bfe-2e45-4373-bcad-e639d8ee3cec,Split,19.0,3.0,18.0,15.0,Diamond,2.0,217.583,1.0,3.0,0.0,11.0,13.0,1,1,3
23b53c3a-df22-4283-b047-0bd93ea6f6e2,Haven,18.0,13.0,15.0,13.0,Diamond,2.0,291.409,4.0,3.0,1.0,13.0,9.0,0,1,3
19ab758a-4a5e-46f1-8344-bfffc79fb0e7,Split,29.0,5.0,13.0,26.0,Diamond,2.0,328.625,1.0,1.0,1.0,13.0,11.0,1,1,3
60931eeb-0352-46b3-a4c2-41f82c870372,Summit,10.0,7.0,15.0,8.0,Diamond,2.0,126.042,1.0,2.0,1.0,13.0,11.0,0,0,4
6c5aa14c-094a-41db-8cb0-c2c114473716,Lotus,27.0,6.0,18.0,21.0,Diamond,2.0,273.607,4.0,1.0,0.0,14.0,14.0,1,2,2
cda630ed-acc7-496b-955c-462e6e22bcaf,Ascent,17.0,9.0,14.0,18.0,Diamond,2.0,310.471,1.0,1.0,0.0,4.0,13.0,0,2,2
b213e0bb-e52a-488e-883e-6ea08267f582,Breeze,21.0,3.0,14.0,22.0,Diamond,2.0,280.952,1.0,0.0,1.0,13.0,8.0,1,1,3
6c48e14b-af5b-46ea-a904-2d44f2d5883e,Summit,28.0,5.0,12.0,24.0,Diamond,2.0,358.095,0.0,1.0,2.0,13.0,8.0,0,1,3
9566e16a-b541-47f2-8fbf-9517584a9ae7,Sunset,21.0,7.0,15.0,18.0,Diamond,2.0,294.25,3.0,2.0,1.0,13.0,7.0,0,1,3
66bf0c48-a62b-4674-b745-de30839b4d61,Split,20.0,6.0,16.0,23.0,Diamond,2.0,252.042,0.0,3.0,2.0,13.0,11.0,0,1,3
ac2102a1-c51c-4a4d-bf5f-52146d7f4bf5,Lotus,16.0,8.0,18.0,13.0,Diamond,3.0,227.783,5.0,5.0,1.0,13.0,10.0,0,2,2
c5ba62bf-b5c2-40b4-83bc-3d41c743856d,Summit,18.0,4.0,18.0,17.0,Diamond,3.0,285.4,6.0,1.0,0.0,7.0,13.0,0,3,1
448bd133-2136-4cd3-bd59-68cdb6e818f1,Haven,23.0,3.0,9.0,16.0,Diamond,3.0,284.429,3.0,2.0,1.0,13.0,8.0,1,2,2
017222a6-b16b-4676-b41e-7a61800fda4b,Ascent,22.0,12.0,11.0,21.0,Diamond,3.0,287.636,0.0,0.0,2.0,13.0,9.0,0,2,2
69cf8a07-8780-4b28-b4a0-ed543a514853,Lotus,8.0,6.0,19.0,7.0,Diamond,3.0,120.818,0.0,2.0,0.0,9.0,13.0,0,1,3
6a6b6ec4-9a1c-472d-8850-eaab51205d2a,Haven,6.0,5.0,19.0,6.0,Unrated,,86.435,0.0,1.0,0.0,10.0,13.0,1,0,4
3abc8299-0fd2-4480-b9aa-4a5c2492b6f6,Fracture,16.0,3.0,13.0,10.0,Platinum,3.0,193.591,3.0,4.0,1.0,13.0,9.0,1,3,1
eb701524-28f9-42f6-afb7-31513486d5a8,Pearl,21.0,7.0,19.0,19.0,Platinum,3.0,256.542,4.0,2.0,0.0,11.0,13.0,0,3,1
82ab8458-b655-4d15-afbc-079826936df0,Haven,12.0,1.0,20.0,8.0,Platinum,3.0,165.864,4.0,2.0,0.0,9.0,13.0,1,3,1
5d98db81-fd46-4b99-b758-879d33c737ef,Lotus,23.0,2.0,17.0,13.0,Platinum,3.0,232.885,2.0,1.0,1.0,14.0,12.0,0,1,3
32be6ea9-89ea-406e-9d4c-df8230795197,Split,21.0,4.0,18.0,14.0,Diamond,1.0,212.964,2.0,1.0,1.0,15.0,13.0,0,1,3
26f95c48-8d7b-49b1-871a-babab7a184f9,Breeze,14.0,4.0,13.0,11.0,Diamond,1.0,252.438,1.0,2.0,0.0,3.0,13.0,0,1,3
0cdd600f-a5ed-471d-a074-add31096aae4,Pearl,14.0,3.0,17.0,11.0,Diamond,1.0,199.2,3.0,4.0,0.0,7.0,13.0,1,2,2
c6bed165-9c7c-4f01-84c9-3324f3ed194f,Haven,12.0,5.0,17.0,8.0,Platinum,3.0,166.348,4.0,3.0,1.0,13.0,10.0,0,1,3
1435bad2-97eb-44ce-9bc5-3b2f2cbe59d3,Fracture,22.0,3.0,16.0,15.0,Platinum,3.0,251.667,2.0,1.0,2.0,13.0,11.0,0,1,3
5c6725e4-284d-499e-a8fa-894752df79db,Ascent,14.0,4.0,17.0,13.0,Diamond,1.0,204.143,0.0,5.0,0.0,8.0,13.0,1,1,3
aa4e77b4-a2e0-4012-8293-235ab2afde1a,Haven,13.0,1.0,14.0,7.0,Diamond,1.0,204.353,2.0,1.0,0.0,4.0,13.0,1,3,1
b764cb0e-adbe-4120-8156-d7cdd60c805b,Ascent,19.0,2.0,19.0,15.0,Diamond,1.0,236.667,5.0,2.0,0.0,11.0,13.0,1,3,1
9e6f098c-f961-4511-8514-2bb456f4ea3f,Fracture,19.0,4.0,17.0,10.0,Platinum,3.0,230.0,4.0,1.0,1.0,13.0,11.0,1,1,3
dab3781d-f5f7-4c99-972b-d33206836d0b,Lotus,22.0,1.0,13.0,13.0,Platinum,3.0,227.0,4.0,3.0,1.0,14.0,12.0,1,2,2
c4a717dc-7e73-4e10-89b9-0111b993ae7d,Split,22.0,6.0,9.0,16.0,Platinum,3.0,359.471,5.0,1.0,2.0,13.0,4.0,0,2,2
ac299c52-cf19-4467-a4d5-a713d048c4ff,Split,16.0,0.0,16.0,10.0,Platinum,3.0,205.524,3.0,5.0,0.0,8.0,13.0,1,1,3
652eabf9-1096-4ac1-9654-c2ccb5db6ea4,Breeze,21.0,5.0,20.0,19.0,Diamond,1.0,246.042,4.0,2.0,0.0,11.0,13.0,0,2,2
b90d6aa5-02e5-40b7-bb89-18ad3996a744,Haven,11.0,1.0,16.0,11.0,Diamond,1.0,210.059,1.0,1.0,0.0,4.0,13.0,1,1,3
b288d04c-4fa0-461a-aeda-171f6f13eac4,Haven,17.0,1.0,11.0,17.0,Diamond,1.0,244.579,2.0,1.0,1.0,13.0,6.0,0,3,1
da05e78f-9768-4056-b827-4e0bcafcdbee,Fracture,19.0,4.0,13.0,18.0,Diamond,1.0,281.85,3.0,3.0,2.0,13.0,7.0,0,3,1
6d38e7af-edba-4306-b7bd-6438263f859a,Lotus,6.0,1.0,15.0,5.0,Diamond,1.0,98.0,3.0,4.0,0.0,4.0,13.0,1,3,1
ae9eb26d-10ce-4150-934d-21659420d17c,Fracture,19.0,0.0,13.0,12.0,Diamond,1.0,214.391,5.0,1.0,0.0,10.0,13.0,1,1,3
8a2cf8f2-1b57-4d1c-8471-735f441db107,Haven,25.0,1.0,14.0,15.0,Diamond,1.0,308.619,4.0,1.0,0.0,8.0,13.0,1,4,0
0e604229-7968-4bc4-8a80-8bebabccf1bd,Split,17.0,3.0,16.0,16.0,Diamond,1.0,195.348,2.0,8.0,0.0,10.0,13.0,0,2,2
d896d819-ae88-4cd6-96b8-c8264c3897b8,Haven,20.0,2.0,20.0,15.0,Diamond,1.0,217.154,3.0,2.0,0.0,12.0,14.0,0,2,2
ef08faaf-2e93-4715-8178-e617dc6b73e7,Pearl,29.0,2.0,16.0,25.0,Diamond,1.0,324.792,3.0,1.0,1.0,13.0,11.0,0,2,2
19c86dac-3b64-4dcd-b5ab-6f794f2d050d,Lotus,17.0,1.0,12.0,10.0,Diamond,1.0,187.304,2.0,1.0,2.0,13.0,10.0,1,2,2
b07baf6e-c3bd-4898-b2fe-6f952ec0b9ba,Ascent,18.0,2.0,17.0,16.0,Platinum,3.0,212.522,3.0,5.0,1.0,13.0,10.0,0,4,0
3de9e802-5006-453a-9949-14bc26236c86,Fracture,18.0,7.0,14.0,14.0,Platinum,3.0,222.609,3.0,1.0,2.0,13.0,10.0,0,4,0
97f91c84-5ef3-4e66-8672-6e6fa748831a,Pearl,18.0,2.0,16.0,13.0,Platinum,3.0,198.958,2.0,2.0,0.0,11.0,13.0,1,4,0
c9a52def-88a3-49d0-bb7b-0673fcfbf8ff,Fracture,12.0,4.0,20.0,11.0,Platinum,3.0,137.692,3.0,1.0,0.0,12.0,14.0,0,3,1
6256b154-7ddc-4a20-a253-3cd157ce854a,Pearl,18.0,5.0,20.0,12.0,Platinum,3.0,215.423,5.0,6.0,0.0,12.0,14.0,0,1,3
37080fe8-4b43-431d-b730-f7b24256c742,Breeze,26.0,6.0,11.0,24.0,Platinum,3.0,310.318,1.0,0.0,1.0,13.0,9.0,0,2,2
c658b41d-324b-4c31-8e83-2c999f0bfa48,Haven,21.0,3.0,14.0,16.0,Platinum,3.0,275.045,1.0,4.0,0.0,9.0,13.0,1,3,1
6b406759-1703-4bd9-8724-960e3338928d,Haven,13.0,0.0,7.0,10.0,Platinum,3.0,206.529,5.0,2.0,1.0,13.0,4.0,1,3,1
098680ab-5c97-4472-bb5a-b84c8af18167,Ascent,23.0,5.0,15.0,15.0,Platinum,3.0,273.708,3.0,2.0,2.0,13.0,11.0,1,3,1
abc969a4-9c43-4eea-9286-5e1cfb4b635b,Lotus,25.0,1.0,14.0,9.0,Platinum,3.0,303.826,7.0,2.0,1.0,13.0,10.0,1,2,2
a3e2112c-48a4-4b03-9f89-8506bfeeee5a,Ascent,18.0,2.0,16.0,14.0,Diamond,1.0,219.045,4.0,2.0,0.0,9.0,13.0,1,1,3
db5a22b2-8342-441b-b7be-691f35317d04,Haven,13.0,11.0,20.0,13.0,Diamond,1.0,159.385,3.0,2.0,1.0,14.0,12.0,0,1,3
97d6e11e-9f5a-448d-862a-4a40ac54c7a9,Ascent,18.0,8.0,24.0,17.0,Platinum,2.0,196.536,5.0,2.0,1.0,15.0,13.0,0,3,1
038364d6-29e6-4535-9aa7-c872455473f5,Split,24.0,5.0,18.0,23.0,Platinum,2.0,261.923,2.0,3.0,0.0,12.0,14.0,1,4,0
181140c8-4ff7-40bf-bca7-ac3f47770821,Lotus,16.0,2.0,11.0,14.0,Platinum,2.0,237.211,3.0,1.0,1.0,13.0,6.0,1,3,1
14c8c41d-9ae8-4caa-a4b0-ab44aeca844e,Breeze,11.0,2.0,8.0,9.0,Platinum,1.0,167.176,3.0,1.0,2.0,13.0,4.0,0,3,1
b7936c38-b2cf-4440-8c25-190a4f15a9dd,Split,16.0,5.0,16.0,13.0,Platinum,1.0,199.958,2.0,2.0,3.0,13.0,11.0,0,2,2
07170873-1434-4793-b3c9-54897b7fa53f,Lotus,20.0,6.0,17.0,18.0,Platinum,2.0,278.409,4.0,5.0,1.0,13.0,9.0,0,2,2
ff26ca27-a072-4412-a64e-8f2934758702,Breeze,16.0,5.0,13.0,15.0,Platinum,2.0,261.667,5.0,2.0,2.0,13.0,5.0,0,1,3
e886a6d8-c9de-4d58-b6f9-73b157ed0eb1,Summit,14.0,2.0,8.0,13.0,Platinum,2.0,233.294,3.0,0.0,3.0,13.0,4.0,0,0,4
88625a37-03b5-4594-9b97-d5ecd94b4786,Split,5.0,2.0,12.0,2.0,Platinum,2.0,78.333,0.0,1.0,0.0,5.0,13.0,1,1,3
756ff435-ebd2-44a8-b28f-5728eb03d4af,Breeze,12.0,3.0,12.0,6.0,Platinum,2.0,160.3,0.0,1.0,0.0,7.0,13.0,1,1,3
ec0014e0-70fc-4015-8831-bc95086c62c3,Ascent,11.0,2.0,17.0,7.0,Platinum,2.0,148.19,3.0,4.0,0.0,8.0,13.0,0,1,3
decf197a-3ee1-4ef2-b9cd-c7f32eb2ce61,Split,14.0,4.0,16.0,15.0,Platinum,2.0,183.095,0.0,2.0,0.0,8.0,13.0,0,0,4
362cee2f-3376-4e49-8be6-a79462fc2505,Lotus,12.0,4.0,14.0,11.0,Platinum,2.0,196.294,1.0,2.0,0.0,4.0,13.0,1,0,4
40c76735-42ad-4a2f-af81-08aab6e81db0,Summit,29.0,11.0,18.0,25.0,Platinum,2.0,256.3,0.0,1.0,1.0,16.0,14.0,0,0,4
9920e06d-2206-4355-96bd-c937fd336dea,Split,15.0,10.0,17.0,15.0,Platinum,2.0,200.261,4.0,0.0,0.0,10.0,13.0,1,0,4
ced083b9-d290-4509-bf69-8606f7343a66,Sunset,23.0,5.0,16.0,21.0,Platinum,2.0,239.536,4.0,0.0,0.0,13.0,15.0,1,1,3
ce869c31-a606-436d-b0b5-84c3b234d153,Breeze,12.0,2.0,18.0,13.0,Platinum,2.0,174.286,2.0,0.0,0.0,8.0,13.0,1,0,4
2120fcff-cf7c-4f8b-a20b-87ec34df6c09,Sunset,21.0,3.0,13.0,18.0,Platinum,2.0,268.048,3.0,0.0,1.0,13.0,8.0,1,0,4
5a8e505c-e672-4421-abac-d76bc9192d6f,Summit,13.0,3.0,17.0,16.0,Platinum,2.0,220.222,6.0,1.0,0.0,5.0,13.0,1,1,3
b84b6c69-3a26-4c24-bcf0-3287d9344f36,Breeze,16.0,2.0,18.0,16.0,Platinum,2.0,223.048,3.0,1.0,0.0,8.0,13.0,1,0,4
c0e2f410-50b6-4a5c-bf27-8d4f3d564515,Split,29.0,6.0,18.0,24.0,Platinum,2.0,356.304,3.0,2.0,1.0,13.0,10.0,1,0,4
6ce6a89a-965e-4f73-b170-55fd237f7e9e,Haven,21.0,1.0,15.0,22.0,Platinum,2.0,336.0,5.0,1.0,0.0,6.0,13.0,1,0,4
2f47c6c7-5eac-4e67-951a-ddfb31b6ab37,Haven,21.0,2.0,15.0,17.0,Platinum,2.0,251.957,3.0,2.0,0.0,10.0,13.0,0,2,2
fb9efd9d-fa74-42aa-a2f9-7c73f56f4ec6,Lotus,19.0,3.0,17.0,22.0,Platinum,2.0,286.667,7.0,1.0,0.0,8.0,13.0,1,1,3
aca5bece-5bb4-4915-9f0a-f63c8bb0a995,Ascent,15.0,6.0,20.0,12.0,Platinum,2.0,179.154,4.0,3.0,1.0,14.0,12.0,1,0,4
95d11157-0334-485e-b041-2b0501a798db,Sunset,18.0,6.0,19.0,15.0,Platinum,2.0,197.393,3.0,2.0,2.0,15.0,13.0,1,0,4
680d78bf-2a0d-44d5-ad81-6d7acac15a65,Split,11.0,2.0,13.0,9.0,Platinum,2.0,223.071,0.0,1.0,0.0,1.0,13.0,0,0,4
179d666c-6bbb-4e6a-ae2b-c142bba94559,Summit,15.0,10.0,20.0,15.0,Platinum,2.0,194.208,2.0,5.0,0.0,11.0,13.0,0,2,2
8778887b-c530-4bb6-896b-1d2efc04802c,Summit,18.0,4.0,17.0,21.0,Platinum,2.0,226.905,0.0,1.0,0.0,8.0,13.0,0,1,3
1b51daf2-483a-4f48-b36e-b150775b3f52,Sunset,17.0,6.0,19.0,18.0,Platinum,2.0,241.304,2.0,1.0,0.0,10.0,13.0,1,1,3
afc12ca3-72d9-4f65-bda4-951360550a7b,Haven,22.0,4.0,9.0,21.0,Platinum,2.0,320.842,1.0,3.0,1.0,13.0,6.0,1,1,3
7349f20c-b310-426a-801d-87436541648a,Breeze,21.0,5.0,19.0,20.0,Platinum,2.0,259.609,1.0,2.0,0.0,10.0,13.0,1,0,4
5cb0b6db-1d3e-435d-aec7-2c042825a0ee,Sunset,22.0,5.0,19.0,17.0,Platinum,2.0,254.625,2.0,1.0,1.0,13.0,11.0,0,1,3
fbb287d8-3138-4144-a516-3c3c6a5a5209,Haven,5.0,2.0,1.0,3.0,Platinum,1.0,87.615,0.0,0.0,2.0,5.0,0.0,1,1,3
a566d07e-6215-47c4-8c0e-174567dc48df,Breeze,12.0,6.0,18.0,9.0,Platinum,2.0,180.619,5.0,3.0,0.0,8.0,13.0,0,1,3
4e4f978c-1046-4743-8aad-7c44e3bed856,Haven,15.0,4.0,15.0,16.0,Platinum,2.0,222.263,3.0,1.0,1.0,13.0,6.0,0,1,3
9c092232-9750-403e-b793-279e0e0c0c99,Split,3.0,4.0,13.0,3.0,Platinum,2.0,72.188,0.0,2.0,0.0,3.0,13.0,1,1,3
b133fd00-8121-47e4-8d87-10c2656851da,Sunset,12.0,3.0,15.0,10.0,Platinum,2.0,159.6,0.0,2.0,0.0,7.0,13.0,1,1,3
aaadb14e-940f-4020-b580-09d245bf9c31,Summit,19.0,7.0,10.0,19.0,Platinum,2.0,249.579,1.0,1.0,1.0,13.0,6.0,0,1,3
4491f418-1ffc-41ed-9aa0-83fe1d7ee66b,Ascent,15.0,5.0,15.0,15.0,Platinum,2.0,240.684,1.0,5.0,0.0,6.0,13.0,0,1,3
05d453cd-f470-4f95-ae2e-877af98c72e7,Ascent,9.0,4.0,17.0,7.0,Platinum,2.0,139.211,2.0,4.0,0.0,6.0,13.0,1,1,3
39a17459-1e7e-457a-9d2f-415984b42a27,Lotus,10.0,3.0,16.0,8.0,Platinum,2.0,135.0,0.0,5.0,0.0,5.0,13.0,1,2,2
1f6a7978-a7a5-469c-ad74-04dd73a1c061,Summit,20.0,4.0,12.0,17.0,Platinum,2.0,230.348,2.0,1.0,1.0,13.0,10.0,0,2,2
fa715379-ff21-4e49-8a5f-9f5d0c250424,Breeze,11.0,5.0,15.0,10.0,Platinum,2.0,192.556,2.0,3.0,2.0,13.0,5.0,0,2,2
3a026c42-bf78-4a1a-a981-cf1069d9b0d3,Ascent,23.0,3.0,18.0,20.0,Platinum,2.0,248.577,5.0,2.0,0.0,12.0,14.0,0,2,2
81dbfa41-fdaa-4851-bfef-46873e22cd0a,Breeze,13.0,1.0,15.0,6.0,Platinum,2.0,159.143,2.0,2.0,0.0,8.0,13.0,0,1,3
ff261a6c-77e0-4c6a-848e-d2026d13f2ba,Summit,13.0,3.0,15.0,15.0,Platinum,2.0,214.333,1.0,2.0,0.0,5.0,13.0,1,1,3
587898aa-4ed5-4e0f-b0bd-0e84e40a560d,Breeze,12.0,1.0,16.0,10.0,Platinum,2.0,188.235,2.0,0.0,0.0,4.0,13.0,1,1,3
2ead0dd9-b9ac-4bcf-b233-269d27808e44,Lotus,12.0,0.0,14.0,9.0,Platinum,1.0,136.667,4.0,1.0,0.0,11.0,13.0,0,3,1
575d07ed-ea7d-42ba-b90f-2b6a01ba489a,Haven,12.0,1.0,17.0,11.0,Platinum,1.0,131.818,2.0,2.0,0.0,9.0,13.0,0,3,1
538b9cba-a52b-482f-8073-aca75cd0e910,Ascent,6.0,4.0,16.0,6.0,Platinum,1.0,149.529,2.0,3.0,0.0,4.0,13.0,0,3,1
be30af00-43f5-4d38-b9d3-b400536eedb9,Split,9.0,1.0,15.0,8.0,Platinum,1.0,141.211,1.0,5.0,0.0,6.0,13.0,0,1,3
09a1b669-3a81-46d8-8d6f-bb6268253b47,Breeze,16.0,5.0,18.0,18.0,Platinum,1.0,253.381,2.0,3.0,0.0,8.0,13.0,1,1,3
4f010203-21ee-477f-a36b-5bef2a5becf9,Split,6.0,3.0,6.0,4.0,Platinum,1.0,113.6,2.0,2.0,1.0,13.0,2.0,0,1,3
1988ecd2-56ad-4ee8-90d3-95642356234c,Lotus,16.0,4.0,15.0,17.0,Platinum,1.0,236.75,6.0,3.0,0.0,7.0,13.0,1,1,3
8a20744e-1200-4ec9-a69f-5eb21292f181,Haven,10.0,2.0,11.0,11.0,Platinum,1.0,127.286,2.0,4.0,1.0,13.0,8.0,0,1,3
643bb48d-58e7-4155-8d9a-fe97525daad8,Sunset,16.0,3.0,15.0,15.0,Platinum,1.0,198.087,2.0,4.0,0.0,10.0,13.0,1,1,3
99d44263-54f6-473c-9974-405d54ba10e1,Sunset,13.0,6.0,19.0,12.0,Platinum,1.0,149.692,0.0,1.0,0.0,12.0,14.0,0,0,4
817f2b4e-b6a8-446a-9de4-517977660ffb,Split,15.0,6.0,16.0,11.0,Gold,3.0,223.65,1.0,2.0,0.0,7.0,13.0,0,1,3
9e2dc455-0445-4d75-adc3-82eca891e926,Split,12.0,3.0,17.0,14.0,Platinum,1.0,216.941,1.0,3.0,0.0,4.0,13.0,1,0,4
352cff20-15a0-4df5-b0d4-8f470a61a417,Ascent,14.0,7.0,13.0,15.0,Platinum,1.0,220.211,2.0,3.0,0.0,6.0,13.0,0,1,3
e4a400ed-6d0b-498d-a941-e34d15399c54,Sunset,26.0,7.0,14.0,22.0,Gold,3.0,309.591,5.0,3.0,1.0,13.0,9.0,1,1,3
7f9a9c4d-c5de-4fb9-8e87-43e9a7f31c82,Lotus,15.0,3.0,12.0,6.0,Gold,3.0,220.7,4.0,2.0,1.0,13.0,7.0,0,1,3
44852757-852b-42c0-9385-c745cb591bc9,Haven,16.0,5.0,14.0,19.0,Gold,3.0,206.182,2.0,3.0,2.0,13.0,9.0,1,1,3
982759c3-adde-43aa-b1c2-7d80ffaeef9c,Split,23.0,8.0,19.0,21.0,Gold,3.0,291.125,2.0,2.0,0.0,11.0,13.0,1,1,3
97edf76f-9cb6-4111-a210-ad9c93c9704b,Split,21.0,7.0,19.0,20.0,Gold,3.0,255.542,5.0,3.0,1.0,13.0,11.0,1,1,3
b6c95cc8-57cb-4806-a0aa-15abce75c05a,Ascent,18.0,3.0,17.0,18.0,Gold,3.0,224.619,1.0,1.0,0.0,8.0,13.0,0,1,3
0a8dd106-6e1c-46a9-a02e-db1046ff5d7e,Breeze,18.0,4.0,19.0,14.0,Gold,3.0,195.654,0.0,1.0,2.0,14.0,12.0,1,0,4
a5a1c003-c765-4808-bbb9-68aa123f662c,Lotus,16.0,3.0,14.0,11.0,Gold,3.0,186.545,3.0,3.0,0.0,9.0,13.0,0,0,4
286964ff-9702-4820-bdbd-d6905eb4ddef,Sunset,20.0,5.0,20.0,19.0,Gold,3.0,229.538,6.0,3.0,0.0,12.0,14.0,0,4,0
08a9ea0d-6745-41d8-aee1-6d66192ec7ba,Split,14.0,5.0,17.0,16.0,Gold,3.0,178.348,1.0,3.0,1.0,13.0,10.0,0,4,0
6d7abf02-ae6e-4504-9f63-f0acd096cb53,Haven,15.0,4.0,14.0,13.0,Gold,3.0,235.0,3.0,2.0,0.0,6.0,13.0,1,2,2
5344ee97-59be-4272-92fd-ed303458c966,Breeze,18.0,5.0,19.0,18.0,Gold,3.0,229.043,3.0,1.0,0.0,10.0,13.0,0,2,2
16156c20-2bbf-487a-9135-00d89fa8ea42,Ascent,22.0,7.0,16.0,27.0,Gold,3.0,322.15,2.0,1.0,0.0,7.0,13.0,0,2,2
44831724-f251-41b7-9a16-7bd3fb1483f0,Sunset,20.0,2.0,9.0,10.0,Gold,3.0,242.714,1.0,2.0,1.0,13.0,8.0,0,2,2
5bd4a899-3b75-480a-8c37-2cd7842239ee,Breeze,21.0,3.0,22.0,17.0,Platinum,1.0,217.893,5.0,4.0,0.0,13.0,15.0,0,1,3
1d17f71f-95c0-4c8e-b006-7d204c1d9d13,Summit,10.0,7.0,18.0,13.0,Platinum,1.0,142.409,3.0,2.0,0.0,9.0,13.0,1,1,3
b2ec241d-fdfc-4741-a19e-57a8818c5b37,Summit,19.0,1.0,10.0,20.0,Gold,3.0,250.8,0.0,3.0,1.0,13.0,7.0,0,1,3
fa453504-42ea-4cea-abed-5249ce6f2e47,Lotus,12.0,1.0,13.0,10.0,Gold,3.0,152.15,2.0,3.0,2.0,13.0,7.0,0,2,2
d172d8b6-1503-47c6-805f-72e39cc850e7,Breeze,15.0,6.0,18.0,9.0,Gold,3.0,183.958,3.0,1.0,3.0,13.0,11.0,1,1,3
25de6bf9-f8ec-4c18-961c-8f30bc50c2b3,Breeze,25.0,5.0,13.0,23.0,Platinum,1.0,315.682,5.0,3.0,1.0,13.0,9.0,0,4,0
c51663f9-c2ab-4d48-be1a-6c46ed152632,Lotus,14.0,3.0,15.0,12.0,Platinum,1.0,179.19,2.0,1.0,0.0,8.0,13.0,1,2,2
29f016b9-74bc-436d-a877-6cdb3e80b1b0,Ascent,18.0,1.0,15.0,17.0,Platinum,1.0,233.714,3.0,0.0,0.0,8.0,13.0,0,2,2
1eddfbe2-2e74-4d98-a179-b3cdafbca15e,Lotus,13.0,2.0,18.0,13.0,Platinum,1.0,159.478,1.0,1.0,0.0,10.0,13.0,0,2,2
c9c4aeb4-e694-421a-8f5d-7a478be33119,Lotus,19.0,2.0,15.0,17.0,Platinum,1.0,242.5,4.0,2.0,1.0,13.0,7.0,0,2,2
969681d4-fd5d-45f7-9196-48d1f91a85cc,Sunset,8.0,3.0,9.0,7.0,Platinum,1.0,146.312,1.0,0.0,2.0,9.0,3.0,1,2,2
39c4d065-a1f5-400d-81ff-dcd72324a8ac,Split,11.0,11.0,17.0,14.0,Platinum,1.0,137.154,1.0,3.0,3.0,14.0,12.0,1,1,3
912a421e-0856-4110-8cf5-146e44cd85de,Ascent,21.0,4.0,13.0,18.0,Platinum,1.0,277.0,4.0,2.0,1.0,13.0,8.0,0,3,1
3180ca88-5024-4fd2-a4c5-6da358eb8009,Sunset,7.0,4.0,19.0,10.0,Platinum,1.0,137.0,2.0,3.0,0.0,7.0,13.0,0,3,1
9bc59d8d-5c55-4075-8c3d-c2669a4ef269,Summit,15.0,5.0,19.0,18.0,Platinum,1.0,172.643,2.0,1.0,0.0,14.0,14.0,0,3,1
7dd70f7d-88f5-43d0-b957-976d4e1edcd6,Breeze,22.0,7.0,18.0,15.0,Platinum,1.0,218.423,1.0,4.0,1.0,14.0,12.0,0,3,1
d7e224c6-115b-46c8-a2d4-43b9aaf351d8,Haven,18.0,4.0,18.0,18.0,Platinum,1.0,267.591,6.0,5.0,0.0,9.0,13.0,1,3,1
4a494c0c-575c-43cf-8d91-303e8d0f6d2a,Haven,13.0,2.0,17.0,7.0,Platinum,1.0,167.217,1.0,2.0,0.0,10.0,13.0,0,1,3
7ee913ff-28d1-400c-b7b9-bbccd29e60b6,Lotus,23.0,1.0,12.0,16.0,Platinum,1.0,298.105,1.0,1.0,1.0,13.0,6.0,0,1,3
e3e12364-de21-4d62-b429-9d3f6512b2d2,Summit,5.0,2.0,16.0,9.0,Platinum,1.0,92.765,1.0,5.0,0.0,4.0,13.0,1,1,3
fe234716-0ed7-437b-9e6b-23ddb870d87b,Lotus,19.0,0.0,10.0,11.0,Platinum,1.0,237.65,3.0,2.0,1.0,13.0,7.0,0,2,2
90a09e43-f5bd-4b93-956e-95bf0cf2821e,Summit,18.0,2.0,14.0,16.0,Platinum,1.0,226.619,3.0,3.0,2.0,13.0,8.0,1,2,2
b1eedb98-6238-41ac-9508-ab6a3d6fff04,Breeze,13.0,6.0,19.0,15.0,Platinum,1.0,183.136,4.0,2.0,0.0,9.0,13.0,1,0,4
4af9d7e7-4272-423a-a68d-84c00449ff33,Split,19.0,4.0,14.0,16.0,Platinum,1.0,261.952,0.0,1.0,1.0,13.0,8.0,0,0,4
76318368-a71e-4e5d-8ba6-ff73223d65cf,Split,7.0,2.0,14.0,8.0,Platinum,1.0,175.286,1.0,2.0,0.0,1.0,13.0,0,1,3
95b754de-6333-41c2-a608-bbfc6490c0a8,Ascent,19.0,3.0,16.0,17.0,Platinum,1.0,241.524,3.0,2.0,1.0,13.0,8.0,0,1,3
cdf5ee33-f018-4e01-b012-d1b84d27c1ad,Breeze,16.0,3.0,13.0,17.0,Platinum,1.0,215.65,2.0,0.0,2.0,13.0,7.0,1,1,3
54eba399-5a9a-4e81-8f86-87a345d86bc7,Lotus,18.0,4.0,17.0,18.0,Platinum,1.0,263.65,2.0,0.0,0.0,7.0,13.0,0,1,3
a0e404a2-7dae-4165-919a-f40d0b3302d5,Ascent,19.0,6.0,9.0,21.0,Platinum,1.0,310.176,5.0,2.0,1.0,13.0,4.0,1,1,3
db54e474-0536-4a90-847e-a764dda2b689,Haven,17.0,6.0,14.0,14.0,Platinum,1.0,237.81,3.0,4.0,2.0,13.0,8.0,1,1,3
8fc9b996-0d37-4f05-9d78-d0963d211661,Sunset,26.0,3.0,11.0,22.0,Platinum,1.0,396.5,4.0,1.0,1.0,13.0,5.0,1,2,2
a57ae6e9-4406-4d51-a53e-285b5bedd1e6,Sunset,28.0,7.0,21.0,23.0,Platinum,1.0,311.5,3.0,3.0,0.0,12.0,14.0,1,1,3
0a1c3051-47c0-4669-97a3-6d9beb266ede,Split,15.0,15.0,26.0,17.0,Platinum,1.0,165.25,2.0,3.0,0.0,15.0,17.0,1,3,1
15b4f7a9-a430-4f3e-b7e6-a1f69babc1e8,Split,24.0,7.0,17.0,22.0,Platinum,1.0,328.455,4.0,0.0,0.0,9.0,13.0,1,3,1
55ee0daf-41e8-41d8-85e6-faea7b66d529,Haven,27.0,4.0,18.0,11.0,Platinum,1.0,282.786,6.0,2.0,0.0,13.0,15.0,0,2,2
f3097127-94e2-46b8-9d07-d55731f4fedb,Breeze,8.0,1.0,13.0,7.0,Platinum,1.0,167.571,3.0,0.0,0.0,1.0,13.0,1,2,2
e4efc47f-a262-4679-b6f8-8347c54e7bf1,Summit,21.0,1.0,23.0,18.0,Platinum,1.0,214.808,3.0,2.0,0.0,12.0,14.0,1,1,3
1dba49f5-62a7-4a3d-b55d-ba1d8b738f5f,Haven,24.0,4.0,18.0,21.0,Platinum,1.0,287.083,7.0,2.0,1.0,13.0,11.0,1,1,3
2fccb19d-4a61-4bec-8548-e82e4f3f80a6,Breeze,17.0,3.0,18.0,11.0,Platinum,1.0,227.818,2.0,2.0,0.0,9.0,13.0,1,1,3
db877323-40f0-4cb4-a652-a0c7f1a2bcfb,Summit,15.0,4.0,13.0,17.0,Platinum,1.0,190.667,4.0,3.0,1.0,13.0,8.0,1,1,3
0b7f6517-5bb8-4bdf-9679-be5a015afe00,Sunset,22.0,2.0,15.0,19.0,Platinum,1.0,267.864,4.0,2.0,0.0,9.0,13.0,1,1,3
437ed59e-d72e-47bd-a3ef-afd50bf27d57,Sunset,28.0,8.0,17.0,28.0,Platinum,1.0,362.833,5.0,0.0,1.0,13.0,11.0,1,1,3
11c32253-fc47-4474-9f12-d958c4f0f35b,Breeze,22.0,2.0,15.0,17.0,Platinum,1.0,252.087,4.0,4.0,2.0,13.0,10.0,0,1,3
c15f4cda-1fc5-49e3-9ad7-774d29a154e2,Ascent,11.0,3.0,19.0,8.0,Platinum,1.0,177.9,4.0,4.0,0.0,7.0,13.0,1,1,3
179043c9-0597-48fc-aa94-6e6747e2501a,Ascent,30.0,2.0,14.0,18.0,Platinum,1.0,352.042,7.0,4.0,1.0,13.0,11.0,1,1,3
47963e2a-391f-4935-94ba-e475d6eca394,Lotus,14.0,6.0,14.0,13.0,Platinum,1.0,224.706,2.0,2.0,0.0,4.0,13.0,0,2,2
39444aba-c80f-4f1c-ab66-b8030f1e62aa,Lotus,16.0,2.0,20.0,12.0,Platinum,1.0,180.042,3.0,4.0,0.0,11.0,13.0,1,2,2
a2caf261-4fea-4b97-a84e-9c4a5834050e,Split,18.0,5.0,19.0,17.0,Platinum,1.0,189.833,0.0,0.0,0.0,11.0,13.0,1,2,2
ed6262e8-bb3a-4638-9ca1-39ec5c06e071,Summit,12.0,2.0,8.0,10.0,Platinum,1.0,195.562,3.0,1.0,1.0,13.0,3.0,0,0,4
fc336781-3960-4161-aded-b3020e13f733,Breeze,23.0,2.0,10.0,20.0,Platinum,1.0,318.222,2.0,2.0,1.0,13.0,5.0,1,1,3
465e068f-6e7f-411d-9670-eb61ca93d73a,Breeze,19.0,0.0,14.0,20.0,Platinum,1.0,269.762,0.0,0.0,0.0,8.0,13.0,0,1,3
af11c1b2-234a-4b4a-a701-2ad2a6b743b5,Haven,11.0,2.0,15.0,13.0,Platinum,1.0,156.15,1.0,1.0,0.0,7.0,13.0,1,1,3
9e71b69b-e814-472b-9505-431ebee29104,Summit,13.0,6.0,16.0,14.0,Platinum,1.0,185.227,0.0,1.0,1.0,13.0,9.0,1,0,4
d164ba69-6def-4eb9-840d-f845be329a77,Sunset,24.0,5.0,16.0,22.0,Platinum,1.0,325.682,4.0,3.0,1.0,13.0,9.0,1,0,4
06e9dff2-d4ab-41d3-a600-83997552e7e5,Sunset,24.0,4.0,17.0,20.0,Platinum,1.0,283.773,4.0,1.0,2.0,13.0,9.0,1,0,4
965dbb24-4f81-4239-be0d-c401fbc6d50a,Summit,22.0,2.0,12.0,21.0,Platinum,1.0,327.263,4.0,2.0,3.0,13.0,6.0,1,0,4
828d0b98-16eb-4506-bebf-4cdab4b17f74,Ascent,21.0,10.0,16.0,18.0,Platinum,1.0,235.043,3.0,3.0,4.0,13.0,10.0,1,0,4
e19681ba-8af8-42bc-aaeb-0cadbaf30e7e,Breeze,17.0,6.0,16.0,22.0,Platinum,2.0,322.471,2.0,1.0,0.0,4.0,13.0,1,2,2
670e82fd-fad9-4e27-ac12-96a7d3bd24c0,Haven,14.0,3.0,20.0,12.0,Platinum,2.0,192.714,2.0,4.0,0.0,8.0,13.0,1,2,2
e176b5df-aab6-4f91-ad8c-cd333155ccf3,Ascent,21.0,5.0,13.0,18.0,Platinum,2.0,318.684,4.0,2.0,1.0,13.0,6.0,1,2,2
115de9dc-2b69-45c1-8083-9716d2385f1e,Split,22.0,7.0,19.0,16.0,Platinum,2.0,249.917,2.0,2.0,0.0,11.0,13.0,1,0,4
d780fcb5-2511-4ce5-8312-247895f93b44,Haven,11.0,0.0,15.0,8.0,Platinum,1.0,103.25,1.0,4.0,0.0,13.0,15.0,0,1,3
41ccf41d-22c2-4128-b028-629fdb45c680,Summit,16.0,2.0,14.0,16.0,Platinum,1.0,312.0,1.0,2.0,0.0,2.0,13.0,1,2,2
5ccb05ef-e714-4be2-8442-4938aee89eae,Ascent,26.0,3.0,21.0,19.0,Platinum,1.0,235.767,4.0,3.0,1.0,16.0,14.0,1,2,2
d9c91084-a8a2-467c-a2ac-fd5bb07b9573,Lotus,26.0,3.0,18.0,17.0,Platinum,1.0,296.174,4.0,2.0,0.0,10.0,13.0,0,1,3
2f6dc0ea-8e17-4085-94f7-ad7db10a1fc8,Lotus,5.0,4.0,2.0,5.0,Platinum,1.0,130.571,2.0,0.0,1.0,5.0,1.0,0,1,3
4cbd4a16-f1ae-4f17-bc11-9e2f4e278526,Haven,13.0,3.0,15.0,10.0,Platinum,1.0,214.118,4.0,4.0,0.0,4.0,13.0,1,1,3
1593d364-ab36-42e6-b1ce-68341c936369,Haven,17.0,3.0,18.0,12.0,Platinum,1.0,210.083,4.0,4.0,0.0,11.0,13.0,0,1,3
e800d7e3-fee2-4cfa-aa66-33b20019bce7,Sunset,15.0,2.0,16.0,12.0,Platinum,1.0,206.35,2.0,2.0,0.0,7.0,13.0,1,1,3
1b11a71d-a556-4b00-b9f9-ce0eab7b8e1b,Split,19.0,5.0,16.0,15.0,Platinum,1.0,249.5,5.0,3.0,1.0,13.0,9.0,1,1,3
c98da88c-2c03-4f11-80b9-281ee3cda069,Split,10.0,7.0,17.0,10.0,Platinum,1.0,153.75,1.0,0.0,0.0,7.0,13.0,0,0,4
3878e482-254a-4125-9f84-60f5c8118d17,Summit,13.0,1.0,16.0,15.0,Platinum,1.0,207.947,1.0,1.0,0.0,6.0,13.0,1,2,2
aa125b87-a8c1-4819-a5dd-93f306097ecd,Breeze,16.0,3.0,19.0,14.0,Platinum,1.0,195.043,3.0,0.0,1.0,13.0,10.0,1,2,2
de242f36-ecb1-4362-b19c-a9ec74dad9c6,Lotus,18.0,3.0,16.0,16.0,Unrated,,196.417,1.0,2.0,1.0,13.0,11.0,0,1,3
e74e46aa-959f-4b80-92fe-81b791f9f264,Split,14.0,2.0,17.0,9.0,Platinum,1.0,160.826,4.0,1.0,0.0,10.0,13.0,0,1,3
5c1e0606-e444-443b-b299-526fa798d580,Summit,16.0,2.0,16.0,17.0,Platinum,1.0,240.3,3.0,4.0,0.0,7.0,13.0,0,0,4
d275b62c-f934-4b46-b47d-7c69dffa3bba,Sunset,25.0,7.0,19.0,22.0,Platinum,1.0,256.923,4.0,0.0,0.0,12.0,14.0,1,1,3
5ca58675-1e8c-457a-a860-6bcd61d42dc2,Ascent,14.0,3.0,8.0,11.0,Platinum,1.0,280.5,3.0,1.0,1.0,13.0,1.0,1,2,2
bf3fbe56-a6af-4ad0-a65e-9b881ec8b462,Lotus,38.0,2.0,11.0,32.0,Platinum,1.0,459.13,5.0,1.0,2.0,13.0,10.0,1,2,2
7e4439d6-2f0a-41a0-866d-553fcb7cff01,Lotus,10.0,4.0,14.0,8.0,Platinum,1.0,110.652,0.0,6.0,3.0,13.0,10.0,1,1,3
7e182afa-fcc0-41d5-996d-aeb1658475b1,Abyss,16.0,1.0,14.0,9.0,Platinum,1.0,216.238,4.0,2.0,4.0,13.0,8.0,1,1,3
d1da8f28-4159-406a-894c-1ad1306ad16b,Haven,26.0,2.0,13.0,24.0,Platinum,2.0,296.708,4.0,3.0,1.0,13.0,11.0,1,1,3
905014af-91eb-4302-b18c-8a6c39739ecf,Split,18.0,4.0,8.0,19.0,Platinum,1.0,313.0,6.0,1.0,2.0,13.0,2.0,0,1,3
173e2272-1a11-49bf-b719-7272aad6b374,Ascent,23.0,2.0,17.0,16.0,Platinum,2.0,258.625,1.0,4.0,1.0,13.0,11.0,1,0,4
66291888-51f1-4eea-a60f-4985bda9cd3b,Ascent,22.0,4.0,12.0,16.0,Platinum,2.0,285.095,3.0,0.0,2.0,13.0,8.0,1,2,2
bacab1b3-f6d9-4b56-95f4-2994302ae81a,Lotus,23.0,5.0,16.0,17.0,Platinum,2.0,269.565,3.0,3.0,3.0,13.0,10.0,1,1,3
1e987777-cd80-40f1-a627-73f6f01498a8,Sunset,23.0,4.0,13.0,20.0,Platinum,3.0,290.81,2.0,3.0,1.0,13.0,8.0,1,1,3
ec99d393-2ac1-4ae8-91f9-f74f2e7f073e,Ascent,23.0,5.0,10.0,19.0,Platinum,3.0,315.619,4.0,1.0,2.0,13.0,8.0,1,1,3
1dd52b83-0763-48cf-bca9-55370d9272eb,Haven,23.0,5.0,15.0,24.0,Platinum,3.0,321.095,5.0,1.0,3.0,13.0,8.0,1,2,2
fd7c7f61-3aef-4deb-a587-c15ffcebe8d3,Abyss,22.0,0.0,15.0,21.0,Platinum,3.0,265.522,3.0,3.0,4.0,13.0,10.0,1,1,3
f142846e-efea-4bab-8d5c-44d211a642a5,Split,21.0,3.0,13.0,17.0,Platinum,3.0,268.955,3.0,0.0,5.0,13.0,9.0,1,1,3
5c39dd7c-d8d5-47e7-a989-adc5b18797dc,Abyss,22.0,4.0,13.0,18.0,Diamond,1.0,307.6,2.0,1.0,1.0,13.0,7.0,1,1,3
a92c3cd1-a6a6-4ae5-916b-7f41ace2352c,Summit,14.0,2.0,18.0,14.0,Diamond,1.0,183.955,3.0,3.0,0.0,9.0,13.0,1,1,3
89d43b2c-db0c-4c1b-8021-cf735506ea35,Split,15.0,4.0,17.0,15.0,Diamond,1.0,216.211,2.0,5.0,0.0,6.0,13.0,1,2,2
949ae17f-6e31-42b4-a6fd-75758369a784,Haven,10.0,4.0,14.0,11.0,Diamond,1.0,184.294,3.0,4.0,0.0,4.0,13.0,1,1,3
2b606866-63f5-4827-ae17-4216e45e1940,Lotus,18.0,4.0,11.0,13.0,Diamond,1.0,208.19,1.0,2.0,1.0,13.0,8.0,0,1,3
abbc8e73-e162-44a2-86b2-9c5dbecefa24,Ascent,18.0,8.0,13.0,12.0,Diamond,1.0,216.043,3.0,5.0,1.0,13.0,10.0,1,0,4
ff66378e-d081-4a24-af9c-0ca3afa063a3,Haven,21.0,2.0,19.0,22.0,Diamond,1.0,212.423,3.0,4.0,1.0,14.0,12.0,1,0,4
a2d2ba86-1201-43bf-bee2-8cbd8f26dbda,Split,26.0,3.0,13.0,19.0,Diamond,1.0,315.091,6.0,2.0,1.0,13.0,9.0,0,0,4
8c00046f-7660-445b-91d3-6ccc86041344,Sunset,18.0,7.0,21.0,19.0,Diamond,1.0,215.423,2.0,2.0,1.0,14.0,12.0,1,0,4
8acc73f9-920a-4314-8c9b-c6f584b4ae69,Ascent,18.0,1.0,15.0,13.0,Diamond,1.0,205.545,5.0,3.0,0.0,9.0,13.0,1,1,3
23920c90-d714-4663-b2e3-13df90bff2c0,Lotus,11.0,6.0,15.0,9.0,Platinum,1.0,213.059,2.0,3.0,0.0,4.0,13.0,1,0,4
e74e46aa-959f-4b80-92fe-81b791f9f264,Split,14.0,4.0,19.0,11.0,Platinum,1.0,163.565,3.0,5.0,0.0,10.0,13.0,0,2,2
1c5d5e28-d225-4439-a68d-a8b76ad57657,Haven,6.0,2.0,17.0,6.0,Platinum,1.0,108.278,1.0,5.0,0.0,5.0,13.0,1,0,4
a60d16aa-741a-42f1-bf2c-303df65a57ab,Abyss,12.0,3.0,20.0,9.0,Platinum,1.0,155.364,4.0,6.0,1.0,13.0,9.0,0,0,4
3c5513c6-d6d4-4a6a-b336-cc8716d3c758,Summit,12.0,4.0,13.0,9.0,Platinum,1.0,179.4,1.0,2.0,1.0,13.0,7.0,1,0,4
7a972a55-03cd-4027-93ef-5588ed0838aa,Summit,19.0,4.0,20.0,14.0,Platinum,1.0,206.962,4.0,8.0,0.0,12.0,14.0,1,0,4
823ac52e-bb31-4274-9823-3375dc4c353f,Split,21.0,7.0,15.0,19.0,Platinum,1.0,325.095,5.0,4.0,0.0,8.0,13.0,1,0,4
01941df1-2db4-451c-a814-0d97d6b7c2f2,Ascent,13.0,7.0,20.0,11.0,Platinum,1.0,188.261,4.0,4.0,0.0,10.0,13.0,1,0,4
a33a0732-e409-47cb-b2fc-1a86de2fa654,Haven,23.0,4.0,15.0,17.0,Platinum,1.0,275.391,5.0,1.0,1.0,13.0,10.0,1,0,4
1f657b93-3c64-4879-9af2-1b781aa13fe8,Lotus,16.0,3.0,14.0,16.0,Platinum,1.0,228.857,1.0,2.0,2.0,13.0,8.0,0,0,4
3d843150-13f0-4d5c-809e-fa23b43adaa8,Lotus,14.0,6.0,20.0,14.0,Platinum,1.0,197.304,2.0,3.0,0.0,10.0,13.0,1,0,4
fe9c179b-f4c0-4393-b899-762554603dde,Split,6.0,3.0,17.0,6.0,Platinum,1.0,130.235,2.0,5.0,0.0,4.0,13.0,0,0,4
6ad0180a-bd3d-426b-86ec-bf7ef04195a8,Lotus,20.0,3.0,19.0,16.0,Platinum,1.0,260.476,4.0,3.0,0.0,8.0,13.0,0,0,4
5411e049-d9af-4479-931c-6dd6f770befc,Split,20.0,2.0,14.0,15.0,Platinum,1.0,303.833,5.0,0.0,1.0,13.0,5.0,0,0,4
6aedd286-2650-46ec-8867-552bd20cc7bc,Abyss,14.0,4.0,15.0,13.0,Platinum,1.0,241.056,4.0,2.0,0.0,5.0,13.0,1,0,4
048feaa8-bccc-4236-bcc2-b11705351237,Haven,25.0,7.0,15.0,22.0,Platinum,1.0,271.231,2.0,2.0,1.0,14.0,12.0,1,0,4
561ee68f-1bda-4aec-b1fe-1a5e42c6514f,Lotus,16.0,4.0,17.0,14.0,Platinum,1.0,217.0,0.0,3.0,0.0,9.0,13.0,0,0,4
03f472d8-e6cf-4e39-8b8a-9c24793c423f,Ascent,22.0,6.0,18.0,20.0,Platinum,1.0,275.5,1.0,3.0,1.0,13.0,11.0,0,0,4
8f94fd43-6b84-41ea-adeb-6f653f8ed9f7,Summit,10.0,1.0,13.0,8.0,Platinum,1.0,159.059,1.0,0.0,0.0,4.0,13.0,0,0,4
ba8dfb7a-8a54-4674-8c74-436439642258,Sunset,23.0,0.0,10.0,22.0,Platinum,1.0,327.0,0.0,2.0,0.0,6.0,13.0,1,0,4
9d4e7d8b-e3b9-4045-84a2-f44e66800a16,Sunset,15.0,6.0,16.0,14.0,Platinum,1.0,237.9,2.0,2.0,1.0,13.0,7.0,1,0,4
c5a5aeea-0932-4893-a254-975528056242,Haven,19.0,15.0,20.0,18.0,Platinum,1.0,268.435,4.0,2.0,2.0,13.0,10.0,1,0,4
56ccda5d-bafd-493e-bea8-4dccd5ea5ad0,Sunset,17.0,7.0,11.0,14.0,Platinum,1.0,239.65,4.0,1.0,3.0,13.0,7.0,0,0,4
7928b742-ebbd-41d2-b289-e363ca9e0845,Ascent,16.0,3.0,10.0,16.0,Platinum,1.0,265.438,3.0,2.0,4.0,13.0,3.0,0,0,4
a0486caa-b1ad-48d1-b141-1f002c25f591,Lotus,13.0,5.0,17.0,10.0,Platinum,2.0,151.261,0.0,2.0,0.0,10.0,13.0,1,1,3
c45facb4-b9b6-48ad-8588-d5b3b2bd4468,Abyss,7.0,5.0,1.0,5.0,Platinum,2.0,115.462,1.0,0.0,1.0,9.0,0.0,0,0,4
70bb2acd-ed60-42a0-b5d4-47ed54980951,Haven,23.0,4.0,18.0,23.0,Platinum,2.0,236.308,1.0,0.0,1.0,14.0,12.0,1,0,4
013465b2-df25-4bfc-9a47-1d8e0f3d201a,Summit,14.0,8.0,18.0,12.0,Platinum,2.0,194.381,2.0,4.0,2.0,13.0,8.0,0,0,4
4b572c2a-b686-4421-8a1d-50cf59b6764e,Summit,16.0,10.0,18.0,12.0,Platinum,2.0,191.538,2.0,3.0,3.0,14.0,12.0,1,0,4
370f9e3a-0533-4bfb-833d-93369141d0e6,Split,16.0,5.0,12.0,13.0,Platinum,2.0,228.737,2.0,3.0,4.0,13.0,6.0,0,0,4
30dde5bd-4e73-4968-ac96-c9b23ce278e6,Lotus,25.0,10.0,19.0,23.0,Platinum,3.0,300.375,2.0,1.0,0.0,11.0,13.0,0,0,4
c63335ea-d4c6-4b1a-b01e-7680c804ca9f,Sunset,29.0,13.0,23.0,25.0,Platinum,3.0,357.478,2.0,2.0,0.0,10.0,13.0,1,0,4
50ed9a43-2075-49f5-94fe-24c8eb9d379f,Sunset,23.0,9.0,21.0,18.0,Platinum,3.0,251.577,4.0,3.0,1.0,14.0,12.0,1,0,4
e37c0592-f453-4e9b-b8a6-dcd4fceb4e95,Split,15.0,4.0,16.0,12.0,Platinum,3.0,251.053,0.0,2.0,0.0,6.0,13.0,0,1,3
ffb932aa-5e19-4d8b-808f-7a67ffcc9869,Abyss,7.0,8.0,12.0,4.0,Platinum,3.0,132.824,2.0,1.0,1.0,13.0,4.0,0,1,3
2a6e3990-ae6e-44e8-9a87-10dfe6aff26c,Abyss,11.0,2.0,17.0,12.0,Platinum,3.0,141.048,1.0,2.0,0.0,8.0,13.0,0,0,4
9e23f9cd-3ba7-4232-98b2-fc3f2f75b306,Split,13.0,10.0,19.0,12.0,Platinum,3.0,185.5,5.0,0.0,1.0,13.0,11.0,0,1,3
c6d35357-e7d9-4a5f-b7b7-54d23db2cb55,Sunset,8.0,7.0,11.0,7.0,Platinum,3.0,114.4,3.0,2.0,2.0,13.0,7.0,0,1,3
b2866e20-6fcb-462a-9557-f7db8acce112,Summit,6.0,4.0,16.0,5.0,Platinum,3.0,132.176,1.0,5.0,0.0,4.0,13.0,1,1,3
a863801d-a36e-4c86-88a5-eb95fb9b702b,Lotus,22.0,1.0,22.0,25.0,Platinum,3.0,244.577,3.0,6.0,0.0,12.0,14.0,0,0,4
5d7daa44-8b96-44bf-a187-6e4a3ea6a267,Sunset,19.0,2.0,12.0,14.0,Platinum,3.0,223.545,0.0,3.0,1.0,13.0,9.0,1,0,4
bcab5b84-1d37-43fe-b0f3-319d8e9ecc6f,Lotus,24.0,12.0,21.0,8.0,Unrated,,239.3,1.0,1.0,0.0,14.0,16.0,1,0,4
94281667-7dfc-4fdd-9b45-ae64a9bc635c,Sunset,13.0,9.0,16.0,3.0,Unrated,,234.889,5.0,2.0,1.0,13.0,5.0,1,0,4
8f81b0fd-779a-4658-bf48-6a66ff2c4820,Haven,17.0,3.0,16.0,6.0,Unrated,,261.556,0.0,2.0,2.0,13.0,5.0,1,0,4
09b9f194-baa3-4830-878d-deba0e1fb37e,Ascent,6.0,5.0,19.0,2.0,Unrated,,121.412,1.0,0.0,0.0,4.0,13.0,1,1,3
8844bf16-0478-44cf-a82f-7fb61bccfde1,Sunset,8.0,6.0,22.0,3.0,Unrated,,135.783,3.0,4.0,0.0,10.0,13.0,1,0,4
5f2d1ebf-8227-4474-a6b2-80b998df12eb,Ascent,13.0,3.0,16.0,3.0,Iron,3.0,199.833,1.0,3.0,0.0,5.0,13.0,1,0,4
f4868bf1-2d26-4286-9643-9425022c0e41,Lotus,11.0,5.0,14.0,4.0,Iron,3.0,208.438,3.0,2.0,0.0,3.0,13.0,1,0,4
556d8a74-0289-4a6e-afb0-8d8d683fa017,Abyss,12.0,3.0,11.0,5.0,Iron,3.0,192.222,2.0,1.0,1.0,13.0,5.0,1,0,4
3c46d827-6251-4033-90db-d35f773e7259,Sunset,12.0,10.0,26.0,9.0,Iron,3.0,177.783,2.0,7.0,1.0,13.0,10.0,1,0,4
1f0cc570-f88b-4a00-aaed-70787d2ab386,Abyss,24.0,6.0,23.0,10.0,Iron,3.0,225.833,0.0,3.0,0.0,14.0,16.0,0,0,4
2a603423-47e2-4586-9a6d-155fe75fdef6,Summit,15.0,6.0,21.0,1.0,Iron,3.0,182.708,1.0,1.0,1.0,13.0,11.0,1,0,4
1ed5d3a6-1e0d-48ac-a182-f55cefe56d45,Sunset,15.0,7.0,20.0,4.0,Iron,3.0,222.65,0.0,3.0,0.0,7.0,13.0,1,0,4
c782a9ef-0047-429b-a9f6-4add5b5273c2,Split,25.0,2.0,12.0,4.0,Iron,3.0,370.941,4.0,1.0,1.0,13.0,4.0,1,0,4
d8e2c562-806a-4b64-9774-6e8ef8ffaa96,Ascent,24.0,6.0,17.0,7.0,Iron,3.0,274.042,3.0,4.0,2.0,13.0,11.0,1,0,4
d5a40838-8b81-4433-9b43-cec2f1cd1906,Summit,13.0,2.0,21.0,3.0,Bronze,1.0,192.091,3.0,7.0,0.0,9.0,13.0,1,0,4
280ddc93-fcee-4329-b0a7-be2e56be8ab4,Ascent,27.0,6.0,22.0,12.0,Bronze,1.0,292.077,4.0,4.0,1.0,14.0,12.0,1,0,4
4ca7a5dd-975f-43a7-b54d-1b567e094768,Split,7.0,4.0,6.0,0.0,Iron,3.0,111.562,0.0,2.0,2.0,9.0,3.0,1,0,4
a24e16d5-0e07-45f5-b57f-1f67a0c2f7fd,Abyss,12.0,3.0,18.0,6.0,Iron,3.0,152.739,2.0,2.0,0.0,10.0,13.0,0,0,4
ba5bc0b2-e66e-4571-8149-954d71d3c6e8,Split,20.0,5.0,19.0,8.0,Bronze,1.0,302.053,1.0,1.0,0.0,6.0,13.0,1,0,4
b3c9ae13-e8b1-412a-bfbe-8fe7365dfc5a,Sunset,13.0,2.0,16.0,4.0,Bronze,1.0,157.619,4.0,2.0,1.0,13.0,8.0,1,0,4
23a1bf12-1b42-4e09-856e-70f83f9233c1,Ascent,17.0,9.0,25.0,2.0,Bronze,1.0,289.227,7.0,5.0,0.0,9.0,13.0,1,0,4
df381851-8646-43ad-be28-2cb742361ebf,Sunset,12.0,5.0,21.0,2.0,Bronze,1.0,177.773,2.0,3.0,1.0,13.0,9.0,1,0,4
4ed8967d-1bc7-4c9e-9a93-6426d1d4e04f,Ascent,20.0,10.0,19.0,6.0,Bronze,1.0,259.182,2.0,2.0,1.0,13.0,9.0,1,0,4
8b20eccf-00f1-4bc2-94c7-6080eee2969d,Haven,16.0,6.0,18.0,3.0,Bronze,1.0,252.632,1.0,1.0,0.0,6.0,13.0,1,0,4
aa943529-636d-462a-bee2-0ac0b1a8aba8,Summit,19.0,5.0,20.0,7.0,Bronze,1.0,233.833,2.0,3.0,0.0,11.0,13.0,1,0,4
7f33272a-140f-417e-81ed-2bc897b15206,Sunset,18.0,11.0,14.0,6.0,Bronze,1.0,282.526,3.0,1.0,1.0,13.0,6.0,1,0,4
ad722f26-bc21-4a0d-aefe-6cec0493c103,Abyss,13.0,4.0,19.0,9.0,Bronze,1.0,239.222,2.0,4.0,0.0,5.0,13.0,1,0,4
5204f373-4240-4f14-bbd5-a5600c9e8e89,Lotus,9.0,8.0,16.0,5.0,Bronze,1.0,144.947,1.0,2.0,1.0,13.0,6.0,1,0,4
21881c59-8002-45b8-8709-0be58b0294ac,Split,21.0,6.0,18.0,8.0,Bronze,1.0,274.045,2.0,3.0,0.0,9.0,13.0,1,0,4
4d57bc9c-ab05-436e-bd6d-f5ba88d98321,Haven,10.0,6.0,14.0,2.0,Bronze,1.0,158.294,1.0,3.0,1.0,13.0,4.0,1,0,4
98aff4c4-ecaa-4fc7-9d89-2f59a7c9e580,Sunset,9.0,3.0,17.0,4.0,Bronze,1.0,146.1,2.0,3.0,0.0,7.0,13.0,1,0,4
2d2838a8-fadd-49f6-baa2-35354832904c,Abyss,5.0,9.0,21.0,2.0,Bronze,2.0,96.625,1.0,5.0,0.0,11.0,13.0,1,0,4
da190dbf-9469-4d70-8b45-3978db016572,Sunset,24.0,4.0,14.0,6.0,Bronze,1.0,297.667,2.0,3.0,1.0,13.0,8.0,1,0,4
024acda8-d796-4652-87df-b76eb552855e,Split,15.0,10.0,23.0,7.0,Bronze,1.0,200.333,3.0,4.0,2.0,13.0,11.0,1,0,4
79893115-00bf-4491-93d2-e4f1b6ade883,Ascent,11.0,2.0,18.0,4.0,Bronze,1.0,191.235,2.0,5.0,0.0,4.0,13.0,1,0,4
8f733b86-6130-4417-a351-977560d73c27,Summit,8.0,4.0,18.0,5.0,Bronze,2.0,152.611,0.0,0.0,0.0,5.0,13.0,1,0,4
a38095d9-593e-46a0-ad02-65340fd588e0,Lotus,9.0,3.0,8.0,1.0,Bronze,1.0,151.133,2.0,1.0,1.0,10.0,2.0,1,0,4
40593190-4feb-4224-b2f3-737c657612b1,Split,11.0,4.0,11.0,5.0,Bronze,1.0,199.562,2.0,0.0,2.0,13.0,3.0,1,1,3
6a72c560-1591-4efe-a3ac-806ae7645174,Abyss,19.0,8.0,20.0,5.0,Bronze,1.0,254.696,3.0,3.0,0.0,10.0,13.0,1,0,4
16d402b7-1e22-441e-a529-9e27e5698ef6,Lotus,14.0,3.0,17.0,7.0,Bronze,1.0,188.905,1.0,3.0,1.0,13.0,8.0,1,1,3
195f93a8-a7b1-4f57-a27c-b3901e1676c5,Lotus,17.0,5.0,13.0,9.0,Bronze,2.0,244.053,0.0,0.0,1.0,13.0,6.0,1,0,4
6ff7eb8c-3de2-47f4-8ab8-a3c36ab04007,Lotus,15.0,2.0,17.0,5.0,Bronze,2.0,195.417,2.0,0.0,2.0,13.0,11.0,0,0,4
0d7eb7c5-8bf6-4b18-83fe-105697810dea,Haven,9.0,8.0,14.0,2.0,Bronze,2.0,182.176,1.0,1.0,3.0,13.0,4.0,1,0,4
70a30648-3f57-4e80-a2af-e9ca297db361,Abyss,11.0,5.0,21.0,6.0,Bronze,2.0,159.957,3.0,5.0,4.0,13.0,10.0,1,2,2
355bcaa9-2927-4650-a35e-fcdff579e02a,Split,11.0,2.0,11.0,4.0,Bronze,2.0,159.474,3.0,0.0,5.0,13.0,6.0,0,0,4
d504c331-80f3-4115-aa22-7237be04b62c,Ascent,10.0,5.0,17.0,4.0,Bronze,2.0,194.333,0.0,4.0,0.0,5.0,13.0,1,0,4
db918287-47b1-4943-8a3d-351feaaf8a6c,Lotus,9.0,4.0,16.0,8.0,Bronze,2.0,184.0,1.0,1.0,0.0,2.0,13.0,1,0,4
1ba37e3b-bb57-4c77-a614-cda997aa7cc1,Abyss,13.0,5.0,19.0,5.0,Bronze,2.0,159.083,3.0,1.0,1.0,13.0,11.0,1,0,4
d43cdc47-994d-48a5-901b-59fd7b414bc4,Haven,10.0,4.0,12.0,2.0,Bronze,2.0,133.762,3.0,2.0,2.0,13.0,8.0,0,0,4
fde084fa-5854-4aaf-b222-0e28265f537d,Split,7.0,8.0,20.0,3.0,Bronze,2.0,108.833,1.0,3.0,0.0,11.0,13.0,0,0,4
24c389f4-5e56-49b2-a0f8-10c7b62dc659,Ascent,11.0,10.0,22.0,5.0,Bronze,2.0,179.955,2.0,4.0,1.0,13.0,9.0,1,0,4
a84c8de5-750e-4785-a841-a7e6cdf526e4,Summit,11.0,7.0,4.0,8.0,Bronze,2.0,241.231,1.0,1.0,2.0,13.0,0.0,1,0,4
1a997487-0389-4b76-b997-238230805948,Haven,23.0,9.0,10.0,13.0,Bronze,2.0,324.7,1.0,2.0,3.0,13.0,7.0,1,0,4
6106dd1c-a9f4-404f-85a3-ea78b7c1683c,Sunset,34.0,12.0,24.0,13.0,Bronze,3.0,336.4,4.0,2.0,0.0,15.0,15.0,1,0,4
eeaed79d-a106-4930-b954-17214c779b76,Sunset,8.0,5.0,10.0,3.0,Bronze,3.0,137.316,2.0,2.0,1.0,13.0,6.0,1,0,4
8668c409-ea5e-4c67-9f29-43c1f1ccd748,Ascent,15.0,3.0,7.0,4.0,Bronze,3.0,306.462,2.0,0.0,1.0,13.0,0.0,1,0,4
94d008d8-a4a7-4e11-ac84-7226c18bc9f8,Split,10.0,5.0,22.0,3.0,Bronze,3.0,148.238,0.0,6.0,0.0,8.0,13.0,1,0,4
ee999248-8803-40d8-ad9c-c71856cb95cb,Summit,20.0,6.0,21.0,4.0,Bronze,3.0,274.087,4.0,0.0,0.0,10.0,13.0,1,0,4
2af48c3a-4a66-4f1d-8bec-3432138ad0be,Pearl,3.0,1.0,14.0,2.0,Bronze,1.0,66.533,0.0,1.0,0.0,2.0,13.0,1,2,2
de1c84d7-5585-4e2b-82eb-258dfcc0f3b5,Haven,19.0,6.0,7.0,9.0,Bronze,1.0,303.667,1.0,0.0,1.0,13.0,2.0,1,1,3
7ca7f12f-4630-45f2-8797-6e82858f3556,Pearl,7.0,4.0,18.0,5.0,Bronze,1.0,115.909,1.0,1.0,0.0,9.0,13.0,0,2,2
8c9f0764-bcfa-466f-83ed-8639b9a85eff,Split,10.0,11.0,13.0,5.0,Bronze,1.0,135.762,1.0,1.0,1.0,13.0,8.0,1,2,2
909e4d26-de29-4429-93f4-fe5c2c011b51,Lotus,6.0,6.0,11.0,3.0,Bronze,1.0,87.895,0.0,1.0,1.0,13.0,6.0,1,2,2
917929aa-27d0-4106-93ed-f79753da05cf,Haven,5.0,10.0,14.0,2.0,Bronze,1.0,97.4,1.0,1.0,0.0,7.0,13.0,1,1,3
b5181a65-a9fb-4253-9ce7-cbbc03b158d3,Ascent,16.0,12.0,16.0,11.0,Bronze,1.0,214.667,0.0,4.0,1.0,13.0,11.0,0,1,3
6eb5a27d-840d-49b0-92c4-1c60bed996c3,Ascent,3.0,2.0,12.0,0.0,Bronze,1.0,72.812,0.0,1.0,0.0,3.0,10.0,0,2,2
93518b30-3dea-4b11-a002-e655fbe7a87b,Lotus,11.0,3.0,16.0,8.0,Bronze,1.0,160.4,0.0,1.0,0.0,7.0,13.0,0,2,2
4978cbc6-61d7-4a88-b88f-b1ec930b2099,Split,12.0,4.0,15.0,4.0,Bronze,1.0,181.053,3.0,2.0,0.0,6.0,13.0,1,2,2
aaedb8bf-ba5d-438a-95df-f511ca839655,Pearl,8.0,6.0,15.0,3.0,Bronze,1.0,129.455,1.0,0.0,1.0,13.0,9.0,1,2,2
edc071fa-4dd1-4742-810e-c35fb1ce6436,Fracture,25.0,10.0,22.0,14.0,Bronze,1.0,229.333,2.0,2.0,1.0,16.0,14.0,1,1,3
13cc2fbd-f92a-42cd-8177-7823fb64a485,Split,10.0,4.0,11.0,4.0,Bronze,1.0,153.222,0.0,2.0,0.0,5.0,8.0,1,1,3
5a613218-dc7d-4efd-84e1-b5faa20dd1ad,Haven,17.0,1.0,17.0,14.0,Bronze,1.0,201.958,1.0,1.0,1.0,13.0,11.0,1,0,4
c419deb3-c3f9-4d0f-ac75-c3338d1f3e1b,Split,7.0,6.0,14.0,3.0,Bronze,1.0,138.529,1.0,2.0,1.0,13.0,4.0,1,2,2
c8705f2a-2b88-4809-9a4d-7fd2652aae1a,Fracture,16.0,5.0,17.0,6.0,Bronze,1.0,232.6,0.0,0.0,0.0,7.0,13.0,1,2,2
33c789b4-0723-45eb-99fe-8252f9afece1,Haven,14.0,8.0,13.0,8.0,Bronze,1.0,229.316,1.0,3.0,1.0,13.0,6.0,1,2,2
7eb9696b-2432-4bf5-897a-42c8c1f6cc49,Pearl,10.0,3.0,16.0,6.0,Bronze,1.0,164.8,3.0,2.0,0.0,7.0,13.0,1,2,2
bb48e3a3-0f62-4e59-948a-da2e16d6832a,Ascent,14.0,8.0,20.0,8.0,Bronze,1.0,155.615,1.0,1.0,1.0,14.0,12.0,1,1,3
6a5cc3a5-0591-4bd2-9802-688792aba92d,Fracture,15.0,5.0,19.0,9.0,Bronze,1.0,175.538,3.0,4.0,0.0,12.0,14.0,1,1,3
77d7f7a9-5a9c-415d-adef-d7b05122886b,Split,11.0,9.0,14.0,9.0,Bronze,1.0,248.0,0.0,0.0,0.0,2.0,13.0,0,3,1
d5138002-9620-4caa-89da-03f5a43ca604,Ascent,2.0,2.0,2.0,0.0,Bronze,1.0,44.692,1.0,0.0,1.0,5.0,0.0,0,3,1
20680e59-2d32-4ade-b437-a15fa044aff3,Breeze,15.0,6.0,20.0,5.0,Bronze,1.0,187.0,3.0,4.0,0.0,11.0,13.0,1,3,1
a7d8f6a6-47fd-4be3-8397-a73382f6c407,Pearl,12.0,6.0,12.0,6.0,Bronze,1.0,150.667,0.0,1.0,1.0,13.0,8.0,0,1,3
60443550-24cc-4252-af82-258ccbcc9fe3,Fracture,12.0,4.0,16.0,9.0,Bronze,1.0,180.75,1.0,0.0,0.0,7.0,13.0,1,1,3
1e129077-3db1-47b2-803b-94ba6ad281eb,Haven,29.0,3.0,7.0,11.0,Bronze,1.0,451.647,2.0,0.0,1.0,13.0,4.0,1,1,3
aed4812c-ebe3-4325-8fe7-868dd06ea147,Breeze,9.0,4.0,20.0,4.0,Bronze,1.0,140.087,1.0,4.0,0.0,10.0,13.0,1,1,3
19adebbf-24a9-4db2-ab0f-26c00f7ba9ff,Haven,9.0,1.0,14.0,2.0,Bronze,1.0,136.059,1.0,2.0,0.0,4.0,13.0,0,1,3
2b7545cc-27f4-48a6-9539-6bb8f9712c75,Split,5.0,9.0,23.0,0.0,Bronze,1.0,91.231,0.0,2.0,0.0,12.0,14.0,1,2,2
aa89c6f4-201d-49c1-b316-552adb7fa970,Breeze,11.0,6.0,17.0,3.0,Bronze,1.0,135.792,0.0,2.0,0.0,11.0,13.0,1,1,3
672bf792-492d-4c51-98f3-b741cfda6d52,Ascent,10.0,3.0,18.0,4.0,Unrated,,136.043,1.0,2.0,1.0,13.0,10.0,1,2,2
e3cd03e9-a24b-47e2-9183-e583e77e9387,Split,9.0,1.0,17.0,9.0,Unrated,,115.917,1.0,2.0,0.0,11.0,13.0,1,2,2
a67a1852-2067-4aa2-8f7e-10e1a9843287,Summit,8.0,1.0,13.0,3.0,Unrated,,123.412,0.0,1.0,0.0,4.0,13.0,0,2,2
8a0e37ae-cc48-48bf-943c-5d7f23a72d89,Lotus,12.0,3.0,18.0,8.0,Unrated,,148.045,1.0,1.0,0.0,9.0,13.0,0,2,2
dcd841f5-039f-4fc3-89ff-af1986dbe9ba,Split,16.0,4.0,18.0,4.0,Unrated,,187.478,2.0,1.0,0.0,10.0,13.0,0,1,3
592e489e-b9e3-4fd6-a41d-9589da078dcc,Ascent,16.0,8.0,15.0,10.0,Iron,3.0,227.75,3.0,1.0,1.0,13.0,7.0,0,1,3
3bde7705-3bf7-4d73-bf66-6ea6154acda5,Summit,7.0,3.0,15.0,4.0,Iron,3.0,175.125,0.0,0.0,0.0,3.0,13.0,0,1,3
8e0f013c-20d8-42e9-9125-e4d613a08692,Lotus,14.0,8.0,20.0,9.0,Iron,3.0,156.923,1.0,3.0,0.0,12.0,14.0,1,2,2
0d1e4fd1-c8cc-4d69-8e69-565524ec6691,Haven,13.0,12.0,15.0,6.0,Iron,3.0,156.962,1.0,0.0,1.0,14.0,12.0,0,2,2
6c545c85-d28a-431d-bab5-731c4b03cdfe,Ascent,9.0,6.0,17.0,3.0,Iron,3.0,129.227,2.0,0.0,0.0,9.0,13.0,1,1,3
ed238ab3-3d0d-4e19-ac43-de5bc419e050,Lotus,4.0,2.0,14.0,2.0,Iron,3.0,86.706,1.0,0.0,0.0,4.0,13.0,1,1,3
83390613-4ba4-4fe9-a23e-5790ba8eeced,Summit,14.0,6.0,18.0,11.0,Iron,3.0,175.391,0.0,1.0,0.0,10.0,13.0,0,1,3
2147a949-d819-4bdf-b2b3-cf12fcc05657,Ascent,16.0,5.0,17.0,10.0,Iron,3.0,189.333,2.0,1.0,1.0,13.0,11.0,0,1,3
d6eee8b2-b858-4512-9e52-3cb83cad0ac1,Split,6.0,2.0,9.0,0.0,Iron,3.0,103.857,0.0,2.0,2.0,13.0,1.0,1,1,3
ad664e23-8726-4f25-aaaa-9e9f84209123,Lotus,10.0,10.0,17.0,6.0,Iron,3.0,134.375,1.0,1.0,0.0,11.0,13.0,1,2,2
ce6e236c-6711-44fd-a6d3-34bb14f2da74,Summit,11.0,6.0,13.0,8.0,Iron,3.0,186.111,0.0,2.0,0.0,5.0,13.0,1,1,3
cfdf5b0f-f064-401b-8fca-3c32ecd6cd47,Breeze,10.0,5.0,16.0,6.0,Iron,3.0,153.955,2.0,3.0,1.0,13.0,9.0,0,1,3
29957d45-d115-4373-975e-ea17e19f036f,Split,12.0,5.0,12.0,8.0,Bronze,1.0,136.696,0.0,2.0,1.0,13.0,10.0,0,1,3
c41ef259-6012-4c81-bb07-ceed77ade30a,Lotus,9.0,5.0,10.0,4.0,Bronze,1.0,137.2,0.0,0.0,2.0,13.0,7.0,0,1,3
827651e8-2e0c-43f1-a3b0-b4a04326a30e,Haven,9.0,8.0,11.0,9.0,Iron,3.0,161.235,1.0,0.0,3.0,13.0,4.0,1,1,3
77140452-53af-46f4-926f-6af7e5e774ca,Lotus,11.0,4.0,17.0,6.0,Bronze,1.0,169.619,1.0,0.0,1.0,13.0,8.0,1,2,2
6fd34d6e-d6e2-4899-b2b6-06d3cfc7d2fa,Ascent,11.0,5.0,14.0,5.0,Bronze,1.0,170.389,0.0,0.0,0.0,5.0,13.0,0,2,2
f24f08d2-4754-42b2-b628-e442443231fe,Sunset,16.0,3.0,17.0,7.0,Bronze,1.0,200.0,1.0,4.0,0.0,10.0,13.0,1,1,3
80c4a013-ab60-4cd7-8724-c75c8aa187e7,Lotus,11.0,6.0,21.0,4.0,Bronze,1.0,139.192,0.0,3.0,1.0,14.0,12.0,1,2,2
b18b7410-1231-4856-a362-2b44ba8dc008,Sunset,8.0,4.0,16.0,3.0,Bronze,1.0,90.75,0.0,0.0,0.0,11.0,13.0,0,2,2
891b97df-7d96-44ad-b4b5-771ca23a9ab3,Ascent,14.0,6.0,9.0,11.0,Silver,3.0,199.056,1.0,0.0,1.0,13.0,5.0,1,0,4
3e3b7c5b-da15-42a5-bd5d-32cd22a46126,Split,10.0,2.0,11.0,5.0,Silver,3.0,177.176,3.0,0.0,2.0,13.0,4.0,0,4,0
45952039-6502-4737-8648-0dc20cc80f51,Abyss,4.0,3.0,6.0,4.0,Silver,3.0,55.333,0.0,0.0,3.0,13.0,5.0,1,1,3
16336b48-6d95-4fa8-86b5-2c54a408cab4,Lotus,17.0,6.0,20.0,12.0,Silver,3.0,181.0,1.0,2.0,0.0,12.0,14.0,0,0,4
67dc0c0e-0a7b-41bb-b979-d9186d799f75,Haven,13.0,8.0,19.0,10.0,Silver,3.0,167.652,2.0,5.0,0.0,10.0,13.0,0,0,4
66f95b33-5c6d-428c-acb6-385e536dbf3b,Abyss,12.0,5.0,16.0,6.0,Silver,2.0,173.158,2.0,4.0,1.0,13.0,6.0,0,0,4
39c89921-759a-477b-b3ca-00b532a1c087,Abyss,15.0,3.0,15.0,16.0,Silver,3.0,261.941,2.0,2.0,0.0,4.0,13.0,0,1,3
e415ccce-a73f-45ff-818a-ddae7f3009b4,Split,11.0,3.0,16.0,9.0,Silver,3.0,185.737,2.0,1.0,0.0,6.0,13.0,1,0,4
d9bea33d-f2ba-4bb2-b6cb-1166fcccb4fe,Lotus,17.0,5.0,6.0,12.0,Silver,3.0,299.4,3.0,0.0,1.0,13.0,2.0,0,0,4
32a5109a-7f66-47b2-bb3a-5e32c72fa217,Abyss,16.0,6.0,16.0,10.0,Silver,3.0,221.042,1.0,3.0,0.0,11.0,13.0,1,0,4
27076d84-a287-4b37-91f8-4f3aaa789cf7,Summit,23.0,12.0,13.0,20.0,Silver,3.0,360.667,0.0,1.0,1.0,13.0,5.0,1,0,4
73930f6f-7668-49f6-b2a5-25e941cb5dbf,Lotus,19.0,4.0,11.0,14.0,Silver,3.0,232.227,1.0,0.0,1.0,13.0,9.0,0,0,4
7958df0a-5e9c-40fd-87c9-0f4a55e4dc89,Sunset,14.0,3.0,13.0,10.0,Silver,3.0,218.211,4.0,4.0,2.0,13.0,6.0,0,0,4
f9dbc80a-0a0d-408c-94b9-099dd33cef70,Haven,4.0,2.0,14.0,3.0,Silver,3.0,83.714,0.0,2.0,0.0,1.0,13.0,0,0,4
af7b9ef4-585e-4e47-bde0-9da1796e2642,Haven,11.0,3.0,10.0,9.0,Silver,3.0,203.375,0.0,1.0,1.0,13.0,3.0,0,0,4
39cca016-a053-4364-9162-9a91f847b5f3,Abyss,9.0,4.0,15.0,6.0,Silver,3.0,147.55,0.0,1.0,0.0,7.0,13.0,0,2,2
fa6b8c66-0b44-466a-84eb-60c32556ec33,Ascent,24.0,7.0,19.0,17.0,Silver,3.0,237.429,3.0,3.0,1.0,15.0,13.0,1,0,4
89c63762-9ddd-4a50-9e7f-2edb2cf1c432,Ascent,13.0,2.0,16.0,12.0,Silver,3.0,243.812,4.0,3.0,0.0,3.0,13.0,0,0,4
8db590e0-4c2c-4793-b9eb-d0cf1c843636,Lotus,11.0,9.0,19.0,8.0,Silver,3.0,157.0,0.0,4.0,0.0,11.0,13.0,1,0,4
a9ea4f35-2705-4951-839e-539f6c8c35c4,Lotus,13.0,5.0,9.0,7.0,Silver,3.0,210.235,3.0,0.0,1.0,13.0,4.0,1,0,4
af048e2e-9442-4adf-b263-d2c993102a26,Split,8.0,3.0,7.0,2.0,Silver,3.0,130.118,1.0,1.0,1.0,13.0,4.0,1,0,4
6056a026-f2cb-4215-ae79-fe3b6d049fd3,Haven,15.0,3.0,8.0,10.0,Silver,3.0,239.812,2.0,2.0,2.0,13.0,3.0,1,0,4
e968d5c8-9659-4554-b30b-3c5d07690596,Haven,18.0,11.0,16.0,9.0,Gold,1.0,231.333,3.0,2.0,1.0,13.0,11.0,1,0,4
65c7b194-8797-490a-8f89-192056e9cc08,Abyss,15.0,3.0,9.0,13.0,Gold,1.0,218.263,2.0,0.0,1.0,13.0,6.0,0,0,4
02858d30-d3be-4b72-88d2-4e053d80e77e,Sunset,25.0,3.0,17.0,17.0,Gold,1.0,327.318,9.0,3.0,1.0,13.0,9.0,0,0,4
0df57a26-7077-4044-8c01-e3e70e4a43cf,Lotus,14.0,2.0,7.0,8.0,Gold,1.0,221.412,1.0,1.0,1.0,13.0,4.0,0,0,4
1d3060e6-3f36-40a9-9704-b2d5972b9099,Summit,10.0,8.0,16.0,7.0,Gold,1.0,151.909,2.0,4.0,0.0,9.0,13.0,0,0,4
cc571561-ecc9-402d-b54d-adb8093951e8,Ascent,6.0,1.0,14.0,4.0,Gold,1.0,124.357,0.0,3.0,0.0,1.0,13.0,1,0,4
8f3d0250-030c-4f32-ad69-d8f480d6679e,Lotus,13.0,3.0,18.0,9.0,Gold,1.0,167.476,0.0,3.0,0.0,8.0,13.0,0,0,4
30545976-2981-4ebe-a5e4-97403abf8468,Ascent,20.0,6.0,15.0,15.0,Gold,1.0,285.85,3.0,2.0,0.0,7.0,13.0,0,0,4
3508e6fa-0b0c-439c-a6a8-5d73088ed754,Abyss,8.0,4.0,15.0,5.0,Gold,1.0,123.8,0.0,4.0,0.0,7.0,13.0,1,0,4
9dff2f76-89da-41ac-8ade-a275499899f6,Breeze,26.0,5.0,17.0,2.0,Silver,2.0,336.478,7.0,4.0,0.0,10.0,13.0,0,1,3
7959ef3e-08b2-4e28-9692-524c41b1c71e,Split,44.0,4.0,14.0,20.0,Silver,2.0,537.217,8.0,2.0,1.0,13.0,10.0,1,1,3
00fa081a-0796-466b-a9f8-0fb5bc983aee,Lotus,26.0,8.0,16.0,6.0,Silver,2.0,338.043,6.0,1.0,1.0,13.0,10.0,1,3,1
c63abd8e-a796-40e8-afaa-fc2cfb0008e2,Haven,11.0,2.0,14.0,3.0,Silver,1.0,232.75,0.0,3.0,0.0,3.0,13.0,0,0,4
1df91289-61fd-4f9f-8937-92216e075af2,Fracture,18.0,9.0,16.0,4.0,Silver,2.0,250.905,3.0,4.0,0.0,8.0,13.0,0,1,3
cfa78e0c-ea1d-4115-99c3-83e8c9c8c1b8,Lotus,8.0,1.0,11.0,2.0,Silver,1.0,166.133,0.0,3.0,0.0,2.0,10.0,1,0,4
e8b31f4e-991f-49eb-acc6-79cffea7f46a,Pearl,13.0,5.0,17.0,4.0,Silver,2.0,238.579,2.0,1.0,0.0,6.0,13.0,0,1,3
c8dece2e-b622-4eaf-ad1f-efd3f29726b9,Haven,13.0,6.0,20.0,8.0,Silver,2.0,162.5,2.0,2.0,0.0,12.0,14.0,0,0,4
d034107a-37cd-4789-9a6e-69b9496e0e3d,Split,11.0,5.0,16.0,4.0,Silver,2.0,225.412,3.0,3.0,0.0,4.0,13.0,0,3,1
725acbd5-0fb7-44be-a124-6b406788b772,Lotus,15.0,6.0,17.0,7.0,Silver,2.0,238.0,6.0,3.0,0.0,7.0,13.0,1,2,2
ec54872a-be60-4be8-8d59-48c57a1859a1,Fracture,21.0,7.0,8.0,6.0,Silver,2.0,388.0,4.0,2.0,1.0,13.0,3.0,0,1,3
cf9041a6-b409-4c86-b543-857a4f036673,Pearl,10.0,1.0,13.0,4.0,Silver,2.0,160.35,3.0,3.0,0.0,7.0,13.0,0,0,4
5f3154c4-4862-4b92-a687-a833063aeb43,Breeze,19.0,1.0,17.0,4.0,Silver,2.0,283.667,2.0,1.0,0.0,8.0,13.0,1,4,0
f0c17529-b63c-4aa2-8687-d9017aec7496,Breeze,31.0,5.0,16.0,4.0,Silver,2.0,398.227,7.0,2.0,1.0,13.0,9.0,1,2,2
2c5a6fdb-9082-4bd0-b1cb-15fefdc31724,Lotus,27.0,8.0,12.0,13.0,Silver,2.0,322.217,3.0,2.0,2.0,13.0,10.0,0,1,3
1580c01a-2c48-40f7-861d-d4801ccf85cc,Pearl,26.0,4.0,16.0,8.0,Silver,2.0,250.75,7.0,4.0,0.0,14.0,14.0,1,1,3
8d34f433-14db-4723-b0ef-1fcb55194383,Haven,10.0,3.0,5.0,1.0,Silver,2.0,159.688,3.0,1.0,1.0,9.0,3.0,0,1,3
4a3d8209-771f-4bad-bd98-56f34368a92b,Pearl,24.0,5.0,18.0,16.0,Silver,2.0,248.179,5.0,6.0,0.0,14.0,14.0,0,1,3
711f7cfd-402b-443a-9be3-799fec175686,Fracture,17.0,8.0,17.0,7.0,Silver,2.0,232.909,4.0,0.0,1.0,13.0,9.0,0,0,4
f5a46d52-03c1-4b05-820e-70155412ed1f,Fracture,16.0,10.0,9.0,3.0,Silver,2.0,258.389,2.0,1.0,2.0,13.0,5.0,0,0,4
609fba2e-f590-404c-97d5-bd97680256d7,Lotus,32.0,3.0,16.0,13.0,Silver,3.0,391.292,6.0,4.0,0.0,11.0,13.0,1,2,2
aaae36c8-b4a7-498e-9f0c-5de1ed48d8a9,Lotus,21.0,6.0,19.0,7.0,Silver,3.0,280.13,3.0,5.0,0.0,10.0,13.0,1,1,3
89d6795c-c17e-40cc-845b-d8faca4f5121,Pearl,10.0,6.0,13.0,7.0,Silver,2.0,167.632,1.0,2.0,0.0,6.0,13.0,0,4,0
87dba074-8141-4f21-8d13-8fa9c9f3eedc,Haven,22.0,7.0,16.0,10.0,Silver,2.0,301.182,3.0,0.0,1.0,13.0,9.0,0,4,0
e80e7fdd-63c6-4e02-94b8-ced4c993063f,Split,13.0,6.0,14.0,1.0,Silver,2.0,180.7,2.0,1.0,1.0,13.0,7.0,0,1,3
0b1d354f-9550-4cd6-ad25-7c11c75d5641,Split,4.0,2.0,5.0,1.0,Silver,2.0,88.786,0.0,0.0,0.0,1.0,6.0,0,1,3
7725c725-a4f7-4d1c-a1ab-57f5a35e3d3c,Fracture,23.0,8.0,13.0,5.0,Silver,2.0,303.455,4.0,4.0,1.0,13.0,9.0,0,2,2
c1972303-3dc7-46a2-a26d-39d449eb5900,Haven,13.0,7.0,14.0,3.0,Silver,2.0,157.652,0.0,5.0,1.0,13.0,10.0,0,3,1
59547ca8-d1ac-4d2b-9125-e407fade610c,Haven,11.0,1.0,18.0,5.0,Silver,2.0,149.095,0.0,5.0,0.0,8.0,13.0,0,1,3
74dec13a-7a51-4a64-bad3-71980f9d42d0,Breeze,20.0,2.0,14.0,4.0,Silver,2.0,256.0,3.0,4.0,0.0,8.0,13.0,0,2,2
029af2c3-6446-413d-a35e-11bcaa0f4d88,Pearl,18.0,5.0,15.0,10.0,Silver,2.0,240.739,5.0,1.0,0.0,10.0,13.0,0,4,0
aaf05d09-954e-4d38-bf46-7d92a6151fff,Fracture,24.0,4.0,12.0,7.0,Silver,2.0,321.55,1.0,3.0,1.0,13.0,7.0,0,4,0
aab5887c-7af1-4868-bbef-5958cf39e0cb,Pearl,7.0,5.0,14.0,3.0,Silver,2.0,152.267,4.0,4.0,0.0,2.0,13.0,0,0,4
13609274-9712-4519-b70e-0ead395e8330,Fracture,17.0,10.0,17.0,4.0,Silver,2.0,216.087,1.0,3.0,1.0,13.0,10.0,0,0,4
1a004b85-14aa-406d-9b4e-b00387991d46,Lotus,9.0,10.0,16.0,3.0,Silver,2.0,128.773,0.0,4.0,0.0,9.0,13.0,1,2,2
a53cc781-bd8e-4a6d-8d5b-18543b57f17f,Breeze,11.0,10.0,13.0,6.0,Silver,2.0,165.7,2.0,3.0,1.0,13.0,7.0,0,4,0
0c3e623d-2cf2-447f-b79a-8473138f4cef,Haven,9.0,6.0,12.0,1.0,Silver,2.0,129.4,4.0,1.0,2.0,13.0,7.0,1,4,0
a709c081-0c08-45c4-aba8-991378dc8265,Split,9.0,4.0,17.0,2.0,Silver,2.0,157.176,2.0,3.0,0.0,4.0,13.0,0,4,0
e351fcca-6901-4254-9268-29778a978b7c,Haven,13.0,10.0,19.0,6.0,Silver,2.0,182.333,3.0,7.0,1.0,13.0,11.0,0,4,0
441151d2-df0b-4831-98a8-50d72119b095,Ascent,10.0,5.0,17.0,7.0,Silver,2.0,160.4,3.0,1.0,2.0,13.0,7.0,1,4,0
e544faab-c55e-4b38-8b5b-3a559e2b5327,Split,9.0,6.0,15.0,2.0,Silver,2.0,121.619,0.0,2.0,0.0,8.0,13.0,1,4,0
1c81bd27-c45a-4eb5-90b7-050e01c29f00,Lotus,16.0,5.0,15.0,7.0,Silver,2.0,242.053,3.0,4.0,0.0,6.0,13.0,0,4,0
9f1c9435-c0ac-4858-866c-5292b601ec32,Ascent,8.0,8.0,13.0,2.0,Silver,2.0,103.0,0.0,3.0,2.0,13.0,9.0,1,1,3
b2f4de61-548f-412f-8c82-1f3fa806b719,Split,15.0,8.0,10.0,4.0,Silver,2.0,225.444,2.0,2.0,1.0,13.0,5.0,1,2,2
550b39ef-f5fe-4eea-b2cf-c29b7a01cb08,Pearl,6.0,9.0,18.0,3.0,Silver,2.0,85.87,1.0,4.0,1.0,13.0,10.0,0,3,1
41eeff46-8770-4323-9e72-fbfe14c0eb68,Haven,13.0,8.0,18.0,5.0,Silver,2.0,174.909,3.0,3.0,0.0,9.0,13.0,0,3,1
e796072b-5af6-4458-ba41-6602f0acefcf,Breeze,15.0,3.0,15.0,8.0,Unrated,,240.684,2.0,1.0,0.0,6.0,13.0,0,0,4
59fc0ff4-a418-4790-bc53-9dba888993a4,Breeze,18.0,3.0,18.0,5.0,Unrated,,223.286,3.0,0.0,0.0,8.0,13.0,0,4,0
c995a64e-b96b-4284-9960-a3bd6fe12a2b,Lotus,1.0,2.0,2.0,1.0,Unrated,,29.923,1.0,0.0,1.0,4.0,0.0,0,4,0
714d8e8e-c3bb-4c3b-a87f-bcd458d6b836,Breeze,9.0,3.0,14.0,2.0,Unrated,,190.938,1.0,4.0,0.0,3.0,13.0,0,0,4
4d87dd28-3b4a-48aa-b130-e95fd2cfa164,Ascent,24.0,5.0,11.0,6.0,Bronze,1.0,333.15,5.0,2.0,1.0,13.0,7.0,0,2,2
8ca036bb-f85c-43e2-a784-75166fe5b4c5,Summit,10.0,7.0,17.0,4.0,Unrated,,164.045,2.0,4.0,2.0,13.0,9.0,0,2,2
805fe7da-988b-4682-ad3a-ccbc10972e9b,Summit,13.0,3.0,11.0,2.0,Bronze,2.0,180.0,5.0,4.0,1.0,13.0,8.0,1,2,2
5dccdf2d-42a9-4204-b794-3354b16f356f,Lotus,4.0,2.0,10.0,0.0,Bronze,2.0,89.857,1.0,1.0,0.0,1.0,9.0,0,2,2
e76cdc59-7ec8-4f57-915b-9b995285e936,Ascent,15.0,6.0,13.0,6.0,Bronze,2.0,207.545,3.0,3.0,1.0,13.0,9.0,1,4,0
e809a353-a80f-412a-8781-7937b83c8eb4,Haven,17.0,3.0,15.0,6.0,Bronze,1.0,224.227,2.0,2.0,2.0,13.0,9.0,1,4,0
1cdcc5ed-b9c9-475a-9001-48f9662b6679,Split,15.0,3.0,13.0,6.0,Bronze,2.0,218.684,0.0,2.0,1.0,13.0,6.0,1,4,0
15c9f11b-4d35-4eb0-aa95-cf45421428bc,Split,12.0,2.0,9.0,5.0,Bronze,2.0,160.1,3.0,2.0,1.0,13.0,7.0,1,4,0
00d24683-4c86-4883-b61c-3cff43ce0d5d,Summit,15.0,1.0,16.0,2.0,Bronze,3.0,215.857,2.0,4.0,0.0,8.0,13.0,1,4,0
f8d344c0-20b0-4b2d-a9ab-241f28ca4c71,Breeze,6.0,1.0,5.0,2.0,Bronze,3.0,134.692,0.0,1.0,0.0,0.0,5.0,0,4,0
c4e0e852-896f-41c9-bafd-71db7c0ee67e,Lotus,9.0,8.0,15.0,1.0,Bronze,2.0,123.955,1.0,5.0,1.0,13.0,9.0,1,4,0
96c3d835-41b6-42a9-a300-d529425b09cd,Ascent,7.0,7.0,19.0,1.0,Bronze,2.0,127.474,2.0,3.0,0.0,6.0,13.0,0,4,0
2abfe2f9-87a1-492d-a6bc-b2da7101f829,Breeze,18.0,3.0,15.0,5.0,Bronze,2.0,241.1,1.0,1.0,0.0,7.0,13.0,0,4,0
ced664a5-45c2-4c3f-bcdc-3cb3961d8e27,Sunset,2.0,1.0,5.0,0.0,Bronze,2.0,48.154,0.0,1.0,0.0,0.0,5.0,0,4,0
c360fb51-e2d7-4a8c-b012-bf2df25f582a,Haven,17.0,1.0,15.0,8.0,Bronze,2.0,236.095,4.0,2.0,0.0,8.0,13.0,0,4,0
ddd68a73-3674-43fa-95c7-7d2fb75a7723,Haven,15.0,3.0,9.0,3.0,Bronze,2.0,188.222,1.0,1.0,1.0,12.0,5.0,1,0,4
a5387727-cc79-4430-a359-77be3eb81c40,Ascent,9.0,3.0,20.0,5.0,Bronze,2.0,139.143,2.0,4.0,0.0,8.0,13.0,1,1,3
508494e1-4270-4af3-807e-d14476e99a77,Summit,9.0,6.0,18.0,3.0,Bronze,2.0,119.727,2.0,3.0,1.0,13.0,9.0,0,1,3
a7d04c61-3484-4b3c-bca7-15ad626c36e8,Sunset,15.0,3.0,11.0,6.0,Bronze,2.0,210.55,3.0,2.0,2.0,13.0,7.0,1,1,3
f271f227-e105-4c8f-9d03-f92e364bb723,Sunset,11.0,7.0,15.0,4.0,Bronze,2.0,149.783,2.0,3.0,0.0,10.0,13.0,0,1,3
b1e3d209-6f53-474d-b4f9-2e604eefb53a,Summit,5.0,8.0,9.0,2.0,Bronze,2.0,100.667,1.0,5.0,1.0,11.0,2.0,0,1,3
3987088d-cc34-441a-b06d-b669efaec249,Split,14.0,7.0,19.0,10.0,Bronze,2.0,206.522,1.0,1.0,0.0,10.0,13.0,0,1,3
7a48b35b-79ed-4b57-ac7b-d2f97bb7b988,Breeze,13.0,3.0,10.0,6.0,Bronze,2.0,227.667,2.0,2.0,0.0,2.0,13.0,1,2,2
5629c992-8dff-496a-a154-723765ee5464,Lotus,15.0,3.0,18.0,4.0,Bronze,2.0,157.654,3.0,5.0,1.0,14.0,12.0,1,2,2
f93e046d-614f-445f-a2ba-373a4d310515,Ascent,9.0,6.0,16.0,5.0,Bronze,2.0,123.5,1.0,2.0,1.0,13.0,9.0,0,4,0
9db2d4ee-52c1-4dc1-8a44-4b6b4d928869,Split,16.0,10.0,18.0,4.0,Bronze,2.0,188.115,3.0,6.0,2.0,14.0,12.0,1,4,0
2c13e39c-d85e-4229-a2fc-30c5f46850e6,Summit,14.0,2.0,15.0,8.0,Bronze,2.0,174.5,2.0,1.0,0.0,11.0,13.0,0,2,2
49bf6e22-525d-4241-b8a0-f1d4377cf84f,Haven,8.0,3.0,15.0,5.0,Bronze,2.0,106.682,1.0,2.0,1.0,13.0,9.0,0,4,0
181d70fb-ba83-41b9-a46d-55c42019d39b,Ascent,19.0,8.0,16.0,8.0,Bronze,2.0,311.2,3.0,2.0,0.0,7.0,13.0,0,2,2
98945d4e-1679-4ec9-b106-42fc9072a3cf,Summit,21.0,11.0,16.0,11.0,Bronze,2.0,309.136,2.0,3.0,0.0,9.0,13.0,0,2,2
c47cfdc7-1361-42cf-adf1-89658612b79e,Breeze,13.0,3.0,18.0,6.0,Bronze,2.0,177.333,2.0,5.0,0.0,8.0,13.0,1,0,4
955a61fe-5e8f-4bcc-99c3-ae68908f26f2,Haven,17.0,1.0,7.0,4.0,Bronze,2.0,254.412,4.0,1.0,1.0,13.0,4.0,0,0,4
70c495ab-6c53-450c-bf82-c7d731c97a3e,Split,19.0,10.0,14.0,4.0,Bronze,2.0,237.5,2.0,2.0,0.0,11.0,13.0,0,2,2
5ee26194-d7e8-4b31-9dc3-539700c10781,Sunset,21.0,2.0,16.0,5.0,Bronze,2.0,244.652,3.0,3.0,0.0,10.0,13.0,1,2,2
8a07e803-70ef-4a02-8c3f-30e9e37e3b2e,Summit,12.0,3.0,16.0,4.0,Bronze,2.0,200.684,1.0,3.0,0.0,6.0,13.0,0,2,2
6261db53-3e20-4e8b-aa15-a9197c14c1e0,Split,26.0,2.0,11.0,6.0,Bronze,2.0,353.25,3.0,1.0,1.0,13.0,7.0,1,2,2
863aa7cc-884a-42dd-bf08-9d6b0232924d,Breeze,15.0,6.0,17.0,4.0,Bronze,2.0,259.7,5.0,2.0,0.0,7.0,13.0,0,2,2
49dfe896-3714-42fe-8255-72dd9f7ff136,Lotus,20.0,5.0,14.0,5.0,Bronze,2.0,306.474,5.0,5.0,0.0,6.0,13.0,1,1,3
5b141223-4396-4c29-9ff1-a1c6d33f821a,Lotus,30.0,11.0,12.0,9.0,Bronze,2.0,362.261,7.0,4.0,1.0,13.0,10.0,0,1,3
3048fad2-97c9-43db-b31e-d568ef55e428,Haven,26.0,8.0,6.0,7.0,Bronze,2.0,456.375,4.0,0.0,2.0,10.0,3.0,0,1,3
29cebccb-bb8e-48b3-9383-5a6ff1ae389e,Breeze,11.0,4.0,10.0,2.0,Bronze,2.0,175.0,2.0,2.0,1.0,13.0,4.0,1,4,0
a3431873-897c-4c62-ac29-f007ce101ad0,Ascent,11.0,3.0,15.0,4.0,Bronze,2.0,168.6,0.0,2.0,0.0,7.0,13.0,0,4,0
270bde2b-4db8-45ea-9d10-dcdfdab36f21,Summit,9.0,3.0,9.0,3.0,Bronze,2.0,135.625,2.0,1.0,1.0,13.0,3.0,0,4,0
12842353-2030-4308-8cc5-1adba7ee377c,Lotus,31.0,8.0,14.0,12.0,Bronze,3.0,338.231,9.0,3.0,1.0,14.0,12.0,0,2,2
20cf14b7-83b2-4701-902e-b689ab01ad1d,Ascent,34.0,9.0,14.0,12.0,Bronze,2.0,447.739,8.0,2.0,2.0,13.0,10.0,0,2,2
8b90f7f5-8a9f-4758-a69b-88a46e9962ff,Breeze,24.0,3.0,15.0,7.0,Bronze,2.0,278.5,3.0,1.0,1.0,13.0,11.0,1,0,4
aedb673a-a5f7-4a0c-826c-47459f8854c5,Split,20.0,4.0,17.0,4.0,Silver,1.0,259.667,4.0,1.0,0.0,8.0,13.0,0,1,3
0da2f9a3-6ebe-47fe-8197-82c1bbc71906,Lotus,20.0,5.0,17.0,7.0,Silver,1.0,207.071,2.0,2.0,0.0,13.0,15.0,0,1,3
1dbee0f2-059f-4c3e-83f8-5cbd47f85a66,Lotus,23.0,3.0,11.0,6.0,Bronze,3.0,335.789,3.0,3.0,1.0,13.0,6.0,1,1,3
4d1b5161-6354-428a-b754-815f5005a658,Sunset,11.0,1.0,6.0,2.0,Bronze,3.0,203.357,2.0,1.0,2.0,13.0,1.0,0,1,3
5167c40c-55ac-440e-80e2-db505d25d29d,Split,14.0,6.0,15.0,3.0,Bronze,3.0,184.565,3.0,2.0,0.0,10.0,13.0,1,1,3
3695a531-73e5-4d0c-bde9-b68565b1639a,Sunset,16.0,1.0,18.0,7.0,Silver,1.0,192.136,0.0,3.0,0.0,9.0,13.0,0,2,2
4178ad44-3201-4a47-952b-308984411bf2,Summit,9.0,5.0,17.0,5.0,Silver,1.0,153.316,1.0,4.0,0.0,6.0,13.0,1,2,2
9bcb49fe-2b00-4fd1-8398-83633be46e83,Haven,12.0,3.0,14.0,8.0,Silver,1.0,211.222,0.0,3.0,0.0,5.0,13.0,1,1,3
2415484c-2c8c-4cd5-b233-3b04114ddb89,Breeze,12.0,0.0,5.0,3.0,Silver,1.0,207.714,2.0,1.0,1.0,11.0,1.0,0,1,3
1812eaff-5612-4cab-989f-8244965d6721,Split,14.0,7.0,17.0,6.0,Silver,1.0,208.043,1.0,3.0,0.0,10.0,13.0,0,1,3
aeb153ca-e4bf-40fc-a452-d0b28b2a0a5b,Ascent,21.0,6.0,14.0,11.0,Silver,1.0,272.667,4.0,3.0,1.0,13.0,11.0,0,2,2
48938270-6cc5-4c89-8df7-410c4d6d999b,Split,12.0,2.0,14.0,2.0,Silver,1.0,156.636,2.0,0.0,1.0,13.0,9.0,1,0,4
48feb5fc-47e4-42f5-9284-be7cad1156ea,Split,14.0,6.0,15.0,3.0,Silver,1.0,190.955,5.0,4.0,1.0,13.0,9.0,0,0,4
d3cd7dd4-daa4-4286-8446-4c283bd70e8f,Lotus,14.0,5.0,17.0,4.0,Silver,1.0,152.214,2.0,0.0,0.0,14.0,14.0,1,0,4
bab0fb60-9834-4451-b0ba-64c12607e0c9,Sunset,10.0,7.0,19.0,5.0,Silver,1.0,167.565,0.0,3.0,0.0,10.0,13.0,1,0,4
c839396e-148a-4223-9bd3-2b2b756fc998,Breeze,16.0,2.0,14.0,7.0,Silver,1.0,291.0,1.0,1.0,0.0,3.0,13.0,0,1,3
c6d3a4e9-8acc-491d-8085-eac6130813ef,Haven,7.0,3.0,19.0,7.0,Silver,1.0,84.478,0.0,2.0,0.0,10.0,13.0,0,2,2
f4c66cfa-e7ef-47dd-bb82-f02b405d84b3,Ascent,10.0,2.0,15.0,4.0,Silver,1.0,139.778,0.0,2.0,0.0,5.0,13.0,0,2,2
03fea1fd-a987-44b9-95c8-8731a1c0b402,Sunset,10.0,6.0,8.0,3.0,Silver,1.0,192.0,1.0,2.0,1.0,9.0,1.0,1,2,2
97e23e3d-003a-4203-9ed5-e77a6ac5c485,Haven,10.0,2.0,8.0,7.0,Silver,1.0,171.0,1.0,1.0,2.0,13.0,5.0,0,0,4
ccc089f4-9b47-4aed-bccb-f397a5b23b77,Split,25.0,3.0,10.0,12.0,Silver,1.0,333.4,7.0,2.0,1.0,13.0,7.0,1,1,3
88f2419c-ff43-420c-b88e-3bd798d543f8,Summit,20.0,9.0,15.0,15.0,Silver,1.0,266.048,1.0,2.0,0.0,8.0,13.0,0,1,3
f307d2a7-4b53-44d2-84e4-459c883380c2,Summit,19.0,4.0,13.0,8.0,Silver,1.0,263.3,1.0,1.0,1.0,13.0,7.0,0,0,4
20a4ee74-9979-407b-990d-139782da158c,Haven,9.0,8.0,13.0,2.0,Silver,1.0,130.857,0.0,1.0,2.0,13.0,8.0,1,1,3
6bba618c-9538-4ca1-ae0b-1691a13e974a,Sunset,9.0,4.0,12.0,3.0,Silver,1.0,115.792,0.0,0.0,3.0,13.0,11.0,1,1,3
37200c8b-8875-4448-ad53-d62bbc84976f,Lotus,8.0,8.0,15.0,3.0,Silver,1.0,171.812,2.0,2.0,0.0,3.0,13.0,0,1,3
74f636fd-184b-4477-9283-66f02f2bed08,Split,25.0,7.0,18.0,11.0,Silver,1.0,284.786,6.0,1.0,0.0,13.0,15.0,1,1,3
0fb0449a-f0d2-4ac0-abac-e93405601e2f,Breeze,14.0,2.0,10.0,12.0,Silver,1.0,213.667,2.0,1.0,1.0,13.0,5.0,0,1,3
9ab32c89-710a-4ceb-a4ae-2c1de86e8205,Summit,13.0,5.0,11.0,4.0,Silver,1.0,219.684,0.0,1.0,2.0,13.0,6.0,1,1,3
14ecc691-5b6f-4159-8d8a-77da633b0501,Ascent,17.0,4.0,13.0,13.0,Silver,1.0,253.35,1.0,1.0,0.0,7.0,13.0,1,1,3
66e23967-50d7-42cd-a471-6dca69341d78,Haven,21.0,5.0,15.0,9.0,Silver,1.0,290.286,1.0,3.0,0.0,8.0,13.0,0,1,3
1732c499-a56a-47b5-8946-ef276dedd62b,Sunset,18.0,5.0,14.0,8.0,Silver,1.0,229.739,2.0,1.0,1.0,13.0,10.0,0,0,4
8110fd15-73c4-48dc-8b13-9b6c13fc68ec,Ascent,22.0,2.0,12.0,7.0,Silver,1.0,258.833,3.0,0.0,1.0,13.0,11.0,1,1,3
e9b73e5e-139a-4eb1-940a-31abea4fb84e,Breeze,20.0,3.0,18.0,9.0,Silver,1.0,183.929,0.0,4.0,0.0,13.0,15.0,0,1,3
cc934f61-31fa-4221-bcb5-4bdb279531a4,Summit,16.0,3.0,2.0,7.0,Silver,1.0,262.875,3.0,0.0,1.0,13.0,3.0,1,1,3
182157de-ed8a-49da-b58b-716f18cfbddd,Split,13.0,12.0,20.0,10.0,Silver,1.0,161.357,3.0,1.0,0.0,13.0,15.0,0,0,4
a49fd1e9-e17e-485d-9bed-b0310493f993,Lotus,10.0,5.0,16.0,3.0,Silver,1.0,144.043,3.0,3.0,1.0,13.0,10.0,1,1,3
94072ae9-3dd6-44a5-8a5d-14f56e754c3c,Haven,11.0,5.0,12.0,11.0,Silver,1.0,179.455,2.0,0.0,1.0,13.0,9.0,1,2,2
279218d3-2226-45c8-be51-42de69aff1d7,Breeze,24.0,4.0,16.0,6.0,Silver,2.0,273.231,4.0,3.0,1.0,14.0,12.0,0,2,2
7b8535aa-9694-4788-afb8-6a8b2132cd60,Ascent,13.0,9.0,10.0,2.0,Silver,1.0,233.059,2.0,2.0,2.0,13.0,4.0,0,4,0
cbb61e8a-8ecd-44c0-b51e-10611e548c68,Split,19.0,3.0,14.0,5.0,Silver,2.0,243.455,2.0,2.0,1.0,13.0,9.0,1,2,2
ab12740e-f162-458b-865c-ce5631a2af65,Sunset,6.0,7.0,14.0,2.0,Silver,2.0,101.2,0.0,1.0,2.0,13.0,7.0,0,2,2
1e4347dd-1fdf-4d3c-b11b-44cb18f2ec0d,Ascent,15.0,10.0,19.0,10.0,Silver,2.0,216.833,3.0,2.0,3.0,13.0,11.0,0,2,2
64e0c4f2-a102-44bf-9ec1-9758d065a90c,Split,14.0,3.0,7.0,4.0,Silver,2.0,255.625,4.0,2.0,1.0,13.0,3.0,0,2,2
28c9f10c-b8c1-40be-b0c2-dd6d6c0c1aa9,Ascent,12.0,4.0,19.0,5.0,Silver,3.0,187.682,4.0,9.0,0.0,9.0,13.0,1,2,2
9e7c1a1f-4254-47a3-bec5-cc3f97087278,Breeze,15.0,11.0,15.0,9.0,Silver,3.0,247.0,1.0,1.0,0.0,7.0,13.0,0,2,2
1a387cf2-b507-4e51-b0f5-af5c78e10609,Sunset,35.0,3.0,15.0,16.0,Silver,2.0,461.227,12.0,0.0,1.0,13.0,9.0,0,1,3
c9590b95-9585-404a-ad41-fb05db137a8d,Summit,18.0,3.0,18.0,9.0,Silver,2.0,249.048,2.0,1.0,0.0,8.0,13.0,1,1,3
a10dd4db-b9b5-4b84-a84c-7a8839564b49,Haven,17.0,9.0,19.0,5.0,Silver,2.0,217.455,3.0,7.0,0.0,9.0,13.0,1,0,4
b1871614-105e-4a37-b993-344a04c85268,Breeze,25.0,4.0,17.0,8.0,Silver,2.0,279.692,3.0,5.0,0.0,12.0,14.0,1,1,3
bb23132e-1db7-49ea-a1d7-619cd5acf9d8,Ascent,21.0,3.0,12.0,6.0,Silver,2.0,306.211,6.0,1.0,1.0,13.0,6.0,0,1,3
bfff8951-1d99-4af7-925e-f82826d1c6a8,Haven,34.0,10.0,24.0,12.0,Silver,2.0,354.929,4.0,2.0,0.0,13.0,15.0,1,1,3
f319cfd3-36dd-4535-a203-74edb5784c2d,Summit,19.0,2.0,13.0,6.0,Silver,2.0,210.818,2.0,0.0,1.0,13.0,9.0,0,2,2
1dce62e1-78c7-4715-8c32-55888d29a9ec,Ascent,21.0,4.0,14.0,7.0,Silver,2.0,235.083,3.0,3.0,1.0,13.0,11.0,0,2,2
a7173f25-4d72-45e3-a227-62300a287ef3,Haven,20.0,5.0,18.0,4.0,Silver,2.0,244.375,1.0,1.0,0.0,11.0,13.0,1,1,3
40792e86-c2f0-4f79-9025-84e083eb5fef,Sunset,23.0,4.0,15.0,9.0,Silver,2.0,293.87,5.0,2.0,0.0,10.0,13.0,0,1,3
33bdd656-e995-457d-8de2-b9a4ba8fd01c,Summit,13.0,1.0,15.0,5.0,Silver,2.0,225.737,2.0,1.0,0.0,6.0,13.0,1,0,4
fcc70152-5257-4197-a814-14eb17948f00,Abyss,28.0,10.0,14.0,15.0,Unrated,,411.55,8.0,2.0,1.0,13.0,7.0,0,2,2
256c8a6e-29d2-4e28-ab44-b70dd1994a75,Abyss,22.0,2.0,16.0,5.0,Silver,2.0,338.5,3.0,3.0,0.0,7.0,13.0,0,1,3
5b433f78-6afc-40d1-aa6f-07f169564f7a,Haven,19.0,8.0,9.0,10.0,Silver,2.0,327.812,2.0,1.0,1.0,13.0,3.0,0,2,2
8e0b4dc4-c671-4a10-ac82-81ef21aa0ed3,Haven,20.0,6.0,21.0,9.0,Silver,2.0,219.731,3.0,5.0,0.0,12.0,14.0,0,1,3
0b6dd366-b78e-47da-bf4f-3bc1670d89ac,Ascent,18.0,11.0,18.0,11.0,Silver,2.0,285.714,7.0,1.0,0.0,8.0,13.0,0,1,3
cf8d2e7b-585d-4f3c-aada-c73eae37510b,Sunset,11.0,8.0,16.0,6.0,Silver,2.0,193.619,2.0,5.0,0.0,8.0,13.0,0,1,3
6a13b117-0853-4fd0-889e-0a71f34e0d5f,Split,35.0,3.0,10.0,16.0,Silver,1.0,467.667,6.0,2.0,1.0,13.0,8.0,1,2,2
de067aae-2bed-4ba0-9983-cba515a2a768,Summit,25.0,7.0,19.0,9.0,Silver,1.0,378.857,8.0,2.0,0.0,8.0,13.0,1,2,2
56eb9939-b3cd-4d52-a65f-e807dcd1dc29,Ascent,11.0,4.0,16.0,8.0,Silver,1.0,205.529,2.0,0.0,0.0,4.0,13.0,0,1,3
87a38b51-e9bb-44bd-be3a-e5132e1e36f7,Lotus,17.0,5.0,19.0,12.0,Silver,1.0,243.682,4.0,5.0,0.0,9.0,13.0,0,2,2
cc802ded-7e3f-4ab1-add6-8351fadd79fb,Haven,21.0,11.0,11.0,8.0,Silver,1.0,362.118,3.0,1.0,1.0,13.0,4.0,0,2,2
2b2e4bef-0f85-48d9-9a30-b28c8179ca35,Split,24.0,3.0,19.0,13.0,Silver,1.0,274.615,2.0,1.0,0.0,12.0,14.0,0,4,0
dd2950d8-0913-44e5-ab0d-3e883a479f78,Summit,15.0,7.0,15.0,14.0,Silver,1.0,208.045,4.0,3.0,2.0,13.0,9.0,0,4,0
7dbef0f8-687f-40ab-b2c0-f10e4263a7c5,Abyss,19.0,11.0,18.0,5.0,Silver,1.0,255.043,2.0,4.0,0.0,10.0,13.0,1,4,0
8882f538-fcab-418f-809c-0807a6733770,Lotus,12.0,2.0,6.0,7.0,Silver,1.0,243.846,3.0,2.0,1.0,13.0,0.0,1,0,4
3ae52c41-707f-4c33-8a17-4d12a2231f09,Ascent,11.0,8.0,18.0,3.0,Silver,1.0,169.304,1.0,3.0,1.0,13.0,10.0,0,2,2
426cc63d-c724-4e6e-97f4-ce99b51813f0,Ascent,17.0,12.0,18.0,8.0,Silver,1.0,209.808,5.0,3.0,2.0,14.0,12.0,1,2,2
a7a9d66d-aa50-40bf-9ab9-6e590668634d,Lotus,22.0,4.0,9.0,5.0,Silver,2.0,372.222,7.0,3.0,1.0,13.0,5.0,1,1,3
f4da9b48-b84d-4163-abc4-876db8dc2aff,Summit,5.0,6.0,16.0,7.0,Silver,3.0,128.294,1.0,8.0,0.0,4.0,13.0,1,1,3
fab087b3-cd39-47d8-a21c-7fc03277ccb1,Split,16.0,3.0,18.0,7.0,Silver,2.0,188.423,3.0,4.0,1.0,14.0,12.0,0,2,2
a54041a4-ced5-452b-9882-013e84eb3f53,Sunset,26.0,4.0,11.0,9.0,Silver,2.0,397.222,8.0,1.0,2.0,13.0,5.0,1,2,2
06e496aa-55f4-4e8d-886d-ca3941f6f384,Sunset,26.0,7.0,15.0,9.0,Silver,2.0,346.13,8.0,4.0,4.0,13.0,10.0,0,1,3
d25d1bfd-f8c5-4262-ab09-2f6b066065b4,Ascent,17.0,4.0,12.0,5.0,Silver,2.0,286.25,6.0,1.0,1.0,13.0,3.0,1,1,3
ceedb3f9-e3b0-453b-843d-97f58af3c821,Lotus,15.0,4.0,18.0,5.0,Silver,3.0,195.667,2.0,3.0,0.0,11.0,13.0,0,1,3
62097f83-cde9-49ff-8560-8e0b80f2ee18,Haven,19.0,4.0,17.0,8.0,Silver,3.0,246.652,6.0,1.0,0.0,10.0,13.0,0,2,2
6823d39e-1d1f-4319-9994-4ac3b6a0c6ec,Haven,13.0,8.0,19.0,7.0,Ascendant,1.0,144.115,1.0,2.0,1.0,14.0,12.0,1,0,4
2d45ec50-6577-4ced-9441-628b268457a7,Ascent,15.0,6.0,19.0,15.0,Ascendant,1.0,237.947,0.0,2.0,0.0,6.0,13.0,0,0,4
aa7391d1-3b02-40af-b02d-041363e386f6,Haven,9.0,1.0,13.0,8.0,Ascendant,1.0,159.5,1.0,3.0,0.0,3.0,10.0,1,0,4
2b15f781-dd16-4b3f-be14-79835848a275,Ascent,21.0,1.0,7.0,19.0,Diamond,3.0,334.25,2.0,1.0,1.0,13.0,3.0,1,0,4
a8a1c65c-1ab7-4258-836a-3e4f9ddc9f24,Abyss,13.0,6.0,18.0,10.0,Diamond,3.0,158.885,2.0,1.0,2.0,14.0,12.0,0,0,4
f7d1adcc-c39c-4d52-87fe-e95d026e76d9,Sunset,26.0,1.0,8.0,19.0,Ascendant,1.0,331.842,2.0,3.0,1.0,13.0,6.0,1,0,4
1b3f1cc7-eafd-4c92-aeb0-b197beebb6f4,Ascent,9.0,5.0,20.0,9.0,Ascendant,1.0,119.917,0.0,3.0,0.0,11.0,13.0,0,0,4
5f7f26ad-91c4-47c0-8ec7-877224f4c2e0,Summit,19.0,7.0,14.0,15.0,Ascendant,1.0,250.682,0.0,2.0,1.0,13.0,9.0,0,0,4
1e5fc887-c5a3-4d15-8f62-9e77984435b8,Abyss,14.0,2.0,17.0,6.0,Ascendant,1.0,174.043,3.0,4.0,2.0,13.0,10.0,1,0,4
8f447a53-9d82-4a7d-b2ec-a8563c51bfd1,Ascent,10.0,6.0,14.0,10.0,Ascendant,1.0,151.7,0.0,2.0,1.0,13.0,7.0,1,1,3
8d0608e1-0061-491e-93ad-e7817915f298,Split,18.0,9.0,17.0,17.0,Ascendant,1.0,218.208,0.0,1.0,0.0,11.0,13.0,1,1,3
330bb5f3-4e0d-4e29-9012-4d28d30a1300,Haven,10.0,3.0,18.0,9.0,Ascendant,1.0,139.524,1.0,2.0,0.0,8.0,13.0,0,0,4
3a43c450-382b-40c9-aefc-66e857364aa3,Abyss,7.0,2.0,15.0,6.0,Ascendant,1.0,90.5,1.0,5.0,1.0,13.0,9.0,0,0,4
c8aa5f5e-5ee3-41da-b3de-467f47cbea89,Abyss,20.0,10.0,23.0,15.0,Ascendant,1.0,242.227,3.0,1.0,0.0,9.0,13.0,0,0,4
421778a6-fb27-4322-a466-da506b32f76c,Split,17.0,7.0,18.0,10.0,Ascendant,1.0,250.261,3.0,1.0,1.0,13.0,10.0,0,0,4
f9b1e70b-0351-4c9b-9e43-7b5ff7ab33f6,Lotus,11.0,2.0,18.0,9.0,Ascendant,1.0,165.8,3.0,4.0,0.0,7.0,13.0,0,0,4
dc4c0336-90fd-4389-b6b0-4f563262cd01,Split,16.0,1.0,19.0,10.0,Ascendant,1.0,199.667,0.0,3.0,0.0,8.0,13.0,1,1,3
9e3cbac3-0850-4598-a018-bf92323d949a,Ascent,14.0,5.0,9.0,8.0,Ascendant,1.0,191.65,2.0,1.0,1.0,13.0,7.0,0,1,3
6b03837d-b79c-4f7d-8df2-3ef8510c6505,Lotus,17.0,6.0,15.0,12.0,Platinum,2.0,243.8,1.0,5.0,1.0,13.0,7.0,1,0,4
3261dfe1-767c-4712-a0a6-bd0bd79f8e70,Summit,24.0,2.0,18.0,12.0,Unrated,,245.0,4.0,1.0,0.0,12.0,14.0,0,0,4
f3ba7969-6ee9-4e9b-8a42-b1d44f4e94f8,Sunset,13.0,2.0,11.0,8.0,Platinum,2.0,163.05,3.0,1.0,1.0,13.0,7.0,0,0,4
944c3975-9353-445c-be84-0795e1c1546d,Summit,12.0,7.0,12.0,7.0,Platinum,2.0,203.294,2.0,2.0,2.0,13.0,4.0,0,0,4
cf47b085-9f44-4fde-b630-2a54d74b1a5b,Split,17.0,9.0,17.0,9.0,Platinum,2.0,208.727,2.0,3.0,1.0,13.0,9.0,0,0,4
9878b90a-4833-43b7-b46a-55a1d85f827e,Haven,16.0,2.0,15.0,14.0,Platinum,3.0,252.176,1.0,0.0,0.0,4.0,13.0,0,0,4
5c500cc9-d652-4a56-a64f-491c657ac743,Abyss,27.0,3.0,24.0,7.0,Platinum,3.0,258.867,6.0,5.0,1.0,16.0,14.0,1,0,4
9788e194-9a80-4e70-9697-e766f754614d,Split,3.0,0.0,9.0,2.0,Platinum,3.0,52.0,1.0,3.0,0.0,5.0,13.0,0,0,4
14c86f8b-104b-47db-a0f3-b9aeb94c4046,Lotus,28.0,3.0,16.0,23.0,Diamond,3.0,436.105,5.0,1.0,0.0,6.0,13.0,1,0,4
0b679714-f365-411f-839d-8677171dad80,Split,33.0,4.0,15.0,26.0,Unrated,,478.526,9.0,2.0,1.0,13.0,6.0,0,0,4
91cf5901-8940-4909-8aeb-ec0badfbfb50,Breeze,13.0,5.0,14.0,9.0,Iron,2.0,162.385,2.0,0.0,0.0,12.0,14.0,1,0,4
8d46b33c-6793-4cd6-b9f5-c5e2315e8cf3,Lotus,15.0,8.0,17.0,7.0,Iron,3.0,223.095,2.0,1.0,0.0,8.0,13.0,1,0,4
fc0eba6a-b717-4338-8f74-2687ff75f006,Ascent,12.0,10.0,18.0,11.0,Iron,3.0,210.952,1.0,2.0,0.0,8.0,13.0,1,0,4
890e4c87-42f0-4952-a3b2-a54692fa038e,Summit,6.0,5.0,17.0,9.0,Iron,3.0,123.053,0.0,3.0,0.0,6.0,13.0,0,0,4
75c41fb0-410d-4adb-aa87-b69afaf0c437,Split,20.0,5.0,14.0,14.0,Iron,3.0,215.667,2.0,0.0,0.0,11.0,13.0,0,0,4
ab8fb01d-d149-400e-bcb7-b2e25c8ee7fd,Ascent,13.0,2.0,15.0,6.0,Diamond,3.0,186.55,1.0,0.0,0.0,7.0,13.0,1,2,2
8a08045c-41d4-4e1a-aebc-059bd791cb45,Ascent,15.0,2.0,14.0,9.0,Diamond,3.0,186.273,1.0,1.0,1.0,13.0,9.0,1,0,4
3839b5be-7d37-45e5-aecb-36864c969d47,Haven,20.0,4.0,15.0,13.0,Diamond,3.0,264.857,3.0,0.0,2.0,13.0,8.0,0,0,4
f53ab275-f2c5-44c1-b886-bc5ba13ea350,Lotus,14.0,9.0,20.0,6.0,Diamond,3.0,174.846,4.0,2.0,0.0,12.0,14.0,0,0,4
23631cb0-fd7b-4887-809e-d4bd4163f7a6,Breeze,22.0,2.0,17.0,13.0,Diamond,3.0,262.435,3.0,2.0,1.0,13.0,10.0,0,0,4
5596dd4a-2027-4957-9a4b-29fe63efa003,Split,22.0,3.0,17.0,19.0,Diamond,3.0,301.045,4.0,1.0,0.0,9.0,13.0,0,1,3
a154bdd2-0eb0-4b8d-b1da-982487e0c795,Pearl,6.0,4.0,11.0,2.0,Diamond,3.0,132.429,0.0,2.0,0.0,1.0,11.0,1,1,3
c99b6c99-02fd-4cb1-8fd5-67dad6689622,Breeze,14.0,7.0,19.0,8.0,Diamond,3.0,168.5,2.0,3.0,1.0,13.0,11.0,1,1,3
4708da8b-9816-446a-a17e-741405878925,Pearl,20.0,6.0,14.0,13.0,Diamond,3.0,255.381,0.0,1.0,2.0,13.0,8.0,1,0,4
c7bf25c1-707a-403b-b51b-13aabbf6fb15,Split,19.0,2.0,16.0,11.0,Diamond,3.0,215.261,3.0,2.0,0.0,10.0,13.0,0,1,3
ee859ba0-218e-419c-9cc1-95fef497c89c,Fracture,15.0,3.0,15.0,9.0,Diamond,3.0,198.75,1.0,3.0,1.0,13.0,7.0,0,0,4
e4012e8b-12e5-4f22-aa1e-82d14d59f6d0,Fracture,10.0,1.0,14.0,6.0,Diamond,3.0,184.875,0.0,2.0,0.0,3.0,13.0,1,1,3
5563f4ff-38a3-4f23-afba-e324c1e026b5,Lotus,15.0,8.0,15.0,10.0,Diamond,3.0,278.882,1.0,4.0,1.0,13.0,4.0,0,1,3
82d2fff6-9fb0-4d45-91c1-80bd0129eb72,Breeze,17.0,1.0,13.0,8.0,Diamond,3.0,259.824,1.0,1.0,2.0,13.0,4.0,0,1,3
fdc6113c-f3c4-4ecf-8784-9d0fbadbd77c,Haven,19.0,1.0,13.0,15.0,Diamond,3.0,229.87,4.0,2.0,1.0,13.0,10.0,1,1,3
acf13fbd-78ea-44fb-9880-20383ced482c,Lotus,13.0,3.0,7.0,10.0,Diamond,3.0,271.692,4.0,1.0,2.0,13.0,0.0,0,1,3
9e611015-2cda-4e6a-a60b-b9e1a4eb6727,Pearl,29.0,3.0,15.0,15.0,Diamond,3.0,290.857,4.0,0.0,0.0,13.0,15.0,1,1,3
617155f9-f635-4c28-9211-45925a73f1ae,Ascent,12.0,4.0,15.0,7.0,Diamond,3.0,192.278,2.0,4.0,0.0,5.0,13.0,1,1,3
379f62a2-51b9-45ca-971a-b993109a55f1,Pearl,18.0,3.0,11.0,7.0,Diamond,3.0,255.0,4.0,2.0,1.0,13.0,7.0,1,0,4
d9895253-4515-471e-8d5c-54265bf474fb,Split,22.0,1.0,18.0,11.0,Diamond,3.0,243.217,4.0,0.0,2.0,13.0,10.0,1,1,3
bc85da53-247e-418a-8c66-8a2031dda40c,Pearl,11.0,0.0,19.0,6.0,Diamond,3.0,140.364,2.0,3.0,0.0,9.0,13.0,1,1,3
16553cd0-adbf-43dc-ba37-dcdc4b37af9e,Ascent,32.0,3.0,21.0,18.0,Diamond,3.0,308.75,5.0,2.0,0.0,14.0,14.0,1,1,3
0a779926-dad3-427b-bef7-72b6dcf27ba3,Breeze,8.0,1.0,16.0,5.0,Diamond,3.0,144.235,3.0,2.0,0.0,4.0,13.0,0,0,4
320fb945-cad3-4b36-b959-74476d0925be,Split,18.0,0.0,16.0,11.0,Diamond,3.0,187.565,0.0,0.0,1.0,13.0,10.0,0,1,3
3b892e7b-13cd-48e1-ab50-1816f681d15e,Ascent,23.0,1.0,16.0,14.0,Diamond,3.0,256.0,1.0,3.0,0.0,10.0,13.0,1,1,3
56775827-f278-4d25-90ac-861add29f8c7,Lotus,14.0,0.0,17.0,13.0,Diamond,3.0,201.857,2.0,2.0,0.0,8.0,13.0,1,0,4
a0cf4d23-ae3a-424a-94ec-b41535afe4ea,Pearl,15.0,4.0,15.0,10.0,Diamond,3.0,200.727,2.0,1.0,0.0,9.0,13.0,0,1,3
cc68b838-575f-4347-a572-bda58c7913b9,Lotus,10.0,3.0,16.0,5.0,Diamond,2.0,169.333,0.0,2.0,0.0,5.0,13.0,0,0,4
d47f5e4e-7584-4123-a2a7-37fc2f01887c,Fracture,26.0,3.0,16.0,18.0,Diamond,2.0,309.13,2.0,1.0,0.0,10.0,13.0,0,0,4
b97bdacb-f697-4e5d-8008-a59b12dbc64c,Ascent,9.0,6.0,17.0,7.0,Diamond,3.0,141.143,1.0,1.0,0.0,8.0,13.0,0,0,4
946ea7a1-f92c-4f76-9420-8a13d6d3e19f,Haven,29.0,5.0,19.0,15.0,Diamond,2.0,289.107,1.0,1.0,0.0,13.0,15.0,0,0,4
7fed6ea8-74ae-42b1-bf8b-b681bd8ded46,Fracture,12.0,6.0,15.0,12.0,Diamond,2.0,225.056,0.0,4.0,0.0,5.0,13.0,0,0,4
f546df77-4a3d-4439-b0dd-7ee8d1f854a3,Haven,13.0,1.0,18.0,7.0,Diamond,2.0,195.45,0.0,1.0,0.0,7.0,13.0,1,0,4
0f47f3e3-3f00-48cf-98b4-2465a1bf7131,Fracture,26.0,2.0,11.0,14.0,Diamond,2.0,356.632,4.0,1.0,1.0,13.0,6.0,1,0,4
a058812f-a405-4135-bc07-0e514965ed4a,Fracture,31.0,2.0,17.0,16.0,Diamond,2.0,354.542,4.0,1.0,1.0,13.0,11.0,1,0,4
e1ee4481-d7ec-46ad-85fa-bea91a18c341,Lotus,16.0,2.0,11.0,10.0,Diamond,2.0,245.882,1.0,0.0,2.0,13.0,4.0,0,0,4
d052c9e8-32c2-425f-aee5-06f2c5bc7c8a,Pearl,17.0,1.0,16.0,7.0,Diamond,2.0,191.348,0.0,0.0,0.0,10.0,13.0,1,0,4
f76bb6f1-b8a5-4bc5-9844-df93a6d87cf0,Haven,21.0,1.0,18.0,15.0,Diamond,2.0,307.667,4.0,3.0,0.0,8.0,13.0,1,0,4
8cf1fca2-11b8-4669-99b0-0d5c15c035c2,Ascent,23.0,3.0,13.0,11.0,Diamond,2.0,248.25,3.0,0.0,1.0,13.0,11.0,1,2,2
6876ef88-57bf-459a-8df2-d849bf803302,Fracture,21.0,4.0,23.0,8.0,Diamond,2.0,245.538,4.0,4.0,0.0,12.0,14.0,0,2,2
5dccaca8-adf4-46d1-a950-39079fda1bcd,Pearl,19.0,1.0,15.0,9.0,Diamond,2.0,291.833,1.0,2.0,0.0,5.0,13.0,1,0,4
6f0050cf-ad2a-4e9b-9aed-2ed3bb04e292,Pearl,19.0,3.0,9.0,16.0,Diamond,2.0,234.8,0.0,0.0,1.0,13.0,7.0,0,0,4
a5fd922e-0a2e-4e5a-a790-dadf731f0558,Split,21.0,2.0,17.0,9.0,Diamond,2.0,225.167,4.0,2.0,2.0,13.0,11.0,1,0,4
298f2aa0-c2f1-46c9-bb0a-fd5a2ff66d9e,Lotus,17.0,4.0,18.0,12.0,Diamond,2.0,231.348,3.0,0.0,1.0,13.0,10.0,1,0,4
1b995221-3778-4f3c-96b5-6f0ba78b24b6,Breeze,23.0,0.0,12.0,12.0,Diamond,2.0,342.053,3.0,0.0,0.0,6.0,13.0,1,0,4
43d057c5-9138-4a3f-9618-d47893ca19a0,Fracture,15.0,2.0,16.0,10.0,Diamond,2.0,176.167,2.0,3.0,1.0,13.0,11.0,1,0,4
1a5545d9-5138-420b-a50e-066544c6156b,Fracture,9.0,0.0,14.0,5.0,Diamond,2.0,184.071,0.0,3.0,0.0,1.0,13.0,0,2,2
729f0ad0-7a61-4705-804f-a802b2041912,Pearl,16.0,2.0,15.0,10.0,Diamond,2.0,234.684,2.0,0.0,0.0,6.0,13.0,1,1,3
d0693eb8-f0da-4302-82a7-5632c2a3a3fc,Pearl,8.0,1.0,18.0,6.0,Diamond,2.0,111.7,2.0,6.0,0.0,7.0,13.0,0,1,3
451684a0-4082-4f94-ba43-4a2926c32cee,Ascent,9.0,0.0,5.0,3.0,Diamond,2.0,132.375,2.0,3.0,1.0,10.0,3.0,1,1,3
23e3734c-cfda-493d-b2cd-574281d0cfa6,Fracture,27.0,9.0,19.0,19.0,Diamond,2.0,268.321,2.0,1.0,0.0,13.0,15.0,0,0,4
9309c2ff-806e-4376-9954-c8d2953a79bc,Lotus,15.0,6.0,19.0,10.0,Diamond,2.0,226.1,5.0,3.0,0.0,7.0,13.0,1,0,4
8f64e6c7-5fb6-475f-afa3-6624f3e23893,Ascent,25.0,10.0,14.0,22.0,Diamond,2.0,295.75,4.0,0.0,2.0,13.0,11.0,0,1,3
98745103-3d27-4a0d-ad04-cc4c0548b735,Split,14.0,0.0,17.0,11.0,Diamond,2.0,178.19,0.0,1.0,0.0,8.0,13.0,0,1,3
afb619ca-4fbf-4b76-a91a-4c3a16420ae8,Ascent,18.0,3.0,18.0,13.0,Diamond,2.0,223.625,4.0,4.0,1.0,13.0,11.0,1,1,3
027cbba4-9854-4813-83d5-6061b66817c0,Lotus,8.0,1.0,13.0,6.0,Unrated,,133.389,1.0,1.0,0.0,5.0,13.0,0,0,4
52c94a1e-4e15-4979-b7c9-c9663208908e,Split,24.0,1.0,18.0,19.0,Unrated,,257.154,2.0,5.0,1.0,14.0,12.0,0,0,4
045c7f98-40db-4fb3-8919-40fddca420f8,Summit,27.0,4.0,19.0,17.0,Unrated,,336.0,4.0,4.0,0.0,11.0,13.0,0,1,3
77734abe-b1a2-4b33-99e1-e9d1b571f72e,Split,4.0,1.0,13.0,3.0,Unrated,,100.333,1.0,1.0,0.0,2.0,13.0,1,2,2
43fe6fd1-e029-4777-86bc-d106c024c02c,Lotus,22.0,1.0,12.0,16.0,Platinum,3.0,275.0,5.0,2.0,1.0,13.0,8.0,1,1,3
c3af1375-2c00-4a00-a297-4d301639ce68,Split,21.0,3.0,20.0,14.0,Platinum,3.0,244.565,4.0,2.0,0.0,10.0,13.0,1,1,3
32852739-fba5-4cb9-8752-a94f4f50c083,Sunset,22.0,3.0,11.0,13.0,Platinum,2.0,307.25,4.0,2.0,1.0,13.0,7.0,0,1,3
2afadc1e-740e-452b-a021-e726701b40c0,Haven,26.0,1.0,16.0,20.0,Platinum,2.0,294.5,3.0,2.0,2.0,13.0,11.0,1,0,4
7b1b4045-8676-4136-8a2e-166ec374f301,Summit,21.0,2.0,16.0,14.0,Platinum,2.0,261.565,6.0,4.0,0.0,10.0,13.0,1,0,4
7e914b8f-df6f-426b-b5ea-fcc95e0e5341,Haven,5.0,2.0,15.0,2.0,Platinum,3.0,120.933,0.0,1.0,0.0,2.0,13.0,1,1,3
41930b30-db57-405c-bef3-7e9fa485e811,Breeze,21.0,1.0,8.0,13.0,Platinum,3.0,274.7,3.0,2.0,1.0,13.0,7.0,0,1,3
e6d889a2-baae-4581-831e-4414a59dbe27,Sunset,20.0,3.0,16.0,8.0,Platinum,3.0,173.964,3.0,2.0,0.0,13.0,15.0,0,1,3
6e036fd7-b0e8-4151-a243-1705fdde761e,Haven,19.0,3.0,13.0,13.0,Platinum,3.0,234.318,3.0,2.0,1.0,13.0,9.0,0,1,3
14202ae1-fa7f-4a0f-b552-d529d5feba0d,Breeze,19.0,4.0,19.0,7.0,Platinum,3.0,238.875,4.0,1.0,2.0,13.0,11.0,0,1,3
983e194a-8de4-483b-afb3-8ef5bf14850d,Summit,17.0,4.0,18.0,17.0,Platinum,3.0,210.0,2.0,3.0,3.0,13.0,11.0,1,0,4
de0d6bc8-1ae9-49e5-992c-3a95e599166f,Breeze,23.0,5.0,22.0,13.0,Platinum,3.0,240.679,2.0,2.0,4.0,15.0,13.0,1,0,4
13efbbcc-956f-4709-b19f-21629d6ae494,Haven,29.0,1.0,20.0,15.0,Platinum,3.0,248.733,3.0,3.0,4.0,15.0,15.0,1,0,4
3aad8555-e164-4646-bf42-775d0ba88d8b,Split,22.0,4.0,8.0,19.0,Platinum,3.0,292.2,0.0,1.0,1.0,13.0,7.0,1,0,4
3b307bc0-4ef9-4444-94f7-b9f9c3ee3a6a,Ascent,13.0,1.0,9.0,10.0,Diamond,1.0,180.474,2.0,0.0,1.0,13.0,6.0,1,1,3
c34bd04e-405e-4f0e-ada6-1f24a30a9776,Haven,26.0,3.0,18.0,17.0,Diamond,1.0,284.538,4.0,2.0,2.0,14.0,12.0,0,1,3
4702afb2-574f-4701-8399-468d1a7f8b69,Lotus,6.0,1.0,16.0,5.0,Diamond,1.0,106.278,1.0,3.0,0.0,5.0,13.0,1,1,3
a7e16343-d1b4-4081-bc08-95016cd5a4b5,Breeze,17.0,1.0,8.0,8.0,Diamond,1.0,208.667,2.0,2.0,1.0,13.0,5.0,1,0,4
3c2c2c74-3d61-47c5-a182-d80836f89550,Split,28.0,2.0,3.0,20.0,Diamond,1.0,511.933,1.0,0.0,2.0,13.0,2.0,1,0,4
1bfdaa8c-c1d7-4df4-a556-d10cce3031fb,Ascent,23.0,1.0,17.0,14.0,Diamond,1.0,279.565,1.0,1.0,0.0,10.0,13.0,1,2,2
9f22e788-f596-47c9-9eba-2a11a1b40b60,Breeze,22.0,1.0,18.0,14.0,Diamond,1.0,228.423,1.0,3.0,1.0,14.0,12.0,1,2,2
7cade7c5-8515-4214-8a8b-5b6e45337972,Haven,11.0,3.0,15.0,4.0,Diamond,2.0,185.316,1.0,3.0,0.0,6.0,13.0,1,2,2
b3fa6194-d1b9-4d30-b824-a5ff3b173e7f,Summit,22.0,6.0,21.0,17.0,Diamond,2.0,218.643,3.0,4.0,0.0,14.0,14.0,0,2,2
37b2ac63-b837-42c9-b8fc-e91827e4c962,Lotus,16.0,2.0,17.0,15.0,Diamond,2.0,221.095,1.0,2.0,0.0,8.0,13.0,1,1,3
0533b23f-c17d-4dab-8502-e3f2fb3e1e67,Haven,23.0,0.0,14.0,16.0,Diamond,1.0,263.545,1.0,0.0,1.0,13.0,9.0,1,0,4
2b7cadf7-2858-4f41-9577-8d65836d0c09,Split,9.0,0.0,15.0,8.0,Diamond,1.0,151.765,0.0,3.0,0.0,4.0,13.0,1,0,4
3c84ce3c-b9b2-457f-b344-5f527834da7e,Lotus,20.0,5.0,15.0,16.0,Diamond,1.0,254.227,3.0,2.0,0.0,9.0,13.0,1,0,4
59534ca7-70d1-48e5-a9ef-7ef4a77572d4,Sunset,21.0,1.0,13.0,13.0,Diamond,1.0,295.789,5.0,0.0,1.0,13.0,6.0,1,0,4
0978e4e8-fb19-49fd-9abf-b693f4cb8f3d,Haven,18.0,1.0,19.0,17.0,Diamond,1.0,216.833,3.0,1.0,0.0,11.0,13.0,0,2,2
71e97d4d-1640-4bfe-a686-51f2815d2edd,Summit,19.0,6.0,16.0,13.0,Diamond,1.0,249.15,0.0,1.0,1.0,13.0,7.0,0,2,2
e561b5f0-15f1-4e34-bcd5-8d6dfc4617ed,Sunset,18.0,4.0,14.0,11.0,Diamond,1.0,257.3,4.0,3.0,2.0,13.0,7.0,1,2,2
503c9969-d893-4dba-aa2c-d8ae48952cde,Split,18.0,2.0,19.0,12.0,Diamond,1.0,220.375,4.0,0.0,0.0,11.0,13.0,1,1,3
c72c2a7c-ec1f-4b4b-9fb6-ca477d20da25,Breeze,16.0,4.0,18.0,10.0,Diamond,1.0,184.731,1.0,3.0,0.0,12.0,14.0,1,1,3
0b59b81e-01f4-4255-8922-5963240f0533,Haven,21.0,4.0,19.0,15.0,Diamond,1.0,263.0,5.0,2.0,0.0,11.0,13.0,1,2,2
1831a5d1-eafd-4f15-87f4-83247a378f04,Lotus,25.0,0.0,14.0,18.0,Diamond,1.0,277.565,2.0,1.0,0.0,10.0,13.0,1,2,2
e2e16b93-d1c0-4cf1-bfee-a0af0b376591,Split,27.0,6.0,20.0,23.0,Diamond,1.0,273.893,2.0,3.0,0.0,13.0,15.0,0,2,2
b4886cb4-2b02-464f-b296-e62b94cf637d,Split,25.0,5.0,15.0,21.0,Diamond,1.0,268.654,1.0,1.0,1.0,14.0,12.0,1,0,4
0b0f22af-73dd-4648-a302-7c8967d5aaa2,Breeze,17.0,5.0,19.0,14.0,Diamond,1.0,205.542,2.0,3.0,0.0,11.0,13.0,0,0,4
b2586ef1-b634-41a3-bbd4-dc4cae906455,Haven,15.0,2.0,13.0,12.0,Diamond,1.0,226.95,3.0,0.0,1.0,13.0,7.0,1,0,4
76b4d063-cf44-42a9-8f95-c35bd49f1dfc,Summit,23.0,5.0,21.0,17.0,Diamond,1.0,236.75,3.0,5.0,2.0,15.0,13.0,0,0,4
5ef60a90-6f44-4b6f-b018-b382aa1ea76b,Split,14.0,2.0,10.0,10.0,Diamond,2.0,203.053,0.0,0.0,1.0,13.0,6.0,1,1,3
1033ca37-48af-482f-a5fa-84189c3ab009,Split,17.0,4.0,20.0,8.0,Diamond,2.0,199.577,2.0,2.0,0.0,12.0,14.0,1,1,3
24c4f22c-dbc3-40be-ba72-c89865807ea1,Breeze,21.0,2.0,13.0,13.0,Diamond,1.0,292.952,6.0,2.0,1.0,13.0,8.0,1,1,3
8708af03-c113-41ee-a097-13e0be18e8b4,Sunset,17.0,2.0,7.0,10.0,Diamond,2.0,255.941,2.0,1.0,1.0,13.0,4.0,1,0,4
f9710d8e-ae1c-451c-8a69-98294908acbc,Lotus,11.0,2.0,12.0,3.0,Diamond,2.0,144.2,2.0,2.0,2.0,13.0,7.0,1,0,4
683bf582-48a0-4c3e-b8dd-1f2c322ead61,Sunset,26.0,4.0,12.0,19.0,Diamond,2.0,337.333,5.0,3.0,1.0,13.0,8.0,1,1,3
7afcdc5e-9e8a-4a63-8f01-f38aed11f609,Summit,24.0,6.0,13.0,16.0,Diamond,2.0,323.952,3.0,1.0,2.0,13.0,8.0,0,1,3
2c666c65-32b7-49f1-ab1b-b79af4d5c8bd,Ascent,17.0,2.0,8.0,5.0,Diamond,2.0,269.938,4.0,2.0,3.0,13.0,3.0,1,1,3
8fc9cbd4-67fb-4bbb-93cf-1237de1d4ea6,Breeze,9.0,2.0,16.0,3.0,Diamond,3.0,108.333,2.0,1.0,0.0,8.0,13.0,1,0,4
3c3d318d-bb83-4916-b755-660849c99876,Split,17.0,6.0,18.0,15.0,Diamond,2.0,197.875,1.0,2.0,0.0,11.0,13.0,1,0,4
dc32b6df-061a-446c-88ef-cfef5a970d4e,Haven,16.0,2.0,13.0,8.0,Diamond,2.0,246.706,0.0,0.0,0.0,4.0,13.0,1,0,4
1550a47b-decc-4575-92d9-4a5c899de16d,Breeze,15.0,3.0,19.0,9.0,Diamond,3.0,152.077,2.0,2.0,0.0,12.0,14.0,1,0,4
516d6076-a0db-40da-afff-9608fd670735,Ascent,14.0,2.0,13.0,6.0,Diamond,2.0,235.067,2.0,1.0,0.0,2.0,13.0,0,0,4
a1ff490d-0ca5-498c-baec-d8f674ff269c,Sunset,12.0,1.0,15.0,9.0,Diamond,2.0,184.667,0.0,2.0,0.0,5.0,13.0,0,0,4
7d123e62-d119-4d44-9250-e0ce86166997,Haven,23.0,4.0,20.0,18.0,Diamond,2.0,273.583,4.0,4.0,1.0,13.0,11.0,1,0,4
37e44075-fbce-4056-8094-159dc41d337f,Lotus,11.0,0.0,8.0,4.0,Diamond,2.0,166.375,2.0,1.0,1.0,13.0,3.0,1,0,4
679306b6-1db3-45fa-8661-087e6d3ffda3,Lotus,15.0,4.0,16.0,10.0,Diamond,2.0,223.25,3.0,2.0,0.0,7.0,13.0,1,0,4
74b3a3cd-381b-4aef-ac6b-2fbee026671c,Sunset,12.0,3.0,18.0,6.0,Diamond,2.0,162.8,2.0,1.0,0.0,7.0,13.0,1,0,4
21dc594c-f03f-4a83-a345-150292d191e9,Summit,13.0,3.0,16.0,6.0,Diamond,2.0,183.368,1.0,0.0,0.0,6.0,13.0,1,0,4
74d78b65-afa4-4995-b012-108e9d530e03,Lotus,15.0,3.0,17.0,11.0,Diamond,1.0,212.95,1.0,1.0,0.0,7.0,13.0,1,0,4
1fafbe27-dc8b-4539-b1f3-ff632e654029,Breeze,26.0,3.0,20.0,17.0,Diamond,1.0,261.357,3.0,0.0,0.0,14.0,14.0,0,0,4
279d4be4-e73e-4b75-b193-9f433ad1f1e5,Summit,15.0,1.0,20.0,12.0,Diamond,2.0,172.708,4.0,3.0,0.0,11.0,13.0,1,0,4
35ea00a5-2bd4-4d33-afad-e6cb38e48fbf,Split,14.0,0.0,16.0,12.0,Diamond,1.0,184.545,3.0,3.0,0.0,9.0,13.0,1,0,4
228c31c9-4427-4229-b8ff-54d19ef049fd,Lotus,26.0,3.0,17.0,22.0,Diamond,1.0,278.231,8.0,1.0,1.0,14.0,12.0,1,0,4
d13cf800-1daa-4e02-b2cd-23d849302ae5,Split,11.0,1.0,18.0,6.0,Diamond,1.0,126.652,0.0,0.0,0.0,10.0,13.0,1,0,4
12d1319c-c4e9-4e69-a4be-f5ea64a8328f,Lotus,17.0,0.0,15.0,13.0,Diamond,1.0,234.579,1.0,1.0,0.0,6.0,13.0,0,0,4
25d8acaa-15c7-4471-a458-64382210d295,Ascent,16.0,2.0,16.0,7.0,Diamond,1.0,191.783,0.0,3.0,1.0,13.0,10.0,1,0,4
2384fb30-e910-4653-bae6-ef9671096369,Lotus,14.0,3.0,15.0,15.0,Diamond,1.0,266.0,2.0,1.0,0.0,4.0,13.0,1,0,4
5b364f74-8a62-4cd5-b87a-d7b5819c5f69,Summit,19.0,5.0,19.0,14.0,Diamond,1.0,228.478,1.0,3.0,1.0,13.0,10.0,0,0,4
34c3f635-04a1-4e20-8edb-2378972e62ab,Breeze,25.0,5.0,15.0,16.0,Diamond,1.0,306.609,2.0,2.0,0.0,10.0,13.0,0,0,4
e546da50-c76e-4bf1-9cad-e131d561db71,Summit,19.0,2.0,12.0,14.0,Diamond,1.0,255.35,2.0,0.0,1.0,13.0,7.0,0,0,4
a13c42b3-fcf0-4349-a3df-ac7505231ac1,Sunset,20.0,1.0,18.0,10.0,Diamond,1.0,236.409,2.0,1.0,0.0,9.0,13.0,1,0,4
eb637d83-be54-428f-b739-2c54683608c7,Breeze,16.0,3.0,16.0,9.0,Diamond,1.0,231.19,1.0,1.0,0.0,8.0,13.0,1,0,4
a76ce13f-cfc5-4010-ad4c-bfda91c41c8e,Haven,23.0,1.0,12.0,12.0,Diamond,1.0,269.909,4.0,3.0,1.0,13.0,9.0,1,0,4
dc5732ef-db80-43b5-98f0-ee9ac1b78b08,Summit,13.0,7.0,16.0,9.0,Diamond,1.0,179.476,0.0,1.0,2.0,13.0,8.0,0,0,4
99edfeb6-878f-41fb-bd7c-8286232914a2,Sunset,20.0,0.0,14.0,9.0,Diamond,1.0,229.818,3.0,2.0,1.0,13.0,9.0,1,1,3
d95afa88-24f0-4304-953d-8e1365873d37,Haven,11.0,2.0,15.0,7.0,Diamond,1.0,174.158,1.0,0.0,0.0,6.0,13.0,1,1,3
277945c4-d00f-479e-afd7-558b74ee1f94,Ascent,21.0,3.0,17.0,12.0,Diamond,1.0,251.087,3.0,4.0,0.0,10.0,13.0,1,1,3
047a5d51-8417-4cde-8488-8f6466981982,Sunset,23.0,3.0,13.0,13.0,Diamond,1.0,293.545,1.0,1.0,1.0,13.0,9.0,1,0,4
3912afba-0f54-42ec-87d8-c468e0a5dcb0,Ascent,26.0,2.0,14.0,14.0,Diamond,1.0,319.478,7.0,2.0,2.0,13.0,10.0,1,0,4
3452d82b-cb96-4324-8dda-dceceb3ce4e6,Haven,20.0,3.0,15.0,11.0,Diamond,1.0,260.524,2.0,2.0,0.0,8.0,13.0,1,1,3
af42fdb3-1c5e-44a3-bcc3-201329f5de92,Breeze,13.0,4.0,18.0,8.0,Diamond,1.0,177.238,1.0,2.0,0.0,8.0,13.0,1,1,3
c8707d0f-bd99-453b-b7dc-7d6389754fab,Summit,10.0,1.0,20.0,6.0,Diamond,1.0,125.417,1.0,3.0,1.0,13.0,11.0,0,1,3
9e98fc3b-6f71-4d0f-9da6-81381fc7899c,Split,13.0,2.0,15.0,9.0,Diamond,1.0,181.9,0.0,1.0,0.0,7.0,13.0,1,1,3
d8e27b38-a512-44a0-9140-55f973c6da1f,Split,25.0,1.0,14.0,12.0,Diamond,1.0,265.333,3.0,1.0,1.0,13.0,11.0,1,0,4
bef89dc5-fddb-43fd-8a67-58c839e475e9,Lotus,14.0,0.0,17.0,10.0,Diamond,1.0,163.318,1.0,3.0,0.0,9.0,13.0,1,0,4
52cf1eb7-d9fe-4f8d-9ccf-8b834b3592e5,Summit,23.0,2.0,7.0,16.0,Diamond,1.0,371.529,3.0,0.0,1.0,13.0,4.0,0,0,4
b8f0682d-a0d1-43aa-878e-2f44e2e9282b,Lotus,12.0,2.0,15.0,9.0,Diamond,1.0,193.059,2.0,4.0,0.0,4.0,13.0,0,1,3
2824d483-f389-4fd5-aec6-24671b3701b1,Summit,12.0,3.0,17.0,9.0,Diamond,1.0,190.5,3.0,3.0,0.0,5.0,13.0,0,1,3
7f6fb65b-823a-412c-b5ed-b285e672f237,Split,7.0,4.0,15.0,5.0,Diamond,1.0,138.125,0.0,2.0,0.0,3.0,13.0,0,0,4
4075350b-6479-4743-a6b1-f0a67e0722f0,Sunset,16.0,2.0,16.0,10.0,Diamond,1.0,216.55,3.0,2.0,0.0,7.0,13.0,1,0,4
295bd8f5-b675-4a05-86e1-ae1e36ad25db,Sunset,12.0,4.0,10.0,5.0,Diamond,1.0,194.684,4.0,1.0,1.0,13.0,6.0,1,0,4
a2216b8d-a7bf-43f5-b53e-14112d418b88,Summit,16.0,5.0,11.0,12.0,Diamond,1.0,211.85,2.0,3.0,2.0,13.0,7.0,0,0,4
9e6b29c4-1b8a-46fb-94e9-18e6caf91dd8,Breeze,22.0,1.0,8.0,12.0,Diamond,1.0,303.944,2.0,1.0,3.0,13.0,5.0,1,0,4
3ce74887-bf0f-4f50-aa3d-96f0b39b9f3a,Lotus,20.0,6.0,13.0,10.0,Diamond,1.0,275.75,2.0,1.0,0.0,7.0,13.0,0,0,4
30e4e7e6-a05c-4589-8551-ba8644ac2c2a,Lotus,17.0,2.0,14.0,9.0,Diamond,1.0,235.55,4.0,2.0,1.0,13.0,7.0,1,0,4
ce08dc08-eb8c-4237-acab-e23d0da4d9ed,Sunset,22.0,1.0,19.0,11.0,Diamond,1.0,189.75,2.0,5.0,1.0,14.0,14.0,1,0,4
c36aae25-e53e-4e66-b923-fa44ec593c1f,Summit,18.0,3.0,16.0,17.0,Diamond,1.0,219.727,3.0,2.0,2.0,13.0,9.0,0,0,4
92bc1edf-58f1-4547-896d-609931750714,Split,17.0,3.0,17.0,14.0,Diamond,1.0,210.042,3.0,4.0,3.0,13.0,11.0,0,0,4
6e5a6f99-7721-4cab-a036-a4f45a4d3348,Sunset,32.0,0.0,14.0,16.0,Diamond,2.0,362.174,3.0,1.0,1.0,13.0,10.0,1,0,4
d58a847c-75bd-4d73-b871-bfdea4a7d69c,Lotus,9.0,0.0,3.0,8.0,Diamond,2.0,139.143,0.0,1.0,1.0,13.0,1.0,1,0,4
f38c3413-78d5-4eb2-b09e-147664893a44,Breeze,13.0,5.0,9.0,10.0,Diamond,2.0,174.833,1.0,3.0,2.0,13.0,5.0,1,0,4
bead8cb8-aff9-4249-aaa2-60b73b50a2e3,Ascent,27.0,2.0,9.0,14.0,Diamond,2.0,369.895,6.0,0.0,1.0,13.0,6.0,0,1,3
769ebc11-94a4-4544-a84f-2d2d1622d0e3,Lotus,22.0,5.0,20.0,19.0,Diamond,2.0,241.5,2.0,2.0,2.0,14.0,12.0,0,0,4
e2581659-5bd6-472b-8e39-3fa091d7c81e,Summit,17.0,2.0,13.0,13.0,Diamond,2.0,293.125,2.0,0.0,0.0,3.0,13.0,0,0,4
2b71b8de-4029-49f5-9b19-59a0eb191f0b,Summit,22.0,2.0,9.0,12.0,Diamond,3.0,310.842,5.0,0.0,1.0,13.0,6.0,1,0,4
5ddb33c9-8e60-4a44-b7a5-49b6459d78df,Ascent,21.0,1.0,15.0,10.0,Diamond,3.0,232.5,2.0,2.0,2.0,13.0,9.0,1,0,4
ec2d1d94-b226-46fc-a82a-481aa3e83709,Split,18.0,2.0,14.0,7.0,Diamond,3.0,258.778,4.0,3.0,1.0,13.0,5.0,1,0,4
90bb47c9-f06b-498f-bc0e-9023a59c8f24,Breeze,30.0,3.0,17.0,20.0,Diamond,3.0,334.792,4.0,0.0,2.0,13.0,11.0,0,0,4
e46ada1f-f1ec-4c73-9c05-bfe73ce2054b,Breeze,10.0,1.0,15.0,6.0,Diamond,3.0,182.438,1.0,1.0,0.0,3.0,13.0,1,0,4
21ad3f88-2ff5-478d-bddd-5f895c810db8,Summit,26.0,2.0,18.0,11.0,Diamond,3.0,296.208,6.0,2.0,0.0,11.0,13.0,1,0,4
e21ccdc1-36e4-4036-82ea-2dccdbb85d8b,Lotus,18.0,2.0,14.0,17.0,Diamond,3.0,279.889,3.0,2.0,0.0,5.0,13.0,1,0,4
add71fee-37a9-46a0-9eaf-479eec04bf1b,Breeze,12.0,0.0,14.0,6.0,Diamond,3.0,174.158,1.0,0.0,0.0,6.0,13.0,1,0,4
802f8d30-f11a-42c1-92c8-2082eaaf6379,Lotus,15.0,3.0,16.0,9.0,Diamond,3.0,268.611,6.0,1.0,0.0,5.0,13.0,1,0,4
1fa49fdd-63ce-46fb-8037-8e6557891a0a,Lotus,23.0,1.0,7.0,14.0,Diamond,3.0,310.294,3.0,1.0,1.0,13.0,4.0,1,0,4
c8b66653-5b09-4e59-a901-58f8beca6ecb,Haven,15.0,2.0,9.0,11.0,Diamond,3.0,221.611,1.0,1.0,2.0,13.0,5.0,1,0,4
9378a3e2-19d8-49b3-8323-0fc9e4ebfcb3,Breeze,23.0,5.0,18.0,11.0,Diamond,3.0,260.0,2.0,1.0,1.0,13.0,11.0,1,0,4
f5ab8153-4046-4f96-8014-4b01e70c161b,Breeze,13.0,0.0,13.0,7.0,Diamond,3.0,246.067,1.0,1.0,0.0,2.0,13.0,1,0,4
be6e6f72-8dab-4883-b331-eac8eabbb6c8,Lotus,23.0,3.0,11.0,13.0,Diamond,3.0,260.571,2.0,4.0,1.0,13.0,8.0,1,0,4
5d62c8bb-db84-4f9e-8800-8a7df32de1fa,Haven,7.0,3.0,17.0,4.0,Diamond,3.0,109.889,0.0,1.0,0.0,5.0,13.0,0,0,4
1edbcbd0-0090-4e63-821a-fe708f9d0aa1,Split,20.0,2.0,17.0,9.0,Diamond,3.0,238.136,0.0,0.0,0.0,9.0,13.0,1,0,4
7d9ed261-f1ab-44ec-9ffe-12686d706e99,Summit,13.0,3.0,12.0,11.0,Diamond,3.0,220.312,0.0,2.0,0.0,3.0,13.0,1,0,4
75e1b91a-004c-48a9-a8eb-dd2a1e474c02,Split,18.0,3.0,13.0,14.0,Diamond,3.0,259.526,2.0,1.0,1.0,13.0,6.0,1,0,4
36b7975e-c732-4dc3-9859-53cacc36fb15,Sunset,19.0,2.0,21.0,9.0,Diamond,3.0,199.885,4.0,5.0,2.0,14.0,12.0,1,0,4
e0256935-6dd0-4be7-87f7-09922e1dbd40,Breeze,24.0,2.0,14.0,16.0,Diamond,3.0,266.952,2.0,0.0,1.0,13.0,8.0,1,0,4
bcfcadeb-a23a-4e59-b65a-21b95577b67b,Summit,17.0,1.0,8.0,9.0,Diamond,3.0,216.526,2.0,0.0,1.0,13.0,6.0,1,0,4
bede849d-70c2-40bf-ad7b-9fda7ef8714b,Lotus,8.0,3.0,17.0,4.0,Diamond,3.0,95.261,1.0,1.0,2.0,13.0,10.0,0,0,4
d9d7a816-e566-45c0-a065-4dbe1fe81b93,Lotus,15.0,4.0,10.0,8.0,Diamond,3.0,248.647,2.0,0.0,3.0,13.0,4.0,1,0,4
697a5d60-7b89-4184-8824-827cf5d8c2ed,Lotus,5.0,3.0,14.0,4.0,Ascendant,1.0,90.0,1.0,0.0,0.0,4.0,13.0,0,0,4
b141670f-653c-467f-8e9a-d4fed92aa9f1,Ascent,17.0,1.0,12.0,9.0,Ascendant,1.0,225.045,6.0,2.0,1.0,13.0,9.0,1,0,4
b75cb9c2-abb7-46ad-a612-3507798cf5b8,Lotus,8.0,2.0,14.0,4.0,Ascendant,1.0,132.438,0.0,5.0,0.0,3.0,13.0,1,0,4
210f1af4-a4d4-4fac-9adb-0c1ae114849c,Split,9.0,3.0,13.0,6.0,Ascendant,1.0,176.375,0.0,1.0,0.0,3.0,13.0,1,0,4
a5566b16-01b3-40f3-a224-267a268d1cfc,Summit,15.0,2.0,8.0,12.0,Ascendant,1.0,247.875,3.0,2.0,1.0,13.0,3.0,1,0,4
776f7de3-e355-48fd-90c3-1ea9eab3e273,Ascent,25.0,2.0,18.0,11.0,Ascendant,1.0,214.821,2.0,0.0,0.0,13.0,15.0,1,0,4
c99944cb-391b-4087-8a7f-fe31a39b9146,Haven,19.0,2.0,14.0,14.0,Ascendant,1.0,203.667,2.0,1.0,1.0,13.0,11.0,1,0,4
17033198-d9aa-4897-91fe-1fd691f9dd46,Ascent,17.0,6.0,15.0,9.0,Diamond,3.0,232.136,1.0,2.0,0.0,9.0,13.0,1,0,4
98a5b6e8-8d87-4839-8072-1ab749cc75ef,Lotus,16.0,2.0,18.0,12.0,Ascendant,1.0,201.174,1.0,3.0,0.0,10.0,13.0,1,0,4
a58b6031-5632-43fb-b72e-dd2b07ef2df5,Sunset,8.0,4.0,19.0,6.0,Ascendant,1.0,114.81,1.0,4.0,0.0,8.0,13.0,0,0,4
75e8320f-ab86-4b4d-a2a8-c128047469b3,Summit,17.0,0.0,16.0,10.0,Ascendant,1.0,251.947,4.0,3.0,0.0,6.0,13.0,1,0,4
46acd26a-eda0-4bb3-b1a8-3d5c2fc36a22,Breeze,22.0,7.0,13.0,13.0,Ascendant,1.0,295.75,3.0,0.0,1.0,13.0,7.0,0,0,4
3c9d6838-3f07-4b2c-a7e2-fbe98ea943b8,Ascent,36.0,0.0,19.0,23.0,Diamond,3.0,333.3,5.0,3.0,1.0,16.0,14.0,1,1,3
bf13e35e-2061-4fa6-9861-c89d69a0e421,Lotus,15.0,3.0,15.0,11.0,Diamond,3.0,220.526,1.0,0.0,0.0,6.0,13.0,1,0,4
670b02d8-06b0-4f21-afcb-528ecac480c3,Haven,19.0,4.0,16.0,14.0,Diamond,3.0,227.696,3.0,3.0,0.0,10.0,13.0,1,0,4
82406451-ed1a-4cfd-a411-461bbc5644ce,Breeze,15.0,3.0,9.0,9.0,Diamond,3.0,212.333,2.0,1.0,1.0,13.0,5.0,1,0,4
92cd445a-a128-4025-a9d6-9a26c9ba0ad5,Breeze,10.0,2.0,17.0,9.0,Diamond,3.0,164.45,1.0,0.0,0.0,7.0,13.0,1,0,4
94c42376-9e97-4c5e-8021-7c26c5c32ce2,Lotus,21.0,2.0,16.0,12.0,Diamond,3.0,238.625,2.0,1.0,0.0,11.0,13.0,1,0,4
90ebb0c6-d8f5-4487-b09b-c53f2d101d50,Split,24.0,1.0,11.0,16.0,Diamond,3.0,310.333,5.0,0.0,1.0,13.0,8.0,1,0,4
2f056be7-6972-4556-a642-359b1b162a2c,Haven,7.0,6.0,18.0,5.0,Diamond,3.0,94.095,1.0,2.0,0.0,8.0,13.0,0,0,4
a7940a0b-d824-42c6-8866-c1fabccce2f8,Split,16.0,0.0,14.0,9.0,Diamond,3.0,214.105,2.0,1.0,0.0,6.0,13.0,1,0,4
18f48dbb-478a-4b3c-8b93-a1a2895c5a01,Haven,20.0,4.0,13.0,9.0,Diamond,3.0,216.13,4.0,1.0,1.0,13.0,10.0,1,0,4
3e92e68d-114e-4a59-bfc2-8428491063e1,Breeze,15.0,2.0,16.0,14.0,Diamond,3.0,229.158,3.0,1.0,0.0,6.0,13.0,0,0,4
cdda4ac2-206f-4997-8f8f-51b36683da13,Ascent,8.0,2.0,14.0,6.0,Diamond,3.0,144.118,2.0,2.0,0.0,4.0,13.0,1,0,4
725a6eb0-18ea-4737-9a5a-1385937143ec,Summit,22.0,5.0,10.0,16.0,Diamond,3.0,345.778,5.0,2.0,1.0,13.0,5.0,1,0,4
877ec595-4068-4e2e-98c6-0f14bb6cd622,Summit,11.0,2.0,15.0,8.0,Diamond,3.0,161.6,1.0,0.0,0.0,7.0,13.0,1,0,4
18100bbc-1b10-4649-b27f-c493c229ae86,Haven,9.0,5.0,13.0,6.0,Diamond,3.0,141.947,1.0,0.0,2.0,13.0,6.0,1,0,4
3453eed5-624b-4c95-9f7d-106c5bb90c85,Breeze,12.0,2.0,13.0,8.0,Diamond,3.0,152.476,2.0,0.0,1.0,13.0,8.0,1,0,4
f7e0fd3e-d818-499d-b4b1-a027b24551b5,Split,14.0,3.0,13.0,10.0,Diamond,3.0,246.562,2.0,1.0,0.0,3.0,13.0,1,0,4
16d81500-d028-4691-84a1-7cb488cec6ae,Lotus,12.0,4.0,13.0,9.0,Diamond,3.0,193.944,2.0,5.0,1.0,13.0,5.0,1,0,4
323a7937-8a60-4941-9c6e-fb86427859c6,Haven,8.0,0.0,15.0,8.0,Diamond,3.0,140.882,0.0,1.0,0.0,4.0,13.0,1,0,4
5a370742-6925-48ef-bc7c-ef237145acff,Ascent,16.0,2.0,19.0,10.0,Diamond,3.0,186.13,2.0,3.0,1.0,13.0,10.0,1,0,4
88ce7b2a-bac9-410e-bb5b-c7932ba911f6,Ascent,23.0,4.0,16.0,12.0,Diamond,3.0,262.083,5.0,3.0,1.0,13.0,11.0,1,0,4
3365b9cc-d2a9-4abb-bf0b-bc31a0daad63,Breeze,19.0,1.0,9.0,15.0,Diamond,3.0,306.059,0.0,2.0,1.0,13.0,4.0,0,0,4
03e0f351-c268-4f38-8e25-89deabbfeb2f,Haven,18.0,1.0,15.0,10.0,Diamond,3.0,243.25,3.0,2.0,2.0,13.0,7.0,1,0,4
b0658572-a75f-4591-8bad-7e6c472db654,Sunset,16.0,2.0,15.0,13.0,Diamond,3.0,222.0,3.0,1.0,0.0,8.0,13.0,1,0,4
ca3e0ff5-d60d-4e9f-a32d-8f1180852268,Haven,21.0,3.0,13.0,11.0,Diamond,3.0,236.208,4.0,1.0,1.0,13.0,11.0,1,0,4
47124393-b419-4005-8775-1f390ca91b45,Ascent,15.0,4.0,18.0,8.0,Diamond,3.0,209.15,2.0,0.0,0.0,7.0,13.0,1,0,4
cf8ef860-b2ca-4910-8fbc-b597044505a3,Lotus,21.0,3.0,20.0,11.0,Diamond,3.0,264.917,3.0,2.0,0.0,11.0,13.0,1,1,3
dc77902c-fe78-4870-b5c8-c3d1c2689417,Breeze,12.0,0.0,15.0,3.0,Diamond,3.0,165.889,0.0,1.0,0.0,5.0,13.0,1,1,3
fc125e5b-d254-4159-bbc7-540b6b0b7f79,Ascent,14.0,4.0,12.0,6.0,Diamond,3.0,219.882,3.0,1.0,1.0,13.0,4.0,1,0,4
6a8dbde0-3774-46c2-a016-275e2f19565b,Sunset,17.0,2.0,13.0,9.0,Diamond,3.0,251.05,1.0,4.0,0.0,7.0,13.0,1,0,4
d521fc29-618b-4c2c-9f33-9ed00bcbbf4d,Breeze,20.0,0.0,15.0,12.0,Diamond,3.0,216.478,1.0,1.0,1.0,13.0,10.0,1,0,4
52bf7097-840c-4a81-b67c-d110646669e9,Summit,1.0,3.0,15.0,4.0,Diamond,3.0,38.111,0.0,3.0,0.0,5.0,13.0,1,0,4
559969d5-a867-4e78-b2e1-71e6e38ceb4a,Summit,18.0,4.0,17.0,17.0,Diamond,3.0,222.5,3.0,0.0,1.0,13.0,11.0,0,0,4
9d6b581a-eb26-4051-9b40-39b29b475fe5,Breeze,25.0,7.0,16.0,21.0,Diamond,3.0,332.909,2.0,3.0,2.0,13.0,9.0,0,0,4
e11ff313-ae73-4659-afcf-027b232329cd,Lotus,22.0,5.0,13.0,16.0,Diamond,3.0,291.619,6.0,1.0,3.0,13.0,8.0,1,0,4
d639f278-766a-46aa-b8cd-a368f614cc04,Breeze,29.0,1.0,17.0,15.0,Diamond,3.0,346.227,2.0,3.0,0.0,9.0,13.0,0,0,4
85a34800-5d14-4711-8ce9-3bc5852a9cb0,Split,12.0,4.0,12.0,6.0,Diamond,3.0,228.941,2.0,1.0,0.0,4.0,13.0,0,0,4
f076cbb8-71f0-445d-bcd8-d21020e23098,Haven,17.0,2.0,14.0,10.0,Diamond,3.0,226.05,4.0,1.0,1.0,13.0,7.0,1,0,4
ff888fed-9998-4d77-a905-83379f8a77d9,Lotus,18.0,9.0,14.0,10.0,Diamond,3.0,262.952,3.0,1.0,2.0,13.0,8.0,1,0,4
a3fdafe8-0337-48af-ab3e-a896335e4392,Sunset,16.0,0.0,17.0,12.0,Diamond,3.0,212.909,1.0,3.0,0.0,9.0,13.0,1,0,4
9a86541b-9df3-45c3-8efb-3460d7ad04ef,Lotus,14.0,5.0,10.0,11.0,Diamond,3.0,224.778,2.0,1.0,1.0,13.0,5.0,1,0,4
106ac22a-1f0c-4122-b7cd-165441da4745,Ascent,9.0,6.0,17.0,6.0,Diamond,3.0,114.391,0.0,2.0,0.0,10.0,13.0,1,0,4
1516e7f2-9580-41d7-b709-74743350b5ea,Ascent,18.0,1.0,14.0,14.0,Diamond,3.0,249.684,4.0,2.0,1.0,13.0,6.0,1,0,4
9fc30b37-b383-4c42-ad88-75ff5f1f380c,Sunset,19.0,3.0,17.0,12.0,Diamond,3.0,216.5,1.0,2.0,2.0,13.0,11.0,1,0,4
48efd61e-90db-4633-a057-e02d31831618,Ascent,21.0,1.0,14.0,9.0,Ascendant,1.0,290.0,4.0,1.0,0.0,6.0,13.0,1,0,4
9cff97d3-2765-4051-a3a2-ff11ed3a40d3,Sunset,21.0,2.0,15.0,18.0,Ascendant,1.0,323.737,0.0,1.0,0.0,6.0,13.0,1,0,4
0ebc881c-0cba-44a1-9cb0-700e5e25f936,Lotus,18.0,1.0,17.0,8.0,Ascendant,1.0,237.696,3.0,1.0,0.0,10.0,13.0,1,0,4
d9588a0f-12c6-40a2-9fd5-5f2d32858622,Summit,18.0,3.0,16.0,11.0,Ascendant,1.0,211.087,0.0,3.0,0.0,10.0,13.0,1,0,4
cb3e3b0c-25ef-47b9-afd4-c58dfecd2bb7,Breeze,18.0,1.0,16.0,12.0,Diamond,3.0,242.619,2.0,2.0,0.0,8.0,13.0,0,1,3
8b969a37-7a8f-462f-957d-65a2f9d61386,Ascent,15.0,1.0,15.0,10.0,Diamond,3.0,225.737,4.0,2.0,1.0,13.0,6.0,0,1,3
f9269f00-c52c-4f0f-b5b1-69e04cb20dca,Haven,6.0,2.0,16.0,3.0,Diamond,3.0,124.882,2.0,3.0,0.0,4.0,13.0,1,1,3
15602695-45df-4bce-8d1e-103a7d69a5ea,Breeze,24.0,2.0,17.0,19.0,Diamond,3.0,261.917,3.0,1.0,0.0,11.0,13.0,1,0,4
e9e9c94d-8147-4f69-9cf0-5105aaf3e30b,Haven,30.0,4.0,18.0,19.0,Diamond,3.0,314.885,2.0,2.0,1.0,14.0,12.0,0,1,3
88eb4d39-20f8-41c4-a6e9-f382ba9f0e49,Haven,23.0,3.0,14.0,22.0,Diamond,3.0,264.783,1.0,1.0,1.0,13.0,10.0,0,0,4
c4bf4391-75c9-4029-a035-5a1ff3624661,Sunset,9.0,0.0,7.0,2.0,Diamond,3.0,152.5,3.0,1.0,2.0,13.0,1.0,1,0,4
ffde2e5a-123a-4574-86c2-0c29ce1ce176,Lotus,17.0,0.0,17.0,10.0,Diamond,3.0,177.538,6.0,1.0,3.0,14.0,12.0,1,0,4
b60f4287-745c-4ef4-8e17-220e63166f82,Ascent,5.0,0.0,7.0,4.0,Ascendant,1.0,107.154,0.0,2.0,0.0,0.0,7.0,1,1,3
a7503169-19d1-4d75-b8a3-98a2ea9074d4,Ascent,11.0,2.0,14.0,7.0,Ascendant,1.0,172.053,1.0,2.0,0.0,6.0,13.0,1,1,3
7effe985-c737-45cc-8970-a87d071c2fa2,Breeze,20.0,2.0,23.0,15.0,Ascendant,1.0,205.964,4.0,2.0,0.0,13.0,15.0,1,0,4
6b3ef8c4-efe2-4056-b7ed-ef239c08d49d,Haven,13.0,3.0,15.0,12.0,Ascendant,1.0,188.4,0.0,0.0,0.0,7.0,13.0,0,0,4
28197fbe-fbad-4448-b3d8-4347a70ba7fa,Split,22.0,4.0,10.0,15.0,Diamond,3.0,342.444,5.0,0.0,1.0,13.0,5.0,1,0,4
0ff13b3c-3e85-4ec7-b494-174e9ce7352a,Haven,24.0,3.0,14.0,23.0,Diamond,3.0,312.85,3.0,2.0,2.0,13.0,7.0,1,0,4
07aeaa57-8640-4963-92b2-603226cc31ac,Sunset,26.0,2.0,18.0,17.0,Diamond,3.0,261.036,5.0,1.0,2.0,14.0,14.0,0,0,4
d38b8e4c-6d4a-4535-b052-f96cc4ec5a6c,Breeze,28.0,4.0,20.0,16.0,Ascendant,1.0,244.1,2.0,5.0,1.0,16.0,14.0,1,0,4
97cac309-b566-4b24-b639-13e565a63270,Split,16.0,2.0,11.0,11.0,Ascendant,1.0,218.421,1.0,1.0,2.0,13.0,6.0,1,0,4
d4c62b44-1fc8-4f3a-b74e-d1d5c361fbfc,Lotus,17.0,1.0,16.0,11.0,Ascendant,1.0,221.714,4.0,4.0,0.0,8.0,13.0,1,0,4
2918be29-3801-4924-a883-769159d3033d,Summit,22.0,1.0,15.0,15.0,Ascendant,1.0,268.524,3.0,0.0,0.0,8.0,13.0,1,0,4
233bfdce-fbb2-4a56-950c-8f67f33c4598,Sunset,10.0,1.0,13.0,7.0,Ascendant,1.0,233.231,1.0,0.0,0.0,0.0,13.0,1,1,3
756bb694-1ca5-4d76-aac6-3e58bd9d6c9a,Haven,12.0,2.0,14.0,6.0,Ascendant,1.0,166.85,4.0,3.0,0.0,7.0,13.0,1,1,3
9654a601-8967-4237-9d30-f63062c3230e,Summit,16.0,0.0,17.0,11.0,Ascendant,1.0,238.35,2.0,4.0,0.0,7.0,13.0,1,1,3
c9d56736-ed53-44df-acb4-8c83cbd0c9ee,Breeze,13.0,3.0,14.0,15.0,Ascendant,1.0,250.529,0.0,1.0,0.0,4.0,13.0,0,0,4
08244ac3-aff6-41b4-acb4-821e0b76551c,Split,16.0,2.0,18.0,9.0,Ascendant,1.0,217.095,3.0,2.0,0.0,8.0,13.0,1,0,4
a15d9ec5-efc2-431b-800c-45bb1f2d2d2d,Haven,10.0,2.0,10.0,4.0,Ascendant,1.0,162.353,1.0,2.0,1.0,13.0,4.0,1,0,4
0d6d33bd-bcb7-47fd-a0f5-0bce96467c81,Breeze,15.0,0.0,16.0,14.0,Ascendant,1.0,168.609,6.0,2.0,0.0,10.0,13.0,1,0,4
64abd975-9117-46f5-9511-c416f5f5fb2b,Lotus,21.0,2.0,15.0,19.0,Diamond,3.0,295.35,2.0,0.0,0.0,7.0,13.0,0,1,3
2a7f62d0-f618-462d-8b03-f74aea6d5bc0,Summit,17.0,0.0,14.0,15.0,Diamond,3.0,222.211,2.0,1.0,0.0,6.0,13.0,1,0,4
b02fb277-4283-470a-9ce2-7362262fc212,Breeze,18.0,2.0,18.0,12.0,Diamond,3.0,211.25,2.0,2.0,1.0,13.0,11.0,1,0,4
230463e0-358f-407f-8939-3f50c2730ff7,Ascent,16.0,4.0,7.0,5.0,Diamond,3.0,239.941,4.0,1.0,2.0,13.0,4.0,1,0,4
44fc75a9-ac0f-44bb-a01b-dac1495fb562,Haven,24.0,5.0,12.0,22.0,Diamond,3.0,328.632,2.0,1.0,3.0,13.0,6.0,0,0,4
183285ab-5c1e-41d1-b918-dff2d4dc4204,Sunset,20.0,1.0,19.0,8.0,Diamond,3.0,225.292,5.0,2.0,0.0,11.0,13.0,1,0,4
47b19823-f058-438f-b6d1-2dd86ac9b684,Lotus,13.0,3.0,16.0,9.0,Diamond,3.0,203.474,1.0,4.0,0.0,6.0,13.0,1,0,4
8662a6b5-1dec-437c-afc7-91b3fba0a7d8,Breeze,16.0,3.0,20.0,13.0,Diamond,3.0,233.522,5.0,3.0,0.0,10.0,13.0,1,0,4
b0fadbf6-eb70-4376-ae73-a22385c7cd84,Lotus,9.0,4.0,19.0,4.0,Diamond,3.0,110.826,0.0,2.0,0.0,10.0,13.0,0,0,4
cdd25a39-8fbd-4167-8bda-da922b1392f8,Split,12.0,2.0,15.0,7.0,Diamond,3.0,147.905,0.0,2.0,0.0,8.0,13.0,1,1,3
35022b86-3f6e-4c9a-9121-4213c83b82ba,Lotus,16.0,4.0,12.0,7.0,Diamond,3.0,243.0,2.0,4.0,1.0,13.0,5.0,1,1,3
828b5350-d6e9-4935-87c6-eb3d11ca876c,Haven,19.0,5.0,12.0,15.0,Diamond,3.0,256.25,1.0,0.0,0.0,7.0,13.0,0,1,3
917c50de-1b2c-4da7-8ccf-be5d2991e6be,Abyss,16.0,5.0,18.0,12.0,Diamond,2.0,237.762,1.0,2.0,0.0,8.0,13.0,0,0,4
a0f10da2-9a73-4433-ba7e-88e6d012f164,Ascent,20.0,4.0,19.0,14.0,Unrated,,254.826,5.0,1.0,0.0,10.0,13.0,0,0,4
74886e27-86fe-43bd-8e74-f24dbd588abf,Haven,20.0,1.0,15.0,14.0,Diamond,2.0,268.762,3.0,2.0,1.0,13.0,8.0,1,0,4
f5471860-647c-4b2f-9ff8-ea24790e14bb,Split,20.0,3.0,15.0,12.0,Diamond,2.0,245.476,1.0,1.0,0.0,8.0,13.0,0,0,4
7d68441f-0581-491e-9d1a-444ba56a2224,Abyss,19.0,3.0,17.0,16.0,Diamond,2.0,230.545,2.0,0.0,0.0,9.0,13.0,1,0,4
b0fb5e3c-6db9-4bac-85d4-5bafb5a82cb6,Ascent,27.0,2.0,16.0,16.0,Diamond,2.0,329.682,7.0,5.0,1.0,13.0,9.0,1,0,4
2a7b7dcf-c31e-4d5b-8a9f-7d06edd569c2,Sunset,21.0,4.0,17.0,8.0,Diamond,2.0,263.833,4.0,2.0,1.0,13.0,11.0,1,0,4
58a27f57-93ad-46f1-ba86-917e9827b2a1,Ascent,30.0,4.0,14.0,21.0,Diamond,2.0,358.348,5.0,0.0,2.0,13.0,10.0,0,0,4
f9467a3f-d3ed-423b-a44a-6c96b818c583,Haven,18.0,4.0,16.0,11.0,Diamond,3.0,235.0,5.0,0.0,1.0,13.0,7.0,0,0,4
73793945-0313-4733-a3d6-4b829438adf0,Summit,21.0,2.0,10.0,13.0,Diamond,3.0,284.632,7.0,2.0,2.0,13.0,6.0,1,0,4
6bdc1436-7de6-4012-95e4-021878c4be75,Lotus,5.0,4.0,14.0,6.0,Diamond,3.0,129.267,1.0,2.0,0.0,2.0,13.0,0,0,4
23b3aae7-414c-4fd9-8a59-a9309598b25f,Lotus,19.0,2.0,18.0,14.0,Diamond,3.0,234.87,2.0,0.0,0.0,10.0,13.0,1,2,2
04397f8f-9e36-4804-9892-9e9b095c7df5,Ascent,21.0,5.0,14.0,10.0,Diamond,3.0,228.136,0.0,3.0,1.0,13.0,9.0,1,2,2
fb7ceef9-1161-4654-8633-23f8e5ef8427,Split,24.0,2.0,18.0,18.0,Diamond,3.0,232.679,3.0,2.0,0.0,13.0,15.0,1,2,2
fc42b144-ed15-4ace-a824-240a09e1723b,Sunset,8.0,3.0,19.0,5.0,Diamond,3.0,116.0,3.0,5.0,1.0,13.0,10.0,1,0,4
200d0690-5650-48c0-9efb-dc7ff43ee5b8,Lotus,21.0,4.0,17.0,17.0,Diamond,3.0,242.87,4.0,2.0,1.0,13.0,10.0,1,0,4
6087a5dc-6a86-4398-8c1a-8c93b8a0fef7,Lotus,24.0,1.0,18.0,16.0,Diamond,3.0,238.077,3.0,0.0,2.0,14.0,12.0,0,0,4
35a4d73c-b9e2-476e-915b-bce7aeb2f7d6,Haven,19.0,2.0,19.0,13.0,Diamond,3.0,219.708,3.0,1.0,1.0,13.0,11.0,0,0,4
c0553366-eba8-4d74-96be-b9bbe70f792b,Summit,16.0,2.0,16.0,9.0,Diamond,3.0,240.95,4.0,0.0,0.0,7.0,13.0,1,0,4
34ef76fa-9847-4e02-a61e-791d3623d716,Split,14.0,4.0,17.0,10.0,Diamond,3.0,166.583,0.0,4.0,0.0,11.0,13.0,1,1,3
0c66fee4-10d5-496a-a385-7d3853e11543,Ascent,22.0,1.0,13.0,15.0,Diamond,3.0,283.818,4.0,1.0,1.0,13.0,9.0,1,0,4
8905b26e-89a1-46b6-aeb4-3397837f8112,Sunset,14.0,2.0,18.0,11.0,Diamond,3.0,209.421,2.0,2.0,0.0,6.0,13.0,1,0,4
99d63222-8289-4a02-ae80-91cdc9f663c2,Lotus,16.0,3.0,7.0,10.0,Diamond,3.0,243.75,1.0,0.0,1.0,13.0,3.0,1,0,4
078dd37f-cbf6-430e-bd62-bf01b4e19572,Haven,10.0,0.0,13.0,8.0,Diamond,3.0,202.071,0.0,2.0,0.0,1.0,13.0,0,2,2
5f3e84de-62b5-4192-9ca7-dd1e7808fcd4,Lotus,11.0,6.0,23.0,4.0,Diamond,3.0,142.429,4.0,5.0,0.0,13.0,15.0,1,0,4
cf5609ee-5c82-4149-9ffa-062604439cba,Split,15.0,0.0,17.0,9.0,Diamond,3.0,190.714,0.0,1.0,0.0,8.0,13.0,1,0,4
85f22ff1-96cb-4996-b1f5-63b56d8ad2c0,Summit,14.0,7.0,16.0,10.0,Diamond,3.0,196.048,1.0,1.0,1.0,13.0,8.0,1,0,4
598b92bd-2863-464e-8b82-e52a132a48ce,Split,17.0,4.0,22.0,12.0,Diamond,3.0,205.808,1.0,3.0,0.0,12.0,14.0,1,0,4
22e6632d-a893-46d8-baf4-370ea08608ac,Haven,12.0,2.0,13.0,9.0,Diamond,3.0,204.812,2.0,0.0,0.0,3.0,13.0,1,0,4
dd6d50a0-7e6c-4fc4-8ed4-a0456562ae04,Abyss,11.0,2.0,13.0,7.0,Diamond,3.0,208.733,3.0,2.0,0.0,2.0,13.0,0,0,4
0e5c942f-d9cb-4f26-99c1-c0c607ad57cf,Summit,17.0,5.0,11.0,9.0,Diamond,3.0,319.667,1.0,1.0,1.0,13.0,2.0,0,0,4
72a5058f-1336-4c1c-916a-ecd18aae9cc3,Haven,17.0,2.0,23.0,14.0,Diamond,3.0,159.679,2.0,4.0,2.0,15.0,13.0,0,0,4
35b868ca-14f4-4e56-b99f-fca37b48fefe,Lotus,9.0,2.0,14.0,12.0,Diamond,3.0,156.824,2.0,1.0,1.0,13.0,4.0,0,0,4
4679e089-099f-4260-89db-8aa04f86b710,Ascent,14.0,2.0,18.0,9.0,Diamond,3.0,148.208,3.0,3.0,2.0,13.0,11.0,1,0,4
57f6fa93-8be1-4501-b6b8-61d296a32b63,Summit,23.0,5.0,16.0,13.0,Diamond,3.0,279.917,3.0,2.0,1.0,13.0,11.0,1,1,3
8f8b9ccd-6f88-466a-8c6f-502b0753178e,Sunset,21.0,4.0,10.0,14.0,Diamond,3.0,312.294,1.0,0.0,2.0,13.0,4.0,1,1,3
00fa5f8a-e10e-4658-a5c8-935c4da0e3b5,Abyss,13.0,4.0,15.0,8.0,Diamond,3.0,217.5,1.0,1.0,0.0,5.0,13.0,1,1,3
8c814e92-5926-4b31-9091-fd3f76c0b8b7,Haven,24.0,0.0,19.0,15.0,Diamond,3.0,265.083,4.0,1.0,0.0,11.0,13.0,1,1,3
f69d8a3f-4852-4bc8-867f-9f05998c6ea2,Summit,9.0,2.0,14.0,4.0,Diamond,3.0,116.545,2.0,1.0,0.0,9.0,13.0,1,0,4
b6db156c-bbb0-4071-b73e-baf40bdea413,Split,17.0,6.0,15.0,9.0,Diamond,3.0,201.826,1.0,3.0,1.0,13.0,10.0,0,0,4
93a0c54c-9484-4363-97e5-442eca1c7b96,Sunset,19.0,2.0,15.0,7.0,Diamond,3.0,224.905,2.0,4.0,0.0,8.0,13.0,1,0,4
c59fd843-035f-4883-bb73-d473dc5c840b,Ascent,10.0,3.0,18.0,6.0,Diamond,3.0,170.5,3.0,3.0,0.0,7.0,13.0,1,0,4
faa8a399-c4e2-487e-acf4-025a67ad4648,Ascent,23.0,1.0,12.0,12.0,Diamond,3.0,276.273,1.0,4.0,1.0,13.0,9.0,1,0,4
109311d3-55db-4c10-8b4f-a71d4af9d75f,Sunset,12.0,2.0,16.0,9.0,Diamond,3.0,173.158,2.0,1.0,2.0,13.0,6.0,0,0,4
9dc55bd6-da5a-4872-8d4e-cc4fdac6764a,Abyss,14.0,6.0,14.0,11.0,Diamond,3.0,239.444,2.0,5.0,3.0,13.0,5.0,0,0,4
0c5c12b2-ab7c-4204-9845-be8adae467a6,Sunset,15.0,2.0,11.0,5.0,Diamond,3.0,200.105,1.0,1.0,1.0,13.0,6.0,1,0,4
6f9a0d7d-0c4d-4868-91a8-002ff52253b1,Ascent,25.0,2.0,9.0,8.0,Diamond,3.0,317.714,3.0,0.0,2.0,13.0,8.0,1,0,4
093b9e96-6932-42e2-b5f7-66824b51354c,Lotus,20.0,6.0,19.0,16.0,Diamond,3.0,242.208,2.0,1.0,0.0,11.0,13.0,0,0,4
9c520e47-a4e9-4254-9490-fced60bd979e,Abyss,10.0,0.0,16.0,4.0,Ascendant,1.0,126.143,2.0,1.0,0.0,8.0,13.0,1,0,4
797d21a6-1d5f-4d93-88a7-f7cc7912b9fc,Lotus,15.0,3.0,17.0,10.0,Ascendant,1.0,190.952,2.0,0.0,0.0,8.0,13.0,0,1,3
36f10ed3-cec0-4c08-88f7-e9df547d1fe2,Summit,13.0,1.0,9.0,5.0,Ascendant,1.0,203.765,3.0,1.0,1.0,13.0,4.0,1,0,4
115022bf-e009-428c-9385-8ae57ecda5d3,Split,23.0,3.0,20.0,12.0,Ascendant,1.0,269.333,2.0,2.0,0.0,11.0,13.0,1,0,4
fe1b5b80-7e79-4ed0-a34b-e10eb04c9eec,Haven,10.0,6.0,18.0,4.0,Ascendant,1.0,135.318,2.0,3.0,1.0,13.0,9.0,0,0,4
e26c9e0f-226b-414b-8969-ff3d8219c475,Abyss,14.0,1.0,19.0,10.0,Ascendant,1.0,202.9,4.0,1.0,0.0,7.0,13.0,1,0,4
b8471f25-4590-4025-b1ce-778ed4c74216,Ascent,11.0,2.0,14.0,6.0,Ascendant,1.0,183.941,2.0,0.0,0.0,4.0,13.0,1,0,4
d5c43d50-f13c-4a65-97cb-2432d6cee99b,Lotus,17.0,2.0,15.0,11.0,Diamond,3.0,227.55,3.0,4.0,0.0,7.0,13.0,1,2,2
4f6c48e5-c9fc-467d-9d2d-1c35d3e4aaf6,Split,11.0,5.0,17.0,7.0,Diamond,3.0,162.048,2.0,3.0,0.0,8.0,13.0,0,2,2
e92d4cbd-2907-483d-bdf3-284987508c38,Ascent,15.0,4.0,16.0,9.0,Diamond,3.0,192.913,6.0,5.0,0.0,10.0,13.0,1,1,3
47781c11-e7fe-4af8-b8ed-ca4be8548ba1,Summit,17.0,1.0,14.0,11.0,Ascendant,1.0,236.95,1.0,1.0,0.0,7.0,13.0,0,0,4
9de5383a-2811-4c4e-92b5-29411f77a9ad,Summit,27.0,0.0,17.0,18.0,Diamond,3.0,348.0,3.0,2.0,0.0,10.0,13.0,1,0,4
add7141a-b046-437b-af87-54c6522ebc99,Haven,20.0,3.0,15.0,15.0,Diamond,3.0,225.833,2.0,0.0,1.0,13.0,11.0,1,1,3
ae951dba-1388-4596-ad84-cb8abe79c2eb,Split,13.0,3.0,19.0,7.0,Diamond,3.0,181.227,2.0,1.0,0.0,9.0,13.0,0,1,3
a498d4fc-8a81-4d88-abde-00a47ce81891,Ascent,19.0,2.0,9.0,12.0,Diamond,2.0,308.438,4.0,1.0,1.0,13.0,3.0,1,1,3
b86a9de6-3def-42f5-a4f0-d4e3e0b2e425,Sunset,27.0,3.0,20.0,18.0,Diamond,3.0,317.615,3.0,2.0,0.0,12.0,14.0,1,0,4
83deff2f-d2ba-4b5f-8d30-7f493e21354d,Summit,30.0,2.0,15.0,19.0,Diamond,3.0,309.923,3.0,2.0,1.0,14.0,12.0,1,2,2
8bb06638-91cd-4878-adc6-3b45bdc5d0ca,Ascent,18.0,3.0,8.0,6.0,Diamond,2.0,279.235,6.0,1.0,2.0,13.0,4.0,1,2,2
8e34f769-5ff2-4b46-a29f-ff8d8e671c7c,Lotus,23.0,1.0,16.0,9.0,Diamond,3.0,260.708,5.0,1.0,0.0,11.0,13.0,1,1,3
cdf6eabc-4157-4363-b4ed-511ea3865a52,Sunset,29.0,3.0,15.0,16.0,Diamond,3.0,325.913,2.0,4.0,0.0,10.0,13.0,1,1,3
63b2cd59-3c76-487c-b876-1e9a1ccc11c1,Ascent,14.0,2.0,16.0,10.0,Diamond,3.0,190.048,2.0,2.0,0.0,8.0,13.0,1,0,4
883adef1-6683-4126-8054-8ba18fa9b789,Lotus,11.0,5.0,18.0,8.0,Diamond,3.0,155.087,3.0,4.0,0.0,10.0,13.0,0,0,4
8f191c06-6d43-4741-ae3d-7a670d96c30f,Haven,16.0,1.0,16.0,13.0,Diamond,2.0,246.0,2.0,3.0,0.0,5.0,13.0,0,2,2
ece70b69-5224-4b80-a7bc-646395a38115,Ascent,3.0,1.0,5.0,2.0,Diamond,2.0,70.385,0.0,0.0,0.0,0.0,5.0,1,2,2
d6588613-f985-4a09-ba12-e64d3c06b2cd,Sunset,23.0,2.0,19.0,13.0,Diamond,2.0,298.619,4.0,2.0,0.0,8.0,13.0,1,1,3
f0c73415-bb0e-4a15-adb3-5f824c9740a6,Summit,8.0,1.0,15.0,8.0,Diamond,3.0,141.938,1.0,0.0,0.0,3.0,13.0,1,2,2
5dffb69f-0f5f-40a9-a49f-46d91ae55a79,Haven,9.0,5.0,17.0,5.0,Diamond,3.0,148.0,1.0,1.0,0.0,5.0,13.0,1,1,3
cc32df57-8057-4a4a-a482-fe12e09eae9c,Summit,5.0,2.0,16.0,4.0,Unrated,,108.824,0.0,3.0,0.0,4.0,13.0,1,3,1
12039cbb-bb15-4705-8509-9f37b868f4c8,Haven,14.0,5.0,18.0,5.0,Unrated,,192.682,4.0,2.0,1.0,13.0,9.0,1,3,1
0bda92f1-d1eb-4def-af76-da10f0a58b38,Split,19.0,6.0,15.0,7.0,Unrated,,253.905,3.0,1.0,2.0,13.0,8.0,1,0,4
2c55e1ab-f6bc-4977-b922-8ea328c17b4b,Fracture,17.0,1.0,19.0,8.0,Diamond,1.0,224.636,3.0,2.0,0.0,9.0,13.0,0,3,1
db56099c-8a7e-4bb8-a5d9-7df7a73b8066,Haven,16.0,6.0,12.0,11.0,Diamond,1.0,245.5,2.0,0.0,1.0,13.0,5.0,1,2,2
1d791d4b-437f-4a8f-afa0-939239309eb4,Haven,14.0,2.0,8.0,13.0,Diamond,1.0,201.778,1.0,3.0,2.0,13.0,5.0,1,1,3
1c63c560-a31d-44df-964b-f9c28789a173,Ascent,15.0,5.0,16.0,10.0,Diamond,1.0,200.211,1.0,1.0,0.0,6.0,13.0,0,1,3
3bd847b3-9a88-4b54-8cf5-3ed914488206,Breeze,17.0,2.0,14.0,9.0,Diamond,1.0,234.15,3.0,1.0,0.0,7.0,13.0,1,2,2
d4336326-2e31-4b83-9a3d-8f33130846af,Fracture,22.0,4.0,15.0,12.0,Diamond,1.0,277.857,1.0,1.0,0.0,8.0,13.0,1,2,2
bc37f423-250d-4c2d-a5c4-b1a2be423f9a,Breeze,9.0,4.0,15.0,5.0,Diamond,1.0,142.053,0.0,2.0,0.0,6.0,13.0,0,2,2
c5d776ac-59b9-48ff-8892-daa2a3bc682e,Pearl,22.0,13.0,18.0,12.0,Diamond,1.0,284.962,1.0,3.0,0.0,12.0,14.0,0,2,2
3af4c992-c175-4a58-a601-d05f0eb5c71a,Ascent,19.0,1.0,7.0,11.0,Diamond,1.0,370.143,6.0,2.0,1.0,12.0,1.0,0,2,2
c22dc624-f0f8-4174-ac1a-a3aa8e8c624a,Pearl,14.0,5.0,16.0,9.0,Diamond,1.0,209.0,5.0,3.0,2.0,13.0,7.0,1,1,3
d23b0235-97b1-442b-915d-727acfb357bc,Split,5.0,3.0,13.0,2.0,Diamond,1.0,152.615,1.0,4.0,0.0,0.0,13.0,1,1,3
c9a742e0-f594-4a90-9c42-48c4a5a94c39,Lotus,35.0,4.0,16.0,21.0,Diamond,1.0,396.917,5.0,2.0,0.0,11.0,13.0,0,1,3
1da65b77-4218-4bfc-98ad-c43ffee81c1a,Ascent,29.0,2.0,12.0,18.0,Diamond,1.0,380.591,3.0,3.0,1.0,13.0,9.0,1,1,3
5855d5b8-0caf-48a6-bd53-6d3985d6aff4,Ascent,16.0,3.0,14.0,11.0,Diamond,1.0,214.524,5.0,1.0,1.0,13.0,8.0,1,1,3
19e98308-e1af-4f94-9a0b-fc65d1e7484f,Split,23.0,5.0,20.0,15.0,Diamond,1.0,230.929,2.0,2.0,0.0,14.0,14.0,1,2,2
1ffea0af-c3bf-4a02-b801-6ff8bc745078,Pearl,22.0,5.0,17.0,13.0,Diamond,1.0,253.692,3.0,0.0,1.0,14.0,12.0,1,2,2
ab0677d5-14e4-47d9-a068-f40c5c761d4a,Breeze,31.0,6.0,12.0,22.0,Diamond,1.0,363.087,3.0,1.0,2.0,13.0,10.0,1,1,3
3ba01eea-abaf-43d8-badf-7f94d08b8045,Fracture,21.0,3.0,20.0,14.0,Diamond,1.0,276.364,3.0,1.0,0.0,9.0,13.0,1,2,2
127a5ed6-e44e-42cb-8082-758bf45b4f7d,Breeze,22.0,12.0,13.0,15.0,Diamond,1.0,336.1,7.0,2.0,1.0,13.0,7.0,1,1,3
4250382e-b74a-43af-bfa7-7e87513c180f,Pearl,19.0,6.0,18.0,9.0,Diamond,1.0,254.565,2.0,1.0,0.0,10.0,13.0,1,1,3
7d68b940-7a46-42a8-940f-114ed1dd8b7c,Lotus,15.0,6.0,18.0,9.0,Diamond,1.0,195.391,3.0,4.0,0.0,10.0,13.0,0,2,2
1186cd67-7f09-481d-af3d-09c7d0c5cc63,Fracture,17.0,6.0,13.0,13.0,Diamond,1.0,342.875,4.0,2.0,1.0,13.0,3.0,0,1,3
59165f73-1444-4685-8608-ef4578e80280,Breeze,15.0,4.0,17.0,10.0,Diamond,1.0,196.818,3.0,3.0,2.0,13.0,9.0,1,2,2
375a7856-3f7a-4ae3-b285-21e422a89980,Pearl,13.0,3.0,12.0,9.0,Diamond,1.0,173.25,2.0,1.0,1.0,13.0,7.0,1,2,2
4478de53-fe6e-4619-89dd-c4a550d139bb,Pearl,12.0,5.0,16.0,8.0,Diamond,1.0,168.545,2.0,9.0,2.0,13.0,9.0,1,0,4
d764cfbe-6a18-41c5-a68c-4cd8e4e499ba,Lotus,13.0,4.0,17.0,4.0,Diamond,1.0,209.389,0.0,2.0,0.0,5.0,13.0,1,2,2
fb74a574-cf6b-4df3-9816-fc09e1380a27,Split,14.0,7.0,11.0,5.0,Diamond,1.0,183.478,2.0,3.0,1.0,13.0,10.0,1,2,2
278b7403-a37d-4b68-baf4-60315d051c72,Ascent,15.0,5.0,18.0,13.0,Diamond,1.0,244.476,5.0,1.0,0.0,8.0,13.0,1,2,2
ead0d575-0f2a-47ec-83c2-c99a906edd7b,Lotus,25.0,4.0,15.0,16.0,Diamond,1.0,340.684,3.0,0.0,1.0,13.0,6.0,0,1,3
bac7a064-06fd-4498-8c96-7c38aed3170c,Haven,19.0,3.0,13.0,5.0,Diamond,1.0,284.45,6.0,3.0,2.0,13.0,7.0,0,1,3
28a70c3d-d3df-4632-8a40-0c7d9b8dbed0,Pearl,21.0,9.0,19.0,15.0,Diamond,2.0,276.783,3.0,2.0,1.0,13.0,10.0,1,1,3
e42016a1-c7e6-4c07-a826-e18c28ba2de1,Fracture,13.0,4.0,21.0,6.0,Diamond,2.0,145.308,5.0,7.0,1.0,14.0,12.0,1,2,2
0d0609c7-ca98-486c-8d2e-6e488f169f32,Fracture,15.0,8.0,21.0,10.0,Diamond,2.0,194.391,5.0,1.0,0.0,10.0,13.0,1,1,3
630a66c0-29b5-4180-b35a-06775ba4eacd,Lotus,10.0,10.0,14.0,6.0,Diamond,2.0,156.3,1.0,2.0,1.0,13.0,7.0,0,1,3
94c6e3fc-0502-4dc9-ab3a-f63237853169,Haven,13.0,4.0,16.0,12.0,Diamond,2.0,228.389,3.0,1.0,0.0,5.0,13.0,0,1,3
5a5d2607-f402-42d4-9ea7-48a742caa13a,Sunset,17.0,9.0,21.0,15.0,Platinum,1.0,212.538,4.0,5.0,0.0,12.0,14.0,1,1,3
7c3d8dfe-ef1b-4fe5-aa9e-471d6e79f866,Lotus,17.0,3.0,19.0,16.0,Platinum,1.0,214.565,6.0,5.0,1.0,13.0,10.0,0,1,3
9e23fd82-6cc4-430f-bc7d-32bc580ebcb4,Breeze,21.0,3.0,23.0,13.0,Unrated,,223.192,4.0,4.0,2.0,14.0,12.0,0,1,3
a6d07529-2830-47cc-b4be-a13d95294600,Split,24.0,7.0,28.0,18.0,Unrated,,220.088,3.0,5.0,3.0,18.0,16.0,1,2,2
8ff59159-bbab-4161-ab34-94de95bf1f10,Ascent,23.0,2.0,15.0,13.0,Platinum,1.0,273.136,3.0,3.0,0.0,9.0,13.0,0,1,3
817beb9f-708c-4f6b-bc4c-a386159f0468,Summit,16.0,2.0,19.0,9.0,Platinum,1.0,174.217,4.0,7.0,0.0,10.0,13.0,1,1,3
36631733-0817-45a1-9e4c-c721a6864b71,Sunset,21.0,6.0,19.0,16.0,Platinum,1.0,262.833,5.0,5.0,1.0,13.0,11.0,1,0,4
b52e5449-be5c-4d5f-9bc4-8e586fd8f764,Sunset,7.0,7.0,19.0,5.0,Platinum,2.0,97.864,0.0,2.0,0.0,9.0,13.0,0,2,2
c86e1d22-13d0-4b6c-90e9-bacbfe9673bd,Split,13.0,8.0,18.0,10.0,Platinum,1.0,186.565,5.0,8.0,1.0,13.0,10.0,0,2,2
cdb44464-8ed8-4d20-ba6d-cae600d54dcd,Haven,13.0,9.0,16.0,9.0,Platinum,1.0,173.727,4.0,3.0,2.0,13.0,9.0,0,2,2
13f62a5b-9d2a-4a77-b769-ca63852c30d5,Ascent,14.0,6.0,13.0,7.0,Platinum,1.0,223.55,4.0,1.0,3.0,13.0,7.0,0,1,3
063a1906-ad36-46be-9e8e-02dbd8f768c8,Breeze,12.0,3.0,18.0,9.0,Platinum,1.0,163.864,4.0,2.0,0.0,9.0,13.0,1,1,3
474ec11f-243e-4221-b95a-30e1d5ee6b2f,Breeze,12.0,4.0,18.0,8.0,Platinum,2.0,158.727,0.0,3.0,0.0,9.0,13.0,0,1,3
b264ae0e-a9b0-4810-b608-c277eb580d72,Sunset,20.0,6.0,25.0,17.0,Platinum,2.0,242.154,4.0,5.0,1.0,14.0,12.0,1,1,3
25a74342-651f-42cb-86ec-df56e0f8c60a,Summit,20.0,4.0,17.0,14.0,Platinum,2.0,284.455,6.0,0.0,2.0,13.0,9.0,1,1,3
fd3155a3-d521-496c-8d25-789ce575d755,Haven,15.0,5.0,14.0,10.0,Platinum,1.0,182.0,3.0,1.0,3.0,13.0,10.0,0,0,4
354b479a-9c24-4c9e-9f55-9d633ea5995b,Split,12.0,5.0,11.0,9.0,Platinum,2.0,137.609,0.0,0.0,1.0,13.0,10.0,1,1,3
09129172-e939-4ab7-8d35-b4c3fcccab75,Lotus,21.0,7.0,17.0,19.0,Platinum,2.0,254.667,2.0,0.0,2.0,13.0,11.0,1,1,3
4e163783-ae41-4f34-8f15-a94a539d7405,Split,13.0,7.0,12.0,8.0,Platinum,2.0,208.0,3.0,0.0,3.0,13.0,5.0,1,1,3
03dc1d00-74f5-4d58-9286-8c0be0d4c136,Haven,12.0,6.0,18.0,12.0,Platinum,3.0,185.381,5.0,5.0,0.0,8.0,13.0,1,0,4
627e32a8-e106-49c7-95f4-5316957735d2,Split,18.0,5.0,17.0,13.0,Platinum,3.0,260.571,0.0,3.0,0.0,8.0,13.0,1,0,4
290c3962-cbd7-40a3-81d1-0a3f5745c4eb,Lotus,16.0,10.0,22.0,12.0,Platinum,2.0,208.692,3.0,5.0,1.0,14.0,12.0,1,2,2
d5be5043-2475-4491-b237-94b83b793bcb,Split,11.0,7.0,19.0,8.0,Platinum,2.0,154.792,2.0,4.0,0.0,11.0,13.0,1,2,2
5a29005c-2024-46a8-9812-445b316c6005,Sunset,22.0,6.0,13.0,13.0,Platinum,2.0,283.952,1.0,0.0,1.0,13.0,8.0,1,2,2
a0caa8f7-e72a-4cba-acda-1284f34221d6,Breeze,16.0,4.0,20.0,13.0,Platinum,2.0,204.087,3.0,4.0,0.0,10.0,13.0,1,1,3
f6e15b71-a31c-4b7c-95be-2166b2321783,Haven,9.0,2.0,16.0,8.0,Platinum,2.0,140.15,1.0,0.0,0.0,7.0,13.0,1,1,3
6a95a0fe-6475-4e39-a3ca-453efb4c11b3,Summit,26.0,2.0,17.0,18.0,Platinum,2.0,289.333,3.0,5.0,0.0,11.0,13.0,0,0,4
d37363b1-c243-48a7-9980-a73848bc4b68,Ascent,10.0,4.0,16.0,9.0,Platinum,2.0,150.158,1.0,5.0,0.0,6.0,13.0,1,1,3
a6df3a87-8aea-4253-b491-18f8fc1cd60e,Ascent,25.0,7.0,14.0,12.0,Platinum,2.0,323.909,4.0,3.0,1.0,13.0,9.0,1,1,3
9bb7ece1-3774-4e1f-bfef-666f5d8aaed5,Breeze,12.0,2.0,14.0,3.0,Platinum,2.0,150.0,1.0,2.0,0.0,9.0,13.0,0,1,3
84f432e8-09ab-4ae1-8c7a-fe7e64655cd0,Lotus,13.0,2.0,17.0,7.0,Platinum,2.0,181.476,4.0,1.0,0.0,8.0,13.0,0,1,3
f43f6ba4-b6cc-480c-a8af-f1414bee8c64,Split,8.0,10.0,19.0,7.0,Platinum,2.0,140.957,3.0,5.0,1.0,13.0,10.0,1,1,3
8f7867d8-3476-4dc2-8e8a-3f5cfb5107fe,Lotus,19.0,4.0,19.0,16.0,Platinum,2.0,252.391,7.0,3.0,2.0,13.0,10.0,1,1,3
92e77b4a-5e62-4e55-a637-6fec71fcebcd,Sunset,26.0,5.0,20.0,17.0,Platinum,1.0,261.214,2.0,2.0,1.0,15.0,13.0,0,2,2
8fc5901b-f021-477a-9137-4758e42dde6a,Sunset,13.0,5.0,23.0,8.0,Platinum,2.0,177.917,5.0,3.0,0.0,11.0,13.0,1,2,2
eb7a4d68-5f11-468e-a6df-3bbd934fed23,Split,15.0,3.0,26.0,9.0,Platinum,2.0,182.714,5.0,5.0,0.0,13.0,15.0,1,2,2
973d7436-369e-466c-b6e2-1749f167460a,Haven,19.0,4.0,12.0,14.0,Platinum,1.0,301.389,3.0,4.0,1.0,13.0,5.0,0,0,4
86887a7c-f49d-4687-b716-4c018c96e7f8,Lotus,21.0,4.0,23.0,11.0,Platinum,2.0,233.654,4.0,3.0,0.0,12.0,14.0,1,1,3
9a139452-a0fe-43ac-bf51-ef8d4ddb8d0a,Breeze,5.0,7.0,23.0,3.0,Platinum,2.0,69.192,0.0,3.0,0.0,12.0,14.0,0,0,4
611a5805-6ddf-41e2-98c4-b9c3cdc7b386,Lotus,15.0,4.0,16.0,12.0,Platinum,1.0,235.684,1.0,3.0,0.0,6.0,13.0,1,0,4
80fd58b6-48a0-402c-b0cc-d8b46427e714,Breeze,15.0,7.0,13.0,14.0,Platinum,1.0,266.5,3.0,3.0,1.0,13.0,5.0,0,1,3
fc7926a9-cfb1-41f7-9b82-e72c09b6705b,Breeze,13.0,5.0,17.0,8.0,Platinum,1.0,192.095,1.0,5.0,0.0,8.0,13.0,0,2,2
4745af21-75fb-438e-89a5-1f5db1bc5146,Sunset,16.0,9.0,19.0,9.0,Platinum,1.0,229.773,5.0,4.0,1.0,13.0,9.0,1,2,2
0aef0da4-8be4-4390-a377-35bcd41d4932,Ascent,11.0,6.0,21.0,3.0,Platinum,1.0,159.826,2.0,6.0,0.0,10.0,13.0,0,2,2
8b5f1ee9-9ef7-4fb9-a633-151314889883,Ascent,17.0,7.0,19.0,17.0,Platinum,1.0,234.875,3.0,3.0,1.0,13.0,11.0,0,1,3
aae5a857-511e-4ec4-b319-5c2530671abc,Haven,14.0,7.0,16.0,12.0,Platinum,2.0,215.95,4.0,1.0,0.0,7.0,13.0,1,1,3
f7d33f91-e931-4c0f-9320-48a00a6bade6,Summit,10.0,3.0,15.0,6.0,Unrated,,163.053,4.0,5.0,1.0,13.0,6.0,1,1,3
fa7709bf-8ca6-421e-a543-00a10d9fa515,Sunset,25.0,5.0,29.0,18.0,Platinum,1.0,237.235,9.0,8.0,0.0,16.0,18.0,1,2,2
15fe72f3-ae2f-4698-8317-e3d513c30bf6,Ascent,22.0,1.0,22.0,13.0,Platinum,2.0,266.0,7.0,1.0,0.0,11.0,13.0,0,1,3
b136c3ca-0e08-4a79-8370-7ea4d0eda447,Summit,21.0,6.0,23.0,14.0,Platinum,1.0,199.667,3.0,6.0,0.0,15.0,15.0,1,1,3
acc2a2fb-aa2f-4526-9644-e37011fcede1,Sunset,7.0,0.0,19.0,5.0,Platinum,1.0,97.682,1.0,9.0,0.0,9.0,13.0,1,1,3
7d9f1948-a0dd-4dbd-bdfd-65c0e45d8fe8,Summit,11.0,4.0,13.0,9.0,Platinum,1.0,187.556,2.0,6.0,1.0,13.0,5.0,1,1,3
7e1a899b-11ff-4803-b686-298361a97bba,Abyss,9.0,3.0,22.0,10.0,Platinum,1.0,136.955,1.0,4.0,0.0,9.0,13.0,1,1,3
5283d93e-f4a7-4124-8cb5-5fb88914a4c6,Haven,19.0,3.0,24.0,14.0,Platinum,1.0,231.708,4.0,2.0,0.0,11.0,13.0,1,1,3
f09cfa01-8b09-4775-a532-90a98de80d03,Ascent,17.0,4.0,22.0,9.0,Platinum,1.0,192.615,7.0,5.0,0.0,12.0,14.0,0,1,3
e7132fe5-3f2f-470a-a56b-b096886aa0d0,Haven,14.0,5.0,19.0,12.0,Platinum,1.0,190.5,1.0,7.0,0.0,11.0,13.0,1,1,3
cb3d7345-b2c4-48c0-8410-92502c39db42,Bind,27.0,20.0,16.0,10.0,Bronze,3.0,282.423,4.0,1.0,0.0,12.0,14.0,0,4,0
e52a9066-d920-4390-81e0-7805b79c2bad,Haven,23.0,4.0,15.0,11.0,Bronze,3.0,296.143,2.0,1.0,3.0,13.0,8.0,1,4,0
18e193fb-25bd-4e36-826c-f3cca2891b0c,Lotus,20.0,6.0,15.0,6.0,Bronze,3.0,263.182,0.0,4.0,0.0,9.0,13.0,1,4,0
75378d13-50a7-4744-8a4e-22a5b13518a9,Breeze,30.0,6.0,16.0,18.0,Bronze,3.0,399.818,8.0,0.0,1.0,13.0,9.0,1,3,1
0acf19df-9649-48bf-82e0-2fb9ffe9d632,Pearl,17.0,8.0,16.0,11.0,Silver,2.0,234.263,0.0,2.0,0.0,6.0,13.0,0,2,2
133916b0-27ed-44df-bb4b-e3805cfb8f89,Ascent,14.0,3.0,19.0,10.0,Silver,1.0,190.87,4.0,4.0,0.0,10.0,13.0,1,3,1
eb306a08-8c72-4915-9016-204696d4ff5e,Fracture,10.0,0.0,14.0,6.0,Silver,2.0,213.667,0.0,1.0,0.0,2.0,13.0,1,3,1
e76cdc59-7ec8-4f57-915b-9b995285e936,Ascent,18.0,5.0,17.0,10.0,Unrated,,245.591,2.0,0.0,1.0,13.0,9.0,0,4,0
e809a353-a80f-412a-8781-7937b83c8eb4,Haven,10.0,7.0,14.0,5.0,Unrated,,128.955,1.0,1.0,2.0,13.0,9.0,0,4,0
1cdcc5ed-b9c9-475a-9001-48f9662b6679,Split,16.0,19.0,10.0,6.0,Unrated,,245.842,1.0,2.0,1.0,13.0,6.0,0,4,0
e439c5d2-bcaa-47c9-b58c-5ff48348d315,Haven,13.0,19.0,12.0,11.0,Unrated,,200.619,0.0,2.0,2.0,13.0,8.0,1,1,3
7a48b35b-79ed-4b57-ac7b-d2f97bb7b988,Breeze,3.0,4.0,13.0,3.0,Bronze,3.0,88.533,0.0,1.0,0.0,2.0,13.0,0,2,2
5629c992-8dff-496a-a154-723765ee5464,Lotus,13.0,15.0,14.0,8.0,Unrated,,170.462,3.0,1.0,1.0,14.0,12.0,0,2,2
e1761a89-a9ad-44d9-bc9e-5d2cfa9a266b,Abyss,15.0,3.0,14.0,5.0,Unrated,,233.421,2.0,4.0,0.0,6.0,13.0,0,4,0
e356c628-8c81-4038-b48c-51070aee712b,Sunset,11.0,7.0,18.0,6.0,Platinum,2.0,153.857,0.0,0.0,0.0,8.0,13.0,1,1,3
c04e2d04-b8aa-4b39-a071-3ec462f587c6,Lotus,17.0,5.0,15.0,14.0,Platinum,2.0,215.864,2.0,2.0,1.0,13.0,9.0,1,0,4
9fb6f119-f4eb-43bb-9c38-c3526b16d018,Haven,11.0,8.0,16.0,9.0,Platinum,2.0,149.0,1.0,0.0,0.0,8.0,13.0,1,1,3
b38ca89d-5907-4d76-9aab-8f10478425e9,Sunset,10.0,12.0,19.0,7.0,Platinum,2.0,185.5,2.0,3.0,0.0,7.0,13.0,1,1,3
b510eb02-a99b-4bb4-adaa-0f27e62362bf,Sunset,15.0,8.0,17.0,12.0,Platinum,2.0,242.722,4.0,1.0,0.0,5.0,13.0,1,1,3
b3d9b699-34fd-49cc-a1fb-697ce9b33e67,Split,11.0,5.0,16.0,9.0,Platinum,2.0,152.905,3.0,1.0,1.0,13.0,8.0,0,0,4
f17ce5c7-68a1-4b8f-bfc7-a0e8d8a67c1d,Abyss,16.0,11.0,18.0,15.0,Platinum,2.0,197.522,1.0,1.0,2.0,13.0,10.0,1,0,4
f9b0856e-1693-43f3-a1a6-1cb6610d62f4,Abyss,10.0,6.0,16.0,8.0,Platinum,2.0,150.05,1.0,3.0,0.0,7.0,13.0,1,1,3
d80c41ed-5a7f-4066-8873-bffb5ee64682,Haven,14.0,3.0,19.0,9.0,Platinum,2.0,209.762,3.0,4.0,0.0,8.0,13.0,0,0,4
b686f2c5-44d8-46a3-a2a7-2d3185935c67,Summit,9.0,8.0,12.0,8.0,Platinum,2.0,140.316,0.0,0.0,1.0,13.0,6.0,0,0,4
97cd00f8-1cbe-4f26-b7c7-ba002d29b202,Lotus,29.0,5.0,13.0,26.0,Platinum,2.0,355.571,0.0,4.0,2.0,13.0,8.0,1,0,4
917882d1-8b97-4845-a71d-5fdb0aa4e420,Lotus,9.0,4.0,11.0,9.0,Platinum,2.0,163.188,1.0,3.0,1.0,13.0,3.0,1,0,4
6f9aa58a-be30-4536-a31e-65f2b24e2ba2,Split,12.0,7.0,15.0,8.0,Platinum,2.0,179.111,1.0,0.0,0.0,5.0,13.0,0,0,4
8c7968bc-abce-4685-b63b-056693213d02,Split,15.0,8.0,20.0,9.0,Platinum,2.0,238.35,3.0,5.0,0.0,7.0,13.0,0,0,4
4a7e8c53-2ce1-440e-9168-18a2bff6c348,Haven,9.0,2.0,5.0,5.0,Platinum,2.0,156.5,3.0,0.0,1.0,9.0,3.0,1,0,4
0099be35-e4b4-4e84-92f2-7ac67c74c7f2,Lotus,14.0,7.0,11.0,11.0,Platinum,2.0,213.053,2.0,1.0,2.0,13.0,6.0,1,0,4
a2614919-e70c-4e8e-afac-27658f193869,Summit,10.0,10.0,18.0,9.0,Platinum,2.0,164.381,2.0,1.0,0.0,8.0,13.0,0,0,4
538b5aed-6e8a-42ce-88cf-221ad04eafc1,Haven,14.0,8.0,16.0,8.0,Platinum,2.0,198.571,1.0,0.0,1.0,13.0,8.0,1,0,4
5f16ac9f-f687-488b-beef-9e2dd15c5c31,Haven,11.0,4.0,18.0,9.0,Platinum,3.0,220.5,3.0,0.0,0.0,3.0,13.0,0,0,4
51c85281-9b51-4420-931a-fd982c36970d,Summit,6.0,3.0,16.0,7.0,Platinum,3.0,145.938,0.0,1.0,0.0,3.0,13.0,0,0,4
411d0c6a-d716-4a6d-902c-77a11c913e92,Split,17.0,13.0,21.0,19.0,Platinum,2.0,233.5,2.0,3.0,1.0,13.0,11.0,1,0,4
23e190cc-8cc9-4b82-abcd-46c58b79a590,Sunset,18.0,3.0,9.0,17.0,Platinum,2.0,287.312,1.0,3.0,2.0,13.0,3.0,0,0,4
4591802d-a660-4420-8c09-147dac96a05f,Split,14.0,3.0,16.0,9.0,Platinum,2.0,167.524,1.0,3.0,1.0,13.0,8.0,0,0,4
dcbc8712-4ad6-4967-abfd-5627fcf92687,Summit,12.0,9.0,18.0,11.0,Platinum,2.0,162.636,1.0,0.0,0.0,9.0,13.0,0,0,4
f3b872d7-248f-4f9d-97a1-c182302c6ac7,Sunset,9.0,9.0,17.0,10.0,Platinum,2.0,142.0,1.0,4.0,1.0,13.0,8.0,1,0,4
c1fc8b37-e871-4d7f-84fa-79064e5aa781,Summit,18.0,6.0,19.0,14.0,Platinum,2.0,240.227,2.0,1.0,2.0,13.0,9.0,1,0,4
f5642ff3-5d87-42fb-8a32-9738fbc9bed3,Abyss,23.0,7.0,10.0,15.0,Platinum,2.0,327.211,0.0,0.0,3.0,13.0,6.0,0,0,4
c51a7966-88f2-4f2d-bebe-6e3410a734ae,Split,11.0,4.0,16.0,8.0,Platinum,2.0,159.5,0.0,0.0,0.0,7.0,13.0,1,0,4
f7476e2f-42fc-48ee-9297-f7a8864ecb6d,Split,14.0,5.0,11.0,5.0,Immortal,1.0,228.706,2.0,2.0,1.0,13.0,4.0,0,0,4
a527f184-bd32-4b7c-9e28-3e895dce7cc5,Abyss,10.0,5.0,13.0,9.0,Immortal,1.0,120.13,0.0,2.0,0.0,10.0,13.0,0,0,4
f9b668f1-1fc4-4330-9eb1-31c9333b8b48,Ascent,15.0,5.0,17.0,12.0,Immortal,1.0,179.208,2.0,3.0,0.0,11.0,13.0,1,0,4
9ded85f5-e0f1-4e18-92fd-4a179ba58a69,Ascent,12.0,9.0,15.0,10.0,Immortal,1.0,200.95,1.0,1.0,0.0,7.0,13.0,1,0,4
800408f8-f92a-45c0-ba06-cee81a14437a,Split,14.0,6.0,9.0,13.0,Immortal,1.0,225.941,2.0,1.0,1.0,13.0,4.0,0,0,4
1f27fdfc-d3c8-4d87-89cd-1267dfdaa43e,Ascent,30.0,5.0,22.0,17.0,Immortal,1.0,294.964,6.0,1.0,0.0,13.0,15.0,0,0,4
9fd5920e-e108-462c-97bb-64bcb9f12429,Lotus,18.0,2.0,16.0,14.0,Immortal,1.0,216.087,2.0,1.0,0.0,10.0,13.0,0,0,4
164964c4-9d4e-4cf2-9a05-5ee5e16630f1,Lotus,13.0,12.0,18.0,9.0,Immortal,1.0,134.346,2.0,1.0,1.0,14.0,12.0,0,0,4
138f4118-a314-4096-a3b4-373b76c74fb6,Pearl,21.0,6.0,19.0,11.0,Diamond,1.0,214.385,2.0,2.0,0.0,12.0,14.0,1,0,4
de11c9bc-1a36-4dd1-b5b6-0ccfb30adafc,Breeze,2.0,5.0,18.0,4.0,Diamond,1.0,76.105,0.0,2.0,0.0,6.0,13.0,1,0,4
1eeec37e-013d-4ae7-a76d-3e959e65c567,Haven,16.0,1.0,16.0,8.0,Diamond,1.0,199.318,3.0,0.0,0.0,9.0,13.0,0,0,4
49b7a87b-bbfb-4c4e-a295-cc3a7d407738,Pearl,16.0,1.0,16.0,5.0,Diamond,1.0,190.227,0.0,0.0,1.0,13.0,9.0,0,0,4
8f845a7b-08bd-432a-86a8-6cfd8e7668e0,Breeze,15.0,3.0,6.0,7.0,Diamond,1.0,213.647,1.0,0.0,1.0,13.0,4.0,0,0,4
d71473c0-58df-4201-aa97-2a8a61e82677,Ascent,18.0,4.0,15.0,11.0,Diamond,1.0,200.652,3.0,0.0,1.0,13.0,10.0,0,0,4
30c9a2ab-adcd-4475-93c3-459aa871fc68,Fracture,7.0,4.0,6.0,5.0,Diamond,1.0,131.8,0.0,1.0,2.0,10.0,2.0,0,0,4
57745ea5-34ac-4d3e-9562-3828b66dd621,Breeze,15.0,8.0,17.0,12.0,Diamond,1.0,232.095,4.0,2.0,0.0,8.0,13.0,0,1,3
e60f8608-8b4d-4bae-9164-214c9b02abbd,Haven,10.0,2.0,18.0,7.0,Diamond,1.0,131.455,0.0,1.0,0.0,9.0,13.0,0,0,4
1496ae94-62d8-42d1-8e8a-636d70e67a4b,Split,17.0,8.0,18.0,10.0,Diamond,1.0,202.423,2.0,4.0,1.0,14.0,12.0,0,0,4
59aadead-6851-4468-8fb3-fb26eaad9e23,Ascent,16.0,5.0,21.0,16.0,Diamond,1.0,165.857,2.0,4.0,1.0,15.0,13.0,0,0,4
0365d650-bbcc-4472-b614-d381818865ae,Pearl,6.0,2.0,11.0,6.0,Diamond,1.0,117.812,0.0,1.0,0.0,3.0,11.0,1,0,4
3ed790a3-2b3d-4d92-b9c5-6646964030f7,Pearl,18.0,2.0,14.0,7.0,Diamond,1.0,236.25,5.0,1.0,0.0,7.0,13.0,1,0,4
16b6b630-86c5-432a-9fce-22aa9b9eb158,Lotus,18.0,4.0,10.0,9.0,Diamond,1.0,268.421,2.0,2.0,1.0,13.0,6.0,1,0,4
cfc93ffe-9eb6-4357-92ef-439bca8778fd,Fracture,12.0,9.0,15.0,9.0,Diamond,1.0,171.174,3.0,0.0,0.0,10.0,13.0,0,0,4
6eb64baa-6e2a-42fc-8381-d2ad3b3ce60a,Breeze,19.0,4.0,19.0,11.0,Diamond,1.0,246.0,3.0,2.0,0.0,11.0,13.0,0,0,4
09d2d30a-6c95-41ad-a0af-96d7037e20a0,Breeze,10.0,5.0,12.0,9.0,Diamond,1.0,170.235,0.0,3.0,1.0,13.0,4.0,0,0,4
2be8394d-3508-4f62-a7ab-120a47e02bc3,Split,13.0,6.0,18.0,9.0,Diamond,1.0,177.292,1.0,4.0,1.0,13.0,11.0,1,0,4
7540ccf6-f084-40bd-bad9-35c5b6c83ce5,Split,21.0,3.0,18.0,12.0,Diamond,1.0,299.6,1.0,1.0,0.0,7.0,13.0,1,0,4
82fb5905-7b40-4cb4-bef7-cf8f0004d055,Fracture,21.0,8.0,13.0,9.0,Diamond,1.0,272.913,5.0,0.0,1.0,13.0,10.0,1,0,4
1696b4a2-cdf0-4927-90bf-d6da7d3dc383,Ascent,15.0,1.0,5.0,6.0,Diamond,1.0,211.529,3.0,0.0,2.0,13.0,4.0,1,0,4
79dea19e-0848-44e3-8763-5591c2141760,Lotus,23.0,6.0,14.0,14.0,Diamond,1.0,334.6,1.0,1.0,0.0,7.0,13.0,0,0,4
5b8b06e3-dc47-45d5-9f8c-7f674c5373ef,Fracture,18.0,6.0,19.0,11.0,Diamond,1.0,208.667,2.0,2.0,1.0,13.0,11.0,1,2,2
bddb8ec7-2377-40fb-a34d-35ab6ebadce4,Ascent,13.0,1.0,15.0,6.0,Diamond,1.0,224.5,2.0,1.0,0.0,3.0,13.0,1,0,4
970ec78d-7701-454d-859b-c0477e24b6f1,Breeze,16.0,6.0,19.0,10.0,Unrated,,271.7,5.0,2.0,0.0,7.0,13.0,1,1,3
e2ae737d-f15d-4704-b79a-02c5353b33e0,Summit,19.0,7.0,14.0,16.0,Unrated,,253.364,1.0,1.0,1.0,13.0,9.0,0,1,3
cd5f3704-3ca0-46a5-89e3-65ff5a354fde,Summit,15.0,9.0,16.0,15.0,Gold,2.0,204.091,2.0,3.0,1.0,13.0,9.0,0,1,3
6b26eee9-4710-40ba-8259-98a2abd68c09,Ascent,9.0,1.0,14.0,8.0,Unrated,,190.929,0.0,1.0,0.0,1.0,13.0,1,1,3
ce2edde9-a082-4dbb-8cf2-8f56c3c1080b,Sunset,21.0,4.0,14.0,9.0,Unrated,,309.6,4.0,0.0,0.0,7.0,13.0,1,2,2
7c94332d-da8b-4931-b4b2-ec2c70fc0160,Haven,21.0,3.0,11.0,14.0,Unrated,,251.5,3.0,0.0,1.0,13.0,9.0,1,1,3
149efa50-cbea-4165-8046-7df93ef59131,Sunset,7.0,3.0,14.0,7.0,Gold,3.0,181.857,1.0,3.0,0.0,1.0,13.0,1,1,3
a54ab52f-0edb-4036-b388-aac5f16ec33f,Lotus,17.0,11.0,14.0,14.0,Gold,2.0,239.318,1.0,0.0,1.0,13.0,9.0,0,1,3
4daff992-8c9d-45c4-960c-9f97715c5560,Ascent,9.0,7.0,17.0,9.0,Gold,2.0,158.889,0.0,1.0,0.0,5.0,13.0,1,1,3
ce7a6e25-b400-45a8-8f46-1c0738f51017,Lotus,12.0,4.0,9.0,9.0,Gold,2.0,203.167,1.0,2.0,1.0,13.0,5.0,0,1,3
07e001f6-2a4c-4ec0-bb6f-cb6af17610eb,Ascent,15.0,8.0,10.0,6.0,Gold,3.0,220.944,0.0,1.0,1.0,13.0,5.0,0,0,4
b2b4b064-76ee-46dd-af9c-be697b8a8f1e,Sunset,12.0,2.0,6.0,5.0,Gold,3.0,231.214,4.0,1.0,2.0,11.0,1.0,0,0,4
a16f1ac0-d7b3-4eb8-a590-af1b6f8e7cfa,Split,36.0,6.0,17.0,19.0,Gold,3.0,431.875,3.0,2.0,1.0,13.0,11.0,0,1,3
b1777d2e-cfe5-420e-999c-93df3391dee2,Split,7.0,9.0,18.0,5.0,Gold,3.0,140.737,0.0,1.0,0.0,6.0,13.0,1,0,4
0688be25-90bc-45a1-8ad0-cd819d99c4ec,Lotus,18.0,8.0,15.0,15.0,Gold,3.0,295.35,5.0,3.0,0.0,7.0,13.0,1,1,3
b41cf5f8-2e3d-4056-a1a9-775aa724a3ff,Breeze,22.0,3.0,15.0,9.0,Gold,3.0,250.667,2.0,0.0,0.0,11.0,13.0,0,1,3
599df19e-5e2f-45be-bb1d-dca3a4d6fd7e,Ascent,12.0,2.0,12.0,12.0,Gold,3.0,198.944,1.0,1.0,0.0,5.0,13.0,1,1,3
fbfc863e-e8a5-4fc7-b9b2-d7bf76315d9c,Ascent,27.0,4.0,14.0,13.0,Gold,3.0,343.696,4.0,0.0,1.0,13.0,10.0,0,2,2
07a0abb0-ec09-4e5a-b4de-ce90cfd1c831,Pearl,16.0,3.0,23.0,15.0,Ascendant,3.0,193.5,1.0,3.0,0.0,12.0,14.0,0,3,1
a9c41f68-4797-4881-bb92-07b6d8db2208,Split,23.0,8.0,22.0,22.0,Ascendant,3.0,282.75,1.0,0.0,1.0,13.0,11.0,0,1,3
eae23fc0-2bc1-413d-91b3-cf25091c1070,Breeze,12.0,6.0,19.0,9.0,Ascendant,3.0,168.05,1.0,2.0,2.0,13.0,7.0,0,0,4
2967fc06-c019-4252-9fad-9b6c7b2bd1ae,Fracture,6.0,3.0,17.0,5.0,Ascendant,3.0,92.2,0.0,5.0,3.0,13.0,7.0,0,0,4
0ae5ca3c-2e92-4ca1-931b-c21c5a21034b,Split,8.0,5.0,16.0,7.0,Ascendant,3.0,122.167,0.0,1.0,0.0,5.0,13.0,0,1,3
064900ae-674a-46e0-b59b-757ecdad6a38,Lotus,15.0,6.0,17.0,13.0,Ascendant,3.0,215.7,4.0,3.0,0.0,7.0,13.0,1,1,3
4558edee-9bcf-4b2b-aa35-752f382216bd,Split,11.0,8.0,18.0,8.0,Ascendant,3.0,200.471,1.0,1.0,0.0,4.0,13.0,0,1,3
81ebb9b9-0ad4-46e6-a67d-17367df26210,Breeze,9.0,4.0,14.0,7.0,Ascendant,3.0,143.8,1.0,2.0,1.0,13.0,7.0,1,1,3
1c2d896d-d8f3-42a5-8967-6a5b7e18bd49,Haven,13.0,5.0,9.0,10.0,Ascendant,2.0,233.533,1.0,1.0,1.0,13.0,2.0,1,1,3
bbd1adc2-4755-430d-a2c7-f6ecf1b0ee08,Fracture,23.0,4.0,19.0,12.0,Ascendant,2.0,261.208,1.0,2.0,0.0,11.0,13.0,1,1,3
bee478f8-bb65-4743-b308-5f4bcc698c51,Ascent,9.0,7.0,13.0,9.0,Ascendant,2.0,184.529,5.0,4.0,1.0,13.0,4.0,1,1,3
2193e418-1d11-420e-9dea-fdbf1d4c8792,Split,12.0,11.0,19.0,9.0,Ascendant,2.0,179.905,2.0,0.0,0.0,8.0,13.0,0,1,3
c215b618-20de-4a89-8c1a-6b4dd31b5d3b,Lotus,19.0,7.0,24.0,15.0,Ascendant,2.0,190.321,1.0,5.0,0.0,14.0,14.0,0,1,3
c3ebb47e-d9db-42c6-8b6f-f729eec9627d,Lotus,11.0,9.0,19.0,8.0,Ascendant,2.0,160.286,0.0,1.0,0.0,8.0,13.0,0,1,3
7a6bdd92-c5c6-406d-b12e-98a7abdec958,Ascent,13.0,5.0,16.0,11.0,Ascendant,2.0,180.85,2.0,3.0,0.0,7.0,13.0,1,1,3
301b6674-c5be-4b34-a3a0-fc3ffde50854,Pearl,9.0,7.0,19.0,7.0,Ascendant,2.0,146.095,2.0,0.0,1.0,13.0,8.0,0,1,3
fe82e5ae-6437-4cef-9ee4-cb9edb096005,Breeze,12.0,1.0,14.0,14.0,Ascendant,2.0,242.562,2.0,1.0,0.0,3.0,13.0,0,1,3
db761d54-209a-43aa-a9ab-534243ff90fd,Fracture,10.0,3.0,17.0,9.0,Ascendant,2.0,191.0,1.0,4.0,0.0,4.0,13.0,0,0,4
1f5da103-8417-49da-8d43-2170b4c03981,Pearl,16.0,3.0,15.0,13.0,Ascendant,2.0,238.0,1.0,1.0,0.0,5.0,13.0,0,0,4
156d16bd-6219-41c4-9a10-935a58f56a24,Lotus,19.0,4.0,14.0,18.0,Ascendant,1.0,281.2,4.0,1.0,1.0,13.0,7.0,1,0,4
c96a530a-ad37-49f8-a93d-735241e42b86,Fracture,14.0,3.0,19.0,10.0,Ascendant,2.0,184.455,5.0,5.0,0.0,9.0,13.0,1,0,4
4180be82-afc0-4a62-aa23-8a35574c7f85,Pearl,17.0,9.0,23.0,16.0,Ascendant,2.0,209.333,2.0,1.0,1.0,13.0,11.0,0,1,3
78798c55-5cc3-4313-b862-24fa6e8ebc91,Breeze,10.0,7.0,16.0,7.0,Ascendant,2.0,128.958,2.0,1.0,2.0,13.0,11.0,0,1,3
328724ae-4210-422c-bfd0-b73ebf35fcb5,Haven,15.0,10.0,17.0,13.0,Ascendant,2.0,212.476,4.0,0.0,3.0,13.0,8.0,0,1,3
a3ed7995-451b-44b5-9d13-bd3898319f69,Breeze,21.0,3.0,12.0,18.0,Ascendant,2.0,301.842,4.0,3.0,1.0,13.0,6.0,1,0,4
08e6141f-7950-4f6b-b667-a1988abb6e9b,Ascent,16.0,2.0,17.0,11.0,Ascendant,2.0,265.167,4.0,1.0,0.0,5.0,13.0,0,0,4
3c23a4bd-d450-424e-8cbc-4a2b5cf1dc22,Fracture,20.0,9.0,16.0,17.0,Ascendant,2.0,252.333,3.0,3.0,1.0,13.0,11.0,0,0,4
61119c61-5f9c-4d1a-a340-54cdf55e4a94,Fracture,24.0,0.0,17.0,19.0,Ascendant,2.0,274.909,3.0,2.0,0.0,9.0,13.0,1,0,4
f882c284-0d45-4bcb-89fb-8c58d5d94065,Lotus,27.0,5.0,15.0,21.0,Ascendant,2.0,312.458,4.0,3.0,1.0,13.0,11.0,1,0,4
5ab76a07-9a9f-435e-a3a8-3c8388e6c6a2,Pearl,10.0,2.0,13.0,8.0,Ascendant,2.0,210.429,3.0,2.0,0.0,1.0,13.0,1,3,1
1557da78-10d0-483d-9fc7-00fabd8e3248,Ascent,7.0,1.0,15.0,4.0,Ascendant,2.0,133.733,3.0,3.0,0.0,2.0,13.0,1,3,1
d33d3526-97b4-4bf4-8aff-36fc68edb59e,Lotus,15.0,5.0,23.0,13.0,Ascendant,2.0,190.346,2.0,2.0,0.0,12.0,14.0,1,2,2
49b512ac-dd20-4fb0-bbda-6f9da7e0308f,Fracture,19.0,2.0,15.0,13.0,Ascendant,2.0,310.889,6.0,0.0,1.0,13.0,5.0,1,2,2
7eee5d38-d9a6-4a9c-b7af-389c5d135381,Fracture,19.0,3.0,15.0,15.0,Ascendant,2.0,247.35,4.0,5.0,2.0,13.0,7.0,1,0,4
45ce9b1a-57aa-45a7-a229-f41327cdd763,Breeze,13.0,4.0,16.0,9.0,Ascendant,2.0,171.0,4.0,4.0,0.0,9.0,13.0,1,1,3
74a2eef6-f579-4eee-80ab-3d810cdeb140,Split,20.0,3.0,14.0,15.0,Ascendant,2.0,283.65,6.0,3.0,1.0,13.0,7.0,1,1,3
5a6abc0c-ae85-4087-a756-e8a1400353a4,Pearl,12.0,6.0,16.0,10.0,Ascendant,2.0,202.611,3.0,1.0,0.0,5.0,13.0,0,1,3
36643837-5c25-4293-abdf-32ba9ec4d6ce,Lotus,23.0,0.0,17.0,16.0,Ascendant,2.0,305.85,7.0,2.0,1.0,13.0,7.0,1,1,3
56e29939-1514-46ed-b2f2-ecf94bd1f172,Lotus,10.0,2.0,14.0,10.0,Ascendant,2.0,156.556,0.0,5.0,0.0,5.0,13.0,1,1,3
e44eb8ac-7139-460f-bfd5-05af2d2022e3,Breeze,17.0,3.0,10.0,11.0,Ascendant,2.0,285.0,3.0,5.0,1.0,13.0,3.0,1,1,3
cc3a226b-a9f0-4548-8c77-936f36720f76,Ascent,20.0,6.0,20.0,17.0,Ascendant,2.0,273.042,6.0,3.0,2.0,13.0,11.0,1,1,3
0b28e51e-b407-4956-95b5-70a7d8bb740c,Lotus,21.0,13.0,22.0,19.0,Ascendant,1.0,213.167,2.0,0.0,1.0,16.0,14.0,0,1,3
cde881ad-c0d1-4c4f-a404-60b3cdc1cede,Breeze,15.0,3.0,19.0,11.0,Ascendant,1.0,176.348,3.0,5.0,2.0,13.0,10.0,1,1,3
f8f7d6f6-2b30-4650-8470-dc363dcc3118,Fracture,19.0,1.0,19.0,19.0,Ascendant,2.0,265.333,6.0,2.0,0.0,8.0,13.0,1,1,3
5f0e857a-fb61-4f58-a7a7-7e76a0fbf4a0,Pearl,12.0,4.0,18.0,9.0,Ascendant,2.0,182.45,2.0,4.0,0.0,7.0,13.0,0,0,4
8787726d-556c-4699-9442-0ac2b5866cd6,Split,17.0,5.0,17.0,16.0,Ascendant,2.0,239.762,2.0,2.0,0.0,8.0,13.0,0,0,4
e73659f5-2f06-4127-8386-86e4f4288bb8,Fracture,18.0,7.0,24.0,19.0,Ascendant,2.0,195.5,5.0,10.0,0.0,14.0,16.0,1,1,3
02b3e933-36a4-4ee0-9e16-26b1d95fc021,Pearl,14.0,3.0,14.0,11.0,Ascendant,2.0,190.05,2.0,4.0,1.0,13.0,7.0,1,1,3
7db6f771-4c22-45a4-9d51-c2f753dd0a0c,Breeze,16.0,4.0,16.0,15.0,Ascendant,2.0,201.417,4.0,2.0,2.0,13.0,11.0,1,1,3
352a6a18-fec7-4980-93cc-ff894fbb7dbd,Split,16.0,0.0,16.0,13.0,Ascendant,2.0,234.55,1.0,6.0,0.0,7.0,13.0,1,1,3
fdec3aee-1ca1-4567-b0fc-30c778cbacdf,Haven,15.0,2.0,13.0,14.0,Ascendant,2.0,241.222,3.0,3.0,1.0,13.0,5.0,0,1,3
92f5b94b-47b0-4e92-9a48-8b73c6cb3ce7,Pearl,13.0,5.0,19.0,8.0,Ascendant,2.0,157.042,2.0,4.0,0.0,11.0,13.0,0,0,4
153dee31-e575-4f7f-98a7-5c3abddc5615,Split,18.0,4.0,17.0,12.0,Ascendant,2.0,277.895,5.0,3.0,1.0,13.0,6.0,0,0,4
f8065938-e7b2-46c5-b9de-48b148d56093,Lotus,17.0,1.0,14.0,15.0,Ascendant,2.0,280.833,1.0,3.0,2.0,13.0,5.0,1,0,4
9e2e6bf1-3430-4902-bfbd-0e887185cb00,Haven,25.0,4.0,15.0,21.0,Ascendant,2.0,315.591,1.0,0.0,3.0,13.0,9.0,1,0,4
99ec6cf0-4e7f-4f86-a78e-55b518f3b2be,Breeze,9.0,2.0,14.0,7.0,Ascendant,2.0,203.286,2.0,2.0,0.0,1.0,13.0,1,0,4
54312c0d-903b-4cfe-bee0-4e7e623ffa5a,Ascent,15.0,8.0,18.0,13.0,Ascendant,2.0,231.167,2.0,1.0,0.0,5.0,13.0,0,0,4
54e707ca-8d95-416b-895d-a1a8b73ed9a6,Ascent,8.0,2.0,18.0,7.0,Ascendant,2.0,138.95,5.0,5.0,0.0,7.0,13.0,1,0,4
aeb03ad3-a631-43fb-b370-53689bb55b6c,Lotus,17.0,6.0,18.0,12.0,Ascendant,2.0,249.8,2.0,5.0,1.0,13.0,7.0,1,0,4
89a58367-8960-44b7-ac41-b86f8ce19851,Haven,10.0,8.0,18.0,3.0,Bronze,1.0,129.25,1.0,3.0,1.0,13.0,11.0,1,0,4
592a1f23-faa1-4ec8-a9db-ea124a81ebab,Sunset,11.0,9.0,15.0,2.0,Bronze,1.0,152.143,0.0,3.0,2.0,13.0,8.0,1,0,4
8d61fd7f-5e3c-43e9-a635-8211e10d3571,Ascent,9.0,6.0,18.0,2.0,Bronze,1.0,147.0,1.0,0.0,0.0,9.0,13.0,0,1,3
ff28e4aa-e2b7-4b32-9aba-afe036136000,Summit,10.0,2.0,11.0,4.0,Bronze,1.0,191.067,0.0,2.0,0.0,2.0,13.0,0,1,3
9b427ca9-13f2-4759-897e-eeb4bd0d12ac,Abyss,14.0,4.0,16.0,8.0,Bronze,1.0,239.688,4.0,2.0,0.0,3.0,13.0,0,1,3
db8f5c37-88d9-4f13-9dd3-d0e2fcfb979f,Ascent,10.0,5.0,15.0,4.0,Bronze,1.0,232.0,2.0,1.0,0.0,2.0,13.0,1,1,3
8deede23-c656-48ff-8f2c-cec36cf3b39a,Abyss,16.0,9.0,21.0,7.0,Bronze,1.0,191.875,1.0,0.0,0.0,11.0,13.0,0,1,3
d14fecf2-fdc1-44c3-9c97-4235ef28ef54,Sunset,14.0,10.0,23.0,4.0,Bronze,1.0,163.25,2.0,4.0,0.0,14.0,14.0,1,2,2
868d535d-cbaf-4864-ba5b-96498b0f5cea,Summit,18.0,6.0,12.0,5.0,Iron,3.0,213.905,0.0,1.0,1.0,13.0,8.0,0,2,2
967df9e8-1be6-48c4-81d5-776c3694ae2a,Split,15.0,7.0,22.0,6.0,Iron,3.0,165.0,3.0,3.0,2.0,15.0,13.0,1,2,2
b927359b-93d3-440d-996f-149186a7e20d,Lotus,2.0,4.0,18.0,1.0,Bronze,1.0,50.667,0.0,2.0,0.0,5.0,13.0,1,2,2
b6d73cdd-f4dd-46e9-a75b-8211a83431bb,Sunset,10.0,2.0,16.0,3.0,Bronze,1.0,158.632,4.0,2.0,1.0,13.0,6.0,0,2,2
46520c49-b8ca-4220-8fe9-938be24ad5e8,Lotus,11.0,9.0,14.0,6.0,Bronze,1.0,156.273,1.0,1.0,1.0,13.0,9.0,0,2,2
890930e3-b5b0-463f-af65-0d42c12a44df,Haven,12.0,10.0,14.0,6.0,Bronze,1.0,189.778,1.0,2.0,2.0,13.0,5.0,1,2,2
2a9c7bcc-93a3-4e18-8e47-fe9f8c0e3ccb,Haven,5.0,7.0,16.0,3.0,Bronze,1.0,126.167,1.0,2.0,0.0,5.0,13.0,0,2,2
d855e991-4faa-4280-bdcb-1b94bc8e7965,Summit,13.0,4.0,8.0,4.0,Bronze,1.0,172.3,1.0,0.0,1.0,13.0,7.0,1,2,2
7abcf05e-9157-42b1-8ae6-1952eabfe148,Lotus,34.0,3.0,26.0,34.0,Diamond,1.0,372.786,11.0,6.0,0.0,13.0,15.0,0,0,4
adf6b61f-f572-42e5-af77-d52d388eeaf5,Split,23.0,3.0,10.0,18.0,Diamond,1.0,439.4,7.0,1.0,1.0,13.0,2.0,0,0,4
bbb46f2b-3daf-4369-b291-fcb04cc6063b,Sunset,10.0,4.0,15.0,5.0,Diamond,1.0,157.579,0.0,4.0,0.0,6.0,13.0,1,0,4
e75fcf30-66c5-4d3d-bebb-870976108867,Haven,32.0,2.0,16.0,22.0,Diamond,1.0,402.182,8.0,1.0,1.0,13.0,9.0,1,0,4
0341eb87-cd03-4d1e-8e14-27f355a9205b,Summit,20.0,9.0,21.0,18.0,Diamond,1.0,243.423,6.0,4.0,1.0,14.0,12.0,0,0,4
f43cf1ec-4f89-41ae-9bfd-fa6001169de9,Ascent,17.0,4.0,17.0,24.0,Diamond,1.0,270.952,5.0,7.0,0.0,8.0,13.0,0,1,3
c83ab104-cb75-456d-9797-096f0e98661b,Haven,18.0,2.0,19.0,11.0,Diamond,1.0,242.227,4.0,2.0,0.0,9.0,13.0,1,1,3
d7e10daf-9186-4009-afb2-ab1c3ddf0625,Abyss,3.0,2.0,5.0,3.0,Diamond,1.0,71.769,1.0,0.0,0.0,0.0,5.0,0,1,3
65e4fdc9-46c9-45a9-be3a-37003b6e686b,Summit,11.0,2.0,15.0,10.0,Diamond,1.0,216.188,6.0,2.0,0.0,3.0,13.0,1,1,3
8f08416a-0f22-4481-bfe4-ce16ed1440aa,Ascent,14.0,8.0,14.0,12.0,Diamond,1.0,232.056,2.0,0.0,1.0,13.0,5.0,0,1,3
f6d233d3-bad2-46d8-a91a-c62ecaa498a2,Abyss,27.0,6.0,15.0,22.0,Diamond,1.0,310.348,0.0,1.0,1.0,13.0,10.0,1,2,2
916edeef-16a4-4688-8cdd-43aa19ccc205,Haven,21.0,9.0,19.0,18.0,Diamond,1.0,300.652,1.0,0.0,0.0,10.0,13.0,0,2,2
d2c97909-6d69-438d-b344-e74887befec3,Ascent,18.0,3.0,17.0,18.0,Diamond,1.0,274.65,6.0,0.0,0.0,7.0,13.0,1,2,2
05ee62e3-b427-4c8c-a7c5-007a520d3544,Abyss,14.0,3.0,17.0,15.0,Diamond,1.0,215.789,2.0,3.0,0.0,6.0,13.0,0,1,3
10158afd-36a5-4a67-9ce8-116c13c7fe5c,Sunset,25.0,4.0,15.0,19.0,Diamond,1.0,334.095,3.0,3.0,1.0,13.0,8.0,0,1,3
6d39d856-a644-4c60-a953-28b060b9dce1,Split,18.0,6.0,14.0,13.0,Diamond,1.0,253.5,2.0,0.0,0.0,7.0,13.0,0,2,2
4f532341-5fef-4863-8fb9-209df1bee6fb,Split,22.0,7.0,19.0,15.0,Diamond,1.0,276.333,1.0,0.0,1.0,13.0,11.0,1,2,2
8f285507-5205-43a7-b8d5-77acc2ec93ab,Sunset,31.0,5.0,27.0,28.0,Diamond,1.0,288.733,1.0,5.0,0.0,14.0,16.0,0,0,4
faa8b989-e876-4f78-b5e2-6657ab98470c,Haven,16.0,1.0,18.0,15.0,Diamond,1.0,264.526,5.0,1.0,0.0,6.0,13.0,0,0,4
14df887e-a01a-4091-8f97-827955453785,Split,14.0,3.0,19.0,14.0,Platinum,3.0,181.905,1.0,1.0,0.0,8.0,13.0,1,1,3
b7ac5c96-620e-47cd-b892-b3234945e901,Haven,8.0,2.0,14.0,6.0,Diamond,1.0,166.714,3.0,2.0,0.0,1.0,13.0,1,1,3
1c6bdadd-71db-4c52-93ce-75e6e0fa5ef2,Split,19.0,1.0,21.0,17.0,Platinum,3.0,244.0,5.0,7.0,0.0,10.0,13.0,0,0,4
0de377f6-d992-421f-83de-4e6936f147cd,Ascent,13.0,3.0,19.0,9.0,Platinum,3.0,160.958,2.0,4.0,0.0,11.0,13.0,1,0,4
968735ed-fe09-4988-a033-4dc13c608677,Summit,16.0,5.0,20.0,14.0,Platinum,3.0,181.957,5.0,4.0,1.0,13.0,10.0,0,1,3
de313da1-2cc1-49a2-b4b7-b0818580b5d9,Abyss,25.0,6.0,26.0,17.0,Platinum,3.0,222.719,6.0,5.0,0.0,15.0,17.0,1,1,3
4f7a99bf-d808-41df-85ff-012c184aff55,Lotus,14.0,3.0,14.0,9.0,Platinum,3.0,197.4,4.0,1.0,1.0,13.0,7.0,0,1,3
827110f2-3fd7-42f8-9c8f-25dd2c52e46a,Summit,13.0,5.0,18.0,9.0,Platinum,3.0,172.833,3.0,4.0,0.0,11.0,13.0,0,1,3
5009c9a3-a334-4fe5-875d-bf76c9dc993f,Haven,16.0,3.0,20.0,10.0,Platinum,3.0,222.174,3.0,1.0,0.0,10.0,13.0,0,1,3
e4b8057b-b4c8-4659-a211-dabe91923325,Split,6.0,5.0,15.0,5.0,Platinum,3.0,126.0,1.0,3.0,0.0,4.0,13.0,0,2,2
7c6babb0-b61a-496c-a8d7-e78d1278eba0,Ascent,17.0,2.0,11.0,6.0,Platinum,3.0,310.5,3.0,0.0,1.0,13.0,1.0,1,2,2
be357d42-d788-4c5e-b74a-0868473aac94,Lotus,17.0,5.0,10.0,15.0,Platinum,3.0,257.125,1.0,1.0,2.0,13.0,3.0,1,2,2
7290bd90-ecc5-4827-ac2f-52fae92f6e70,Split,24.0,6.0,21.0,17.0,Platinum,3.0,308.667,9.0,4.0,0.0,11.0,13.0,0,2,2
79a1eb6c-20ed-4ba1-b03e-9752f9653424,Haven,18.0,1.0,10.0,14.0,Platinum,3.0,282.812,2.0,2.0,1.0,13.0,3.0,0,1,3
b6125b9f-8f74-4117-a574-766f16c7cdc0,Lotus,22.0,4.0,18.0,14.0,Platinum,3.0,290.783,5.0,4.0,0.0,10.0,13.0,0,1,3
821679cf-d621-437e-aba9-7b7dce4af1e5,Sunset,22.0,3.0,14.0,22.0,Platinum,3.0,267.545,3.0,1.0,1.0,13.0,9.0,0,1,3
41b04834-ea45-4cce-962c-0b8bc1903f08,Summit,15.0,17.0,23.0,7.0,Bronze,1.0,147.071,1.0,3.0,0.0,14.0,14.0,0,0,4
174fd26e-12e8-4a0e-9d24-390ef8e64a4b,Sunset,15.0,8.0,15.0,10.0,Iron,3.0,204.292,0.0,1.0,1.0,13.0,11.0,1,0,4
1200e515-71c1-4606-a521-18536a19a78c,Breeze,12.0,9.0,14.0,10.0,Iron,3.0,181.05,2.0,2.0,2.0,13.0,7.0,0,2,2
cdaa1e3d-4f2b-4826-a979-f12029453c15,Ascent,14.0,3.0,20.0,8.0,Iron,3.0,134.321,1.0,1.0,2.0,14.0,14.0,1,2,2
4e57736f-3968-4f68-ba08-be7f96fae8a8,Sunset,14.0,6.0,15.0,10.0,Bronze,1.0,210.632,1.0,0.0,1.0,13.0,6.0,0,0,4
18d62a23-6052-4e2e-ac22-8b11e07337bc,Split,16.0,10.0,13.0,7.0,Bronze,1.0,218.087,4.0,3.0,1.0,13.0,10.0,0,2,2
5938b24c-9ab9-4238-9842-b645b2837c00,Breeze,15.0,1.0,7.0,9.0,Bronze,1.0,250.267,3.0,3.0,2.0,13.0,2.0,0,2,2
9337c122-2132-4761-990b-5e05bc49446f,Lotus,7.0,1.0,15.0,5.0,Bronze,1.0,119.167,1.0,2.0,0.0,5.0,13.0,0,2,2
644f118a-5385-47ec-8f0f-f24a00b55ed4,Ascent,8.0,2.0,6.0,5.0,Bronze,2.0,126.733,0.0,0.0,1.0,10.0,2.0,0,1,3
79d56d2f-8b2b-4877-8cf5-d2145c6cb490,Haven,9.0,6.0,12.0,5.0,Bronze,1.0,115.789,0.0,1.0,2.0,13.0,6.0,0,1,3
f1234974-fb25-4404-9dd5-7b73d544110d,Ascent,10.0,5.0,16.0,7.0,Bronze,2.0,184.412,2.0,1.0,0.0,4.0,13.0,1,1,3
5a41ac82-938c-49f8-94c8-783f4462297f,Breeze,2.0,1.0,14.0,3.0,Bronze,2.0,70.143,0.0,1.0,0.0,1.0,13.0,0,1,3
7cc3cd87-eb78-4ec1-8ed6-29d837d465af,Haven,12.0,9.0,18.0,3.0,Bronze,2.0,142.375,1.0,1.0,1.0,13.0,11.0,0,1,3
9c951266-8c41-49c8-92d4-882f1a11326c,Breeze,8.0,3.0,14.0,4.0,Bronze,2.0,185.812,0.0,2.0,0.0,3.0,13.0,0,0,4
5003b94c-71cb-4404-8bc1-a7387ae85ba0,Breeze,9.0,3.0,18.0,7.0,Bronze,2.0,125.636,1.0,4.0,1.0,13.0,9.0,0,2,2
3aae6269-db19-4a3a-b9a9-7180ff5e8d74,Ascent,11.0,3.0,18.0,7.0,Bronze,2.0,115.917,0.0,3.0,2.0,13.0,11.0,0,2,2
5a9293de-e4b0-48a7-b10e-9012c9a615cd,Split,9.0,7.0,12.0,8.0,Bronze,1.0,170.105,1.0,3.0,3.0,13.0,6.0,0,2,2
8d82536b-9bd4-4217-a092-5a9ec325e76e,Summit,10.0,2.0,17.0,3.0,Bronze,2.0,102.167,0.0,1.0,1.0,13.0,11.0,1,1,3
7470e63b-ecb5-4e15-a7d9-052df809caa1,Summit,4.0,3.0,15.0,1.0,Bronze,2.0,88.833,1.0,2.0,0.0,5.0,13.0,1,2,2
b97c383a-8ccf-4395-86ab-efad34d3e0c3,Sunset,12.0,3.0,21.0,10.0,Bronze,2.0,154.87,3.0,1.0,0.0,10.0,13.0,0,1,3
a6e9cd39-b35f-48ca-ab1b-217214e35fff,Haven,20.0,3.0,11.0,16.0,Bronze,2.0,285.158,4.0,2.0,1.0,13.0,6.0,1,1,3
41a478a6-7346-4c1f-9897-f1a83f13d211,Lotus,10.0,9.0,16.0,11.0,Bronze,2.0,209.053,2.0,4.0,0.0,6.0,13.0,0,1,3
7710da92-29e5-459d-b0c2-a3e7420cfe56,Summit,10.0,1.0,14.0,5.0,Bronze,2.0,136.842,0.0,2.0,0.0,6.0,13.0,0,1,3
75b21dd4-f8a0-4fe1-ae4d-87abf3e1cf09,Ascent,19.0,4.0,7.0,11.0,Bronze,2.0,261.0,0.0,0.0,1.0,13.0,5.0,0,1,3
ffd0b8fe-b98f-45ba-b93e-9425941d982c,Haven,8.0,17.0,12.0,5.0,Bronze,2.0,127.429,0.0,0.0,2.0,13.0,8.0,0,1,3
7e806abb-d45e-4afb-b12f-8b8e6579a4cb,Breeze,8.0,8.0,15.0,4.0,Bronze,2.0,154.688,2.0,2.0,0.0,3.0,13.0,0,0,4
bd1eb9b7-abfd-4af4-8dab-4ddf3dc54144,Split,16.0,10.0,19.0,10.0,Bronze,2.0,168.393,0.0,1.0,0.0,13.0,15.0,1,3,1
70e11171-de71-4fc9-a43a-bcbcd1201997,Summit,16.0,10.0,9.0,10.0,Bronze,2.0,241.105,2.0,2.0,1.0,13.0,6.0,0,0,4
de3108b4-fdc4-440f-860d-f0ed8e8688c1,Breeze,21.0,7.0,11.0,12.0,Bronze,2.0,306.765,0.0,2.0,2.0,13.0,4.0,0,0,4
60e80aa1-48a1-4f23-a06d-8bf92de3e41c,Breeze,16.0,1.0,14.0,7.0,Bronze,3.0,273.529,2.0,2.0,0.0,4.0,13.0,1,0,4
d4ba5b0c-7a8c-409f-b71b-55147ae94606,Ascent,19.0,3.0,16.0,11.0,Bronze,2.0,238.864,1.0,2.0,1.0,13.0,9.0,1,0,4
f58e1db9-6110-4048-a5f4-2295a78826bd,Sunset,9.0,7.0,18.0,7.0,Bronze,2.0,144.619,0.0,2.0,2.0,13.0,8.0,0,0,4
015ef8be-5da0-4c08-90a8-60ed587be724,Haven,16.0,5.0,18.0,7.0,Bronze,3.0,184.231,3.0,2.0,0.0,12.0,14.0,0,2,2
2c48d58f-18a2-407e-a164-1a0c8d16bdda,Haven,9.0,3.0,14.0,6.0,Bronze,3.0,140.158,0.0,2.0,0.0,6.0,11.0,1,1,3
ea990b81-b244-4872-acd7-8169ab3bda81,Split,8.0,6.0,10.0,4.0,Bronze,3.0,152.625,1.0,1.0,1.0,13.0,3.0,0,1,3
65a8b438-bd5e-4925-a681-f880c2147102,Summit,8.0,8.0,19.0,4.0,Bronze,3.0,130.143,0.0,0.0,0.0,8.0,13.0,0,0,4
8840ec6d-ebb2-45ee-a0a2-8dfba035db7d,Sunset,15.0,5.0,11.0,6.0,Bronze,3.0,216.9,1.0,1.0,1.0,13.0,7.0,1,0,4
fa0b8b41-2295-4887-a736-d75f5d5ca57e,Lotus,17.0,5.0,10.0,14.0,Bronze,3.0,259.895,1.0,3.0,2.0,13.0,6.0,0,0,4
510653df-bbda-4cda-9358-3e25ca04ae66,Lotus,12.0,4.0,10.0,8.0,Bronze,3.0,200.8,1.0,2.0,3.0,13.0,2.0,0,0,4
7d0cac92-af2c-41ca-9430-41be0ff3d9bf,Breeze,5.0,2.0,15.0,2.0,Bronze,3.0,97.438,0.0,1.0,0.0,3.0,13.0,0,0,4
63efebff-b290-4e77-b275-027a54d39e8f,Ascent,20.0,1.0,11.0,7.0,Bronze,3.0,296.5,2.0,1.0,1.0,13.0,5.0,1,0,4
84df8221-db6d-4361-ab10-f6c0c94ae322,Breeze,7.0,2.0,18.0,6.0,Bronze,3.0,105.0,1.0,3.0,0.0,6.0,13.0,0,1,3
57d8c8d6-0667-4978-aeb1-9df1005ad009,Split,23.0,10.0,11.0,16.0,Bronze,3.0,255.435,1.0,0.0,1.0,13.0,10.0,0,0,4
91c5960e-8c43-43cc-b8a3-d20c171e0547,Sunset,12.0,3.0,11.0,4.0,Bronze,3.0,167.056,0.0,3.0,2.0,13.0,5.0,1,0,4
bd3e65f1-ab35-406b-9aa0-d53b6b2a06df,Summit,12.0,8.0,20.0,4.0,Bronze,3.0,143.792,1.0,1.0,0.0,11.0,13.0,0,0,4
591e36ec-e3df-4fa8-9287-41a4e97abb43,Lotus,17.0,2.0,17.0,11.0,Bronze,3.0,172.042,1.0,3.0,1.0,13.0,11.0,0,0,4
374dbe12-a0ac-4f3a-9f48-01c29d0cd0da,Haven,14.0,2.0,12.0,8.0,Bronze,3.0,166.286,1.0,0.0,0.0,8.0,13.0,1,3,1
340f9016-f0a6-441c-840f-b99a2a64caaa,Breeze,7.0,7.0,16.0,8.0,Bronze,3.0,118.81,0.0,0.0,1.0,13.0,8.0,0,2,2
5b2baaae-8ac9-4f42-a359-63cc4da11d1e,Lotus,4.0,1.0,17.0,3.0,Bronze,3.0,75.222,1.0,6.0,0.0,5.0,13.0,0,1,3
24b8b10e-0e95-436b-b603-14f23cc81484,Sunset,12.0,7.0,14.0,3.0,Bronze,3.0,207.111,4.0,1.0,1.0,13.0,5.0,1,1,3
27b5aa16-6bcc-40be-a83c-545d85047d1b,Split,12.0,7.0,15.0,7.0,Bronze,3.0,194.45,3.0,3.0,0.0,7.0,13.0,1,1,3
203e44f5-9eff-4c0f-baa3-6f23e5618182,Breeze,9.0,2.0,13.0,7.0,Bronze,3.0,126.368,1.0,0.0,1.0,13.0,6.0,0,1,3
318294ce-005b-406f-8a35-b5dbd598ca78,Sunset,11.0,2.0,14.0,10.0,Bronze,3.0,167.389,1.0,3.0,0.0,5.0,13.0,0,2,2
861c6968-2a95-4d53-9063-8ffec8416686,Split,14.0,6.0,16.0,12.0,Bronze,3.0,212.522,2.0,4.0,1.0,13.0,10.0,1,2,2
ed8dc782-0bc4-4be9-b557-2fe9ca813888,Haven,20.0,4.0,11.0,5.0,Bronze,3.0,329.118,2.0,0.0,1.0,13.0,4.0,0,0,4
87327518-a82e-4c26-b6a7-9bc1c0b6db0d,Ascent,15.0,10.0,16.0,7.0,Bronze,3.0,191.042,2.0,1.0,0.0,11.0,13.0,0,0,4
9b4a5239-2917-422f-b788-f019501603b0,Split,14.0,8.0,18.0,10.0,Bronze,3.0,177.304,0.0,0.0,0.0,10.0,13.0,0,0,4
e6165c0b-a366-4911-9b64-6cefd0bfda39,Breeze,13.0,7.0,18.0,9.0,Bronze,3.0,182.091,1.0,2.0,0.0,9.0,13.0,0,1,3
04f907e4-c61b-463d-ac9a-df89f7987213,Split,11.0,4.0,15.0,5.0,Bronze,3.0,161.158,2.0,0.0,0.0,6.0,13.0,0,0,4
158da460-c2d8-452e-b393-58c76f9d0600,Haven,10.0,12.0,15.0,4.0,Bronze,3.0,154.632,2.0,3.0,1.0,13.0,6.0,0,0,4
1241c946-8f6f-42bf-87a7-6a130cf96217,Lotus,7.0,2.0,14.0,2.0,Bronze,3.0,161.467,1.0,0.0,0.0,2.0,13.0,1,0,4
bf0c83d4-661f-49ff-9ee7-3428f05e663b,Lotus,7.0,2.0,16.0,2.0,Bronze,2.0,80.913,0.0,1.0,0.0,10.0,13.0,0,0,4
c31fff4d-efd6-46f0-a74b-fc51c2f5da3a,Summit,8.0,5.0,18.0,6.0,Bronze,2.0,152.647,1.0,3.0,0.0,4.0,13.0,0,1,3
2eac2600-5226-48f6-9a8a-099344987626,Split,18.0,6.0,19.0,9.0,Bronze,2.0,182.571,1.0,2.0,0.0,13.0,15.0,0,4,0
797644ba-4189-492e-bdb2-191a110db0df,Haven,6.0,3.0,19.0,2.0,Bronze,2.0,84.75,0.0,1.0,0.0,7.0,13.0,0,4,0
33cf80da-d91c-410d-8f32-3795076300d6,Split,14.0,2.0,13.0,3.0,Bronze,2.0,154.545,1.0,2.0,0.0,9.0,13.0,1,1,3
2e2d4625-856a-40ca-8130-a1638aae73a9,Ascent,13.0,3.0,17.0,8.0,Bronze,2.0,163.682,0.0,6.0,0.0,9.0,13.0,0,1,3
b468ee0b-50ef-434b-b753-9ca908e14fa3,Ascent,16.0,6.0,17.0,11.0,Bronze,2.0,187.25,1.0,4.0,0.0,11.0,13.0,0,0,4
dbf7fab9-5c90-4d7c-bd77-103734ddea17,Sunset,16.0,2.0,15.0,5.0,Bronze,1.0,199.143,2.0,3.0,0.0,8.0,13.0,1,0,4
700b5c0c-f374-4ae9-afbf-8ba62ea963d7,Split,10.0,6.0,7.0,6.0,Bronze,1.0,154.263,1.0,0.0,1.0,13.0,6.0,0,0,4
983a4d04-41aa-4309-b221-03f0772ba1d3,Lotus,14.0,3.0,13.0,8.0,Bronze,1.0,172.864,2.0,0.0,2.0,13.0,9.0,1,0,4
e1fea874-6085-4198-9fa9-fa987f06e165,Breeze,13.0,3.0,12.0,9.0,Bronze,2.0,250.188,3.0,0.0,0.0,3.0,13.0,0,2,2
45312dad-96a8-4fe3-a402-9f1fe574a10c,Breeze,6.0,2.0,17.0,2.0,Bronze,2.0,115.111,1.0,0.0,0.0,5.0,13.0,0,2,2
dc95f3eb-3768-4630-8595-831d3c9a3c6e,Summit,9.0,0.0,6.0,4.0,Bronze,2.0,158.0,1.0,1.0,1.0,10.0,2.0,0,1,3
aeb26454-3434-4315-98e4-4153122fd56b,Haven,11.0,4.0,16.0,9.0,Bronze,2.0,153.762,1.0,2.0,2.0,13.0,8.0,0,1,3
a3ead6fe-ac27-4c65-a75d-4572a91da7ba,Sunset,14.0,8.0,14.0,9.0,Bronze,2.0,196.435,1.0,1.0,3.0,13.0,10.0,0,1,3
aeb45424-df15-4de2-9028-a19738e3e16f,Split,13.0,5.0,15.0,7.0,Bronze,2.0,171.087,1.0,1.0,1.0,13.0,10.0,1,1,3
25dc1725-affe-41a6-9622-ffa674bf43d2,Haven,11.0,14.0,16.0,4.0,Bronze,2.0,131.292,1.0,1.0,2.0,13.0,11.0,0,2,2
392bbf26-76ea-4452-ad12-520d4f17d8a3,Sunset,7.0,10.0,16.0,4.0,Bronze,3.0,112.684,0.0,1.0,0.0,6.0,13.0,0,2,2
739a0ea7-3170-49b7-923c-715ecdc9d03d,Ascent,23.0,4.0,16.0,15.0,Bronze,2.0,318.5,3.0,0.0,1.0,13.0,7.0,0,0,4
78709f81-4f90-45c3-921b-4aacf1fa6b2e,Split,19.0,11.0,18.0,7.0,Bronze,2.0,228.0,3.0,3.0,1.0,13.0,11.0,1,0,4
0767df60-de84-41d6-aed6-b087d5c3b0db,Summit,22.0,12.0,19.0,10.0,Bronze,3.0,243.692,6.0,3.0,0.0,12.0,14.0,0,0,4
dfd89347-c400-4970-acde-d6dc2aa3af25,Lotus,8.0,9.0,18.0,8.0,Bronze,3.0,113.227,2.0,0.0,0.0,9.0,13.0,0,2,2
30924b67-0c08-42fa-9973-49603b9d857d,Haven,7.0,4.0,20.0,4.0,Bronze,3.0,118.773,2.0,2.0,0.0,9.0,13.0,0,0,4
a9a3e6ca-41bb-4d62-9d37-73ac71aba3df,Sunset,12.0,3.0,8.0,5.0,Bronze,2.0,169.737,0.0,0.0,1.0,13.0,6.0,1,1,3
f31948f6-b2a0-424f-8bef-59d7c1d8128f,Haven,15.0,3.0,11.0,2.0,Bronze,2.0,201.85,3.0,1.0,2.0,13.0,7.0,0,0,4
dea43044-95c2-451f-9cc7-3bac4f87f992,Lotus,8.0,4.0,14.0,1.0,Bronze,2.0,162.267,1.0,2.0,0.0,2.0,13.0,0,2,2
0da10277-8503-4f2c-842b-8fc79d54cb8b,Breeze,12.0,3.0,10.0,4.0,Bronze,2.0,155.789,1.0,1.0,1.0,13.0,6.0,0,2,2
fd77fe88-f6dd-44b9-89ff-a7b4ba173175,Haven,6.0,9.0,15.0,4.0,Bronze,3.0,105.526,0.0,0.0,0.0,6.0,13.0,0,4,0
8d9581c0-3857-4ffc-a67c-0a35bc855ffd,Ascent,11.0,0.0,17.0,7.0,Bronze,3.0,145.875,2.0,1.0,0.0,11.0,13.0,1,4,0
f6ae2eb3-bef8-4d75-9b45-1872767669fc,Split,9.0,4.0,17.0,5.0,Bronze,3.0,98.75,0.0,1.0,0.0,11.0,13.0,1,4,0
1c685905-f25e-4b66-826b-21c1eef7fe72,Haven,8.0,5.0,14.0,1.0,Bronze,2.0,128.056,0.0,3.0,0.0,5.0,13.0,0,0,4
c9a074bb-bfa9-44a1-997e-c19cbe4a18c0,Split,23.0,8.0,18.0,14.0,Bronze,2.0,290.75,0.0,1.0,1.0,13.0,11.0,0,0,4
3cea622e-2823-4ece-86e8-dcabb09f9bdf,Summit,9.0,3.0,10.0,3.0,Bronze,2.0,132.944,2.0,1.0,2.0,13.0,5.0,0,0,4
3d5e8f70-0ad5-4daa-9aae-04fe2f869655,Lotus,17.0,5.0,13.0,10.0,Bronze,2.0,223.5,2.0,4.0,3.0,13.0,7.0,0,0,4
084ff020-a911-4a24-ae9e-e9a56611417a,Lotus,9.0,9.0,17.0,5.0,Bronze,3.0,133.304,0.0,1.0,0.0,10.0,13.0,0,1,3
10822dd0-38ed-4572-bcac-1c85e729d914,Sunset,9.0,3.0,16.0,5.0,Bronze,3.0,124.227,1.0,2.0,0.0,9.0,13.0,1,1,3
547a3a93-6442-414d-90c8-c860ef021893,Breeze,17.0,3.0,14.0,8.0,Bronze,3.0,199.652,2.0,3.0,1.0,13.0,10.0,0,1,3
d2a3d5a5-654e-4f84-9403-860991cb1a82,Lotus,23.0,3.0,10.0,8.0,Bronze,3.0,305.947,3.0,0.0,2.0,13.0,6.0,1,0,4
f762bea0-fdab-4015-9dd1-fa2bac3565b5,Summit,16.0,3.0,11.0,9.0,Bronze,3.0,213.65,1.0,1.0,3.0,13.0,7.0,1,0,4
422b0e46-aad6-45bd-ad9c-804567ca37fe,Split,8.0,4.0,15.0,6.0,Bronze,3.0,118.947,0.0,2.0,0.0,6.0,13.0,1,1,3
0070ad98-9a90-4bad-9ea2-30dc89828727,Split,17.0,10.0,20.0,11.0,Bronze,3.0,198.231,0.0,0.0,0.0,12.0,14.0,1,1,3
abac832a-90f2-496c-b5a1-7718f1d8afd3,Ascent,17.0,9.0,16.0,9.0,Bronze,3.0,199.522,0.0,0.0,1.0,13.0,10.0,1,1,3
0e877978-1c0b-417a-9160-759cb5c4d859,Ascent,8.0,6.0,12.0,4.0,Bronze,3.0,132.526,0.0,1.0,2.0,13.0,6.0,0,1,3
196ffd6d-03ce-4c72-8518-59e3825c6d79,Summit,11.0,1.0,14.0,7.0,Bronze,3.0,182.938,0.0,0.0,0.0,3.0,13.0,0,2,2
d9e5a019-a2ed-4429-b036-21e76ad01e13,Lotus,15.0,2.0,17.0,7.0,Bronze,3.0,190.905,1.0,3.0,0.0,8.0,13.0,1,2,2
615ee2cf-f498-44ff-b088-a3be3af7ce6e,Breeze,9.0,11.0,16.0,4.0,Bronze,3.0,123.458,1.0,0.0,1.0,13.0,11.0,0,2,2
8f0c009d-f82f-4fc7-b373-9fc61cebad90,Sunset,7.0,12.0,14.0,3.0,Bronze,3.0,117.391,0.0,0.0,2.0,13.0,10.0,0,1,3
456e78ff-646b-4acc-be28-0850310a076e,Abyss,7.0,5.0,14.0,3.0,Unrated,,122.714,0.0,0.0,0.0,8.0,13.0,0,4,0
b7da208d-cbe8-4c90-b785-fe1225c8e4e7,Split,7.0,4.0,14.0,3.0,Bronze,3.0,98.542,1.0,1.0,1.0,13.0,11.0,1,4,0
e6bfa3f2-70f6-4a34-8456-67f3471d9415,Sunset,14.0,3.0,13.0,8.0,Bronze,3.0,188.684,1.0,1.0,0.0,6.0,10.0,1,0,4
2800e64d-5ce9-4994-9d60-c4307befc1de,Summit,2.0,1.0,5.0,1.0,Bronze,3.0,56.429,1.0,2.0,0.0,1.0,4.0,0,0,4
2acb8f76-8872-4f21-ad02-eaf1ea2915c9,Lotus,5.0,1.0,14.0,2.0,Bronze,3.0,78.944,2.0,2.0,0.0,5.0,13.0,0,0,4
43feb730-6cd1-42a8-8c93-afb870a326f4,Ascent,2.0,0.0,5.0,3.0,Bronze,3.0,47.0,0.0,0.0,0.0,0.0,5.0,0,0,4
45f9d8e3-f318-48f1-af0d-9fd85793c6b1,Lotus,9.0,6.0,10.0,4.0,Bronze,3.0,165.438,2.0,0.0,1.0,13.0,3.0,0,0,4
0e4cfaca-e772-44cb-b949-b757dbafb365,Sunset,18.0,4.0,16.0,13.0,Bronze,3.0,234.227,0.0,1.0,0.0,9.0,13.0,0,0,4
d3542b4e-1987-4f35-aece-f8f756aa5922,Ascent,15.0,10.0,17.0,11.0,Bronze,2.0,184.792,0.0,1.0,0.0,11.0,13.0,0,0,4
429aa0fa-d503-46f7-bb1f-6d6ecdf33be0,Sunset,13.0,9.0,16.0,7.0,Bronze,2.0,200.81,0.0,0.0,0.0,8.0,13.0,1,0,4
e2d37204-dec6-48f9-b9f2-2424cde32cf4,Haven,17.0,3.0,16.0,7.0,Bronze,2.0,190.083,0.0,0.0,0.0,11.0,13.0,1,0,4
fb00ded1-2707-4b17-8fb9-537fbc674b76,Haven,10.0,6.0,14.0,11.0,Bronze,2.0,172.588,0.0,2.0,0.0,4.0,13.0,0,2,2
ce2bceb3-3cd3-47e9-9fc8-ccc59ce891b6,Split,8.0,6.0,8.0,5.0,Bronze,2.0,148.444,1.0,1.0,1.0,13.0,5.0,1,2,2
d1acdc6d-ef00-404e-a52a-11374812d9d1,Split,15.0,5.0,15.0,9.0,Bronze,2.0,174.25,0.0,0.0,1.0,13.0,11.0,0,2,2
06c83c80-4516-4c0b-884f-c9bef64e93ea,Summit,20.0,23.0,15.0,13.0,Bronze,2.0,272.13,2.0,2.0,1.0,13.0,10.0,1,2,2
f1b57d09-a6b4-47cf-b083-574165fe4b2d,Lotus,12.0,2.0,13.0,7.0,Bronze,2.0,168.381,2.0,1.0,1.0,13.0,8.0,0,4,0
999b5cab-e71d-484c-b8fb-fdf37c57c463,Ascent,7.0,3.0,14.0,6.0,Bronze,2.0,101.947,0.0,1.0,2.0,13.0,6.0,0,2,2
639ebada-cb8e-47ec-9f75-d2e2586e0e2a,Sunset,20.0,6.0,12.0,10.0,Bronze,3.0,295.588,2.0,0.0,1.0,13.0,4.0,0,0,4
2047a685-c269-446b-a19d-e07b3639382a,Summit,17.0,0.0,15.0,8.0,Bronze,3.0,248.789,3.0,4.0,0.0,6.0,13.0,0,0,4
5b73ad80-3f59-4480-b593-dc58f4c8bdf5,Abyss,13.0,3.0,12.0,4.0,Bronze,3.0,240.062,1.0,1.0,1.0,13.0,3.0,0,0,4
5a2d81ed-8c16-4c31-bd6e-1ee8be3d185b,Split,13.0,4.0,19.0,8.0,Bronze,3.0,168.708,4.0,5.0,0.0,11.0,13.0,1,0,4
43a8fe16-ebfa-474c-8127-a5ea4219f954,Haven,12.0,5.0,15.0,6.0,Bronze,3.0,202.688,0.0,0.0,0.0,3.0,13.0,1,0,4
c3516786-41d3-41af-941d-71ac25d5a9c9,Haven,18.0,4.0,12.0,10.0,Bronze,3.0,250.25,3.0,5.0,1.0,13.0,7.0,1,0,4
5483dc74-f253-4b5e-9d0a-f6336a710be8,Lotus,12.0,4.0,16.0,9.0,Bronze,3.0,181.455,1.0,6.0,0.0,9.0,13.0,0,0,4
fda97fa5-8aef-4794-8339-64f75ff2a893,Summit,24.0,7.0,10.0,17.0,Bronze,3.0,335.95,5.0,0.0,1.0,13.0,7.0,1,0,4
f4abbf55-fc1e-4ded-932f-d2c5eabd7569,Sunset,17.0,6.0,9.0,10.0,Bronze,3.0,301.125,1.0,0.0,2.0,13.0,3.0,0,0,4
e5a1b993-de95-4859-a7b7-08183081ce59,Abyss,3.0,6.0,16.0,1.0,Silver,1.0,91.056,0.0,0.0,0.0,5.0,13.0,0,0,4
de554bf0-308b-4e15-bf63-3e196fecb20e,Ascent,11.0,6.0,13.0,3.0,Silver,1.0,151.15,0.0,2.0,1.0,13.0,7.0,0,0,4
34761828-4526-4bce-8994-06990a6becd7,Sunset,14.0,9.0,19.0,6.0,Silver,1.0,169.542,2.0,1.0,2.0,13.0,11.0,0,0,4
da52cbdf-31ef-4c17-9269-3bc80a80bef2,Summit,15.0,4.0,10.0,5.0,Bronze,3.0,228.588,1.0,2.0,3.0,13.0,4.0,1,0,4
f9071454-6f4d-4ef6-8b12-9b26419c8ead,Lotus,20.0,11.0,13.0,10.0,Unrated,,296.3,4.0,1.0,1.0,13.0,7.0,1,0,4
b23f4c57-4a02-4e4b-9fb6-abb66f466fb4,Lotus,15.0,6.0,18.0,4.0,Iron,3.0,187.75,2.0,5.0,0.0,11.0,13.0,0,0,4
e2816210-a373-4fe9-9ed9-c9030c0f3457,Ascent,26.0,7.0,16.0,20.0,Iron,3.0,439.412,6.0,0.0,1.0,13.0,4.0,0,0,4
b356d51a-95f2-4aa3-909a-67300052dfc0,Abyss,6.0,6.0,15.0,3.0,Iron,3.0,142.133,0.0,2.0,0.0,2.0,13.0,1,0,4
740ea85e-8220-44a4-af0b-02220d07f35f,Sunset,26.0,7.0,15.0,11.0,Iron,3.0,330.652,6.0,4.0,1.0,13.0,10.0,0,0,4
5b60b714-e81e-41bf-870e-1b22ea3fdd15,Sunset,14.0,2.0,11.0,5.0,Iron,3.0,225.294,2.0,0.0,2.0,13.0,4.0,1,0,4
15a98542-c6cc-4051-a2ed-e1947e0a5f08,Abyss,8.0,5.0,10.0,2.0,Iron,3.0,183.0,2.0,0.0,3.0,13.0,1.0,0,0,4
0b02885f-f361-4670-b7c9-f8261a26a5b5,Summit,9.0,11.0,18.0,6.0,Bronze,1.0,138.0,1.0,2.0,0.0,9.0,13.0,0,0,4
b967ac3b-0faa-4493-a649-15fbf15481d2,Split,17.0,7.0,15.0,8.0,Bronze,1.0,259.474,2.0,1.0,1.0,13.0,6.0,0,0,4
e9f54f78-4e3c-479f-88c8-d5d2e62b5185,Summit,18.0,13.0,20.0,9.0,Bronze,1.0,229.875,3.0,4.0,1.0,13.0,11.0,1,0,4
97a3bdd1-f9fc-4bb2-a040-558ba908a416,Ascent,19.0,10.0,20.0,7.0,Bronze,1.0,213.13,2.0,1.0,1.0,13.0,10.0,1,0,4
5198828b-2642-4062-96b6-5bbc5be49159,Split,27.0,11.0,16.0,16.0,Bronze,1.0,351.174,5.0,3.0,2.0,13.0,10.0,0,0,4
83d4ea01-be40-4b11-99e4-b5f5c11038c4,Lotus,12.0,2.0,14.0,7.0,Platinum,1.0,150.81,0.0,0.0,1.0,13.0,8.0,1,1,3
0dfffe0f-bee0-4c54-8782-cbe80fc3b612,Split,17.0,4.0,13.0,10.0,Platinum,1.0,224.818,1.0,2.0,2.0,13.0,9.0,1,1,3
954a5c64-969e-4a27-a576-830c9c6d80d3,Sunset,8.0,2.0,14.0,3.0,Platinum,1.0,164.6,3.0,2.0,0.0,2.0,13.0,0,1,3
72d1812c-721f-4202-897c-c76154fab59c,Lotus,14.0,5.0,15.0,6.0,Platinum,1.0,192.381,1.0,2.0,0.0,8.0,13.0,1,1,3
ee91fcb1-218a-4880-be8b-0dba39424cc5,Haven,10.0,3.0,13.0,8.0,Platinum,1.0,251.357,1.0,2.0,0.0,1.0,13.0,1,1,3
22ad5f7e-9b87-4972-a618-8e93c33fcaf3,Split,21.0,9.0,23.0,19.0,Platinum,1.0,240.115,0.0,3.0,1.0,14.0,12.0,0,0,4
a7099fc0-b977-4f58-a84c-2b834c3afe60,Ascent,16.0,5.0,17.0,11.0,Platinum,1.0,176.0,1.0,0.0,2.0,13.0,11.0,1,0,4
e3f656ce-1679-4a13-bbb3-6ab710500697,Abyss,6.0,7.0,16.0,5.0,Platinum,1.0,116.882,1.0,1.0,0.0,4.0,13.0,0,1,3
33e52ecc-2e35-4da5-8b12-84efa5c9d3a5,Haven,12.0,4.0,7.0,9.0,Platinum,1.0,206.25,1.0,0.0,1.0,13.0,3.0,1,0,4
8bef259c-f5a3-4bb5-8eee-425f27771e62,Haven,5.0,7.0,9.0,8.0,Platinum,1.0,119.938,0.0,2.0,1.0,13.0,3.0,1,1,3
13920ee1-27e3-44d9-b4d9-04dae1aa4243,Split,23.0,10.0,18.0,23.0,Platinum,1.0,293.042,4.0,2.0,2.0,13.0,11.0,1,2,2
b5700c47-5fd9-490d-ad84-6bca3fe4c6ab,Abyss,13.0,8.0,17.0,12.0,Platinum,2.0,151.731,2.0,3.0,0.0,12.0,14.0,0,1,3
d29655e9-ca13-4c19-a591-1076674264c5,Sunset,25.0,8.0,20.0,22.0,Platinum,2.0,272.643,5.0,2.0,1.0,15.0,13.0,0,1,3
b14c93e6-33d3-4f70-b023-29bc4d48f20d,Split,18.0,13.0,19.0,13.0,Platinum,2.0,210.179,5.0,1.0,1.0,14.0,14.0,0,0,4
f3be091e-2c9f-4fb4-92ef-069c9028e23a,Abyss,18.0,16.0,18.0,16.0,Platinum,2.0,196.423,0.0,2.0,1.0,14.0,12.0,0,1,3
13633fb7-9a98-49db-a421-3345927c30e4,Summit,20.0,6.0,18.0,16.0,Platinum,2.0,230.308,2.0,2.0,2.0,14.0,12.0,1,2,2
da6f8cd8-b7da-43a3-85f1-aaf3713f9252,Haven,18.0,9.0,20.0,11.0,Platinum,2.0,203.077,1.0,6.0,1.0,14.0,12.0,1,1,3
45a8294e-aac8-4802-bb8c-3eee516119de,Sunset,18.0,14.0,19.0,14.0,Platinum,2.0,187.154,0.0,3.0,2.0,14.0,12.0,0,1,3
8b669af1-1976-43b0-85d8-d23d8e07e181,Haven,7.0,2.0,20.0,5.0,Platinum,2.0,90.217,1.0,2.0,0.0,10.0,13.0,1,0,4
6c43cc1f-5d5c-42e5-a344-32b8bcb266ee,Lotus,10.0,9.0,16.0,7.0,Platinum,2.0,155.273,1.0,2.0,0.0,9.0,13.0,1,0,4
6f90f488-282c-4aad-aaf9-8d2fd8ca6b78,Abyss,11.0,9.0,18.0,9.0,Platinum,2.0,163.273,2.0,1.0,0.0,9.0,13.0,1,0,4
6bb4adff-9c2c-4b1f-a9cc-0e3c8b463e76,Sunset,18.0,8.0,14.0,14.0,Platinum,2.0,281.15,6.0,3.0,1.0,13.0,7.0,0,0,4
845327ff-c278-4c6d-aa14-776f542b14eb,Ascent,23.0,3.0,7.0,21.0,Platinum,2.0,354.529,2.0,0.0,2.0,13.0,4.0,0,0,4
fb17ae57-36b4-4d54-a6a4-d54fbdf802e5,Sunset,11.0,2.0,14.0,12.0,Platinum,2.0,206.111,1.0,2.0,0.0,5.0,13.0,0,0,4
d0c9666c-2104-4f5b-a7b1-92f4cb3d7dde,Lotus,17.0,8.0,18.0,13.0,Platinum,2.0,186.462,3.0,0.0,0.0,12.0,14.0,0,0,4
98f7e4df-64a4-4b39-b556-57e1c94b7b93,Haven,20.0,1.0,15.0,12.0,Platinum,2.0,212.5,4.0,1.0,1.0,14.0,12.0,0,0,4
5e80c744-5bbd-4c5f-9bcd-e581577b936a,Haven,15.0,4.0,10.0,18.0,Platinum,2.0,270.688,4.0,2.0,1.0,13.0,3.0,0,1,3
57582035-b3d9-4300-a5f9-f9975171b930,Abyss,13.0,10.0,16.0,9.0,Platinum,2.0,183.714,1.0,3.0,1.0,13.0,8.0,0,0,4
eb8f358d-4afd-47e1-94da-58a48bb8fb25,Lotus,13.0,5.0,16.0,15.0,Platinum,2.0,195.318,1.0,4.0,0.0,9.0,13.0,0,0,4
e85b8c35-77ef-4daf-bca1-cd730e631235,Sunset,16.0,8.0,16.0,11.0,Platinum,2.0,234.7,1.0,1.0,0.0,7.0,13.0,0,0,4
be73df8b-7124-4ad2-b583-59dc377acdba,Lotus,16.0,11.0,15.0,15.0,Platinum,2.0,201.227,1.0,1.0,1.0,13.0,9.0,1,0,4
2c55e1ab-f6bc-4977-b922-8ea328c17b4b,Fracture,12.0,6.0,15.0,9.0,Platinum,3.0,170.591,1.0,0.0,0.0,9.0,13.0,0,2,2
09004179-5baf-474e-95b3-f2e91d438ead,Breeze,12.0,6.0,12.0,9.0,Platinum,3.0,184.611,2.0,0.0,1.0,13.0,5.0,0,1,3
4d8036cc-3edc-4d83-8e4b-7afd8dba6f1b,Fracture,3.0,3.0,13.0,1.0,Platinum,3.0,86.385,0.0,4.0,0.0,0.0,13.0,0,1,3
138f4118-a314-4096-a3b4-373b76c74fb6,Pearl,13.0,11.0,23.0,10.0,Platinum,3.0,178.538,1.0,5.0,1.0,14.0,12.0,1,2,2
6c7a27ac-99f6-4e79-baa6-a7f29d69c6cb,Pearl,12.0,2.0,7.0,13.0,Platinum,3.0,204.2,2.0,1.0,2.0,13.0,2.0,0,1,3
d6eba345-8b95-4249-8ef3-210bab1f7b6f,Lotus,24.0,8.0,13.0,14.0,Platinum,3.0,264.13,0.0,0.0,1.0,13.0,10.0,1,1,3
0eaaf809-4f36-4de2-8cf2-12ce30d89d9f,Split,15.0,6.0,16.0,11.0,Platinum,3.0,224.25,3.0,0.0,0.0,7.0,13.0,1,1,3
d2d697c8-d081-4735-8f48-3bd8e73ca91f,Haven,26.0,8.0,18.0,12.0,Platinum,3.0,334.542,5.0,4.0,0.0,11.0,13.0,0,2,2
5df0dd2f-0673-4647-90e2-26ef1af2eb26,Pearl,14.0,4.0,4.0,10.0,Platinum,3.0,225.312,1.0,0.0,1.0,13.0,3.0,0,2,2
1e996545-90a9-4724-9d33-4da81fb38daa,Pearl,15.0,4.0,16.0,10.0,Platinum,3.0,189.524,0.0,3.0,0.0,8.0,13.0,1,0,4
655a7edc-00fb-4898-97ac-444a8d91a4b0,Ascent,14.0,5.0,13.0,11.0,Platinum,3.0,200.6,1.0,3.0,0.0,7.0,13.0,1,0,4
da719d21-9b60-476e-a83e-f8d8566496c9,Ascent,17.0,6.0,14.0,15.0,Platinum,3.0,215.783,2.0,3.0,1.0,13.0,10.0,1,0,4
6dff9105-1176-4df2-9950-e849c4e99f36,Ascent,15.0,5.0,15.0,8.0,Platinum,3.0,183.304,1.0,4.0,0.0,10.0,13.0,0,3,1
ddd8713c-8075-4cb5-b5df-6c089c98e418,Split,18.0,6.0,21.0,13.0,Platinum,3.0,202.167,4.0,6.0,0.0,14.0,16.0,0,3,1
b68ff50f-5533-4e42-be02-a6782fa22252,Pearl,24.0,15.0,13.0,23.0,Platinum,3.0,340.591,6.0,0.0,1.0,13.0,9.0,0,3,1
f804a62a-b318-415c-bf2e-8b97f716c5d7,Ascent,22.0,3.0,17.0,12.0,Platinum,3.0,224.542,2.0,2.0,0.0,11.0,13.0,0,1,3
4035d6c8-f585-4646-a1b5-e75f5432c12c,Lotus,15.0,7.0,20.0,15.0,Platinum,3.0,162.192,1.0,0.0,1.0,14.0,12.0,1,1,3
12060635-b6a8-4c36-a09c-4381fc4caa13,Haven,14.0,5.0,18.0,7.0,Platinum,3.0,150.308,2.0,3.0,0.0,12.0,14.0,0,1,3
62b265c1-b62e-4c3b-ab83-7abef4c21289,Split,9.0,10.0,2.0,7.0,Platinum,3.0,166.462,0.0,0.0,1.0,13.0,0.0,0,1,3
620dc231-61c5-42fa-a9be-f471ffe87cb2,Pearl,10.0,9.0,10.0,6.0,Platinum,2.0,164.053,2.0,1.0,2.0,13.0,6.0,1,1,3
9ef96f6c-be10-4048-9f87-7a6cebdbeec7,Split,21.0,8.0,19.0,8.0,Platinum,3.0,184.767,0.0,2.0,0.0,14.0,16.0,0,1,3
ed800906-2e92-492d-993e-5e61830eed64,Breeze,22.0,6.0,21.0,12.0,Platinum,3.0,232.214,1.0,4.0,0.0,14.0,14.0,1,1,3
96729978-d878-490b-a840-7ba14f1366b1,Fracture,1.0,2.0,5.0,1.0,Platinum,3.0,40.846,0.0,1.0,0.0,0.0,5.0,0,1,3
f81841a7-01d8-45eb-81fc-edc5c2607a22,Pearl,17.0,5.0,11.0,14.0,Platinum,3.0,246.0,2.0,0.0,1.0,13.0,6.0,0,1,3
ee91e2de-32b2-4862-a3ba-551df2806247,Split,21.0,8.0,14.0,10.0,Platinum,2.0,254.083,0.0,2.0,1.0,13.0,11.0,0,1,3
bc49d6a0-bc6a-4d4c-8145-bde0ad4671d4,Fracture,12.0,7.0,15.0,7.0,Platinum,3.0,203.5,4.0,1.0,0.0,5.0,13.0,0,1,3
223f8291-401f-4792-a0c2-769b5c8cbaa9,Ascent,17.0,2.0,19.0,14.0,Platinum,3.0,172.536,1.0,1.0,1.0,15.0,13.0,0,1,3
596ada9f-c8b1-408d-ac28-90af5f210bdd,Haven,22.0,4.0,21.0,17.0,Platinum,3.0,236.0,3.0,1.0,0.0,12.0,14.0,0,1,3
15284535-4403-466e-8973-2b373d1c35e1,Breeze,21.0,4.0,13.0,17.0,Platinum,3.0,274.762,2.0,0.0,1.0,13.0,8.0,1,1,3
417fd860-c7d3-48a2-8bc5-1489debc9aa6,Haven,16.0,7.0,12.0,10.0,Platinum,3.0,191.636,0.0,0.0,2.0,13.0,9.0,0,1,3
188c13b7-ed9e-485e-99fa-2ea7a67ab9cf,Fracture,15.0,9.0,14.0,16.0,Platinum,3.0,186.167,1.0,0.0,1.0,13.0,11.0,0,1,3
7bdecbfa-0ea6-48f3-a5eb-fd86ab7c9d75,Split,15.0,7.0,10.0,12.0,Platinum,3.0,201.095,1.0,1.0,2.0,13.0,8.0,0,1,3
e42984d4-6f0b-430a-ba66-bc78ddd07739,Fracture,12.0,5.0,11.0,7.0,Platinum,3.0,172.316,0.0,0.0,3.0,13.0,6.0,0,1,3
4597707c-6038-4926-9f16-87e95b5ff447,Lotus,23.0,8.0,19.0,16.0,Platinum,3.0,207.733,1.0,4.0,0.0,15.0,15.0,1,1,3
7b5c610a-5d2c-4950-a513-fd6f6a0f365b,Lotus,10.0,5.0,12.0,5.0,Platinum,3.0,157.778,0.0,2.0,1.0,13.0,5.0,1,1,3
755ebbab-8e79-4f48-807f-9faa983c5e7e,Haven,15.0,6.0,19.0,9.0,Platinum,3.0,156.357,2.0,2.0,1.0,15.0,13.0,1,1,3
6111bbc3-62dd-46d9-93da-7f12ed4a62de,Breeze,9.0,5.0,17.0,7.0,Platinum,3.0,140.957,1.0,2.0,0.0,10.0,13.0,0,1,3
53ba45ed-3601-4ee0-ac51-bda1d84910a3,Ascent,18.0,2.0,12.0,10.0,Platinum,3.0,214.45,1.0,0.0,1.0,13.0,7.0,0,1,3
2a9e3a5b-0bbc-40fd-99f4-156022767559,Fracture,20.0,9.0,18.0,13.0,Platinum,3.0,265.545,1.0,1.0,0.0,9.0,13.0,0,1,3
49945f93-4c31-4165-bedb-bdf600e47930,Haven,12.0,13.0,20.0,10.0,Diamond,1.0,170.083,2.0,3.0,0.0,11.0,13.0,1,1,3
b46dde6d-5c44-4d28-8758-a396ed732538,Pearl,22.0,3.0,12.0,6.0,Diamond,1.0,324.222,5.0,2.0,1.0,13.0,5.0,0,1,3
b18c189c-f7d3-4f3f-8e37-e070857fa154,Lotus,13.0,9.0,11.0,11.0,Diamond,1.0,182.524,2.0,1.0,2.0,13.0,8.0,1,1,3
89cc53ba-5479-4664-8f98-683e1e897c81,Breeze,18.0,10.0,11.0,15.0,Diamond,1.0,209.957,0.0,1.0,3.0,13.0,10.0,0,1,3
e4817069-70c8-47db-a960-6deaffb4c2f7,Haven,7.0,6.0,10.0,7.0,Platinum,3.0,113.167,0.0,0.0,4.0,13.0,5.0,1,1,3
b4a95442-91ed-4281-b17c-65504ac2d8dc,Breeze,6.0,1.0,7.0,4.0,Unrated,,106.333,0.0,0.0,0.0,2.0,6.0,0,1,3
7d6f66fe-451a-4003-a6f0-1827046362e3,Summit,13.0,2.0,11.0,10.0,Unrated,,176.15,1.0,0.0,0.0,7.0,13.0,0,1,3
528e0434-01f8-4129-bbbe-6f00f55c7822,Lotus,7.0,3.0,10.0,5.0,Unrated,,137.0,0.0,0.0,0.0,3.0,9.0,0,1,3
b5fb67de-b1a3-4e12-bdb1-97a9b4943cef,Ascent,18.0,11.0,12.0,13.0,Unrated,,226.045,1.0,2.0,1.0,13.0,9.0,1,1,3
362f0dd9-81e4-4720-8200-bd73d9174caf,Split,11.0,4.0,18.0,10.0,Gold,3.0,160.286,1.0,2.0,0.0,8.0,13.0,1,1,3
6fabe9eb-4632-4d78-bfe9-c4757321a25a,Lotus,17.0,8.0,16.0,12.0,Unrated,,168.357,1.0,2.0,1.0,15.0,13.0,1,1,3
db9f825c-d60f-4bc8-ab91-f85b20bc7c4f,Split,11.0,6.0,16.0,7.0,Gold,3.0,138.917,2.0,3.0,1.0,13.0,11.0,1,1,3
081d1cdd-b9e9-44bc-8879-094066414138,Summit,11.0,4.0,11.0,8.0,Gold,3.0,142.737,0.0,1.0,2.0,13.0,6.0,0,1,3
ab8fb01d-d149-400e-bcb7-b2e25c8ee7fd,Ascent,16.0,8.0,13.0,8.0,Diamond,3.0,253.95,2.0,0.0,1.0,13.0,7.0,0,0,4
3ece756e-0406-4a6d-bc00-33c3e1289224,Ascent,18.0,19.0,25.0,12.0,Diamond,3.0,203.767,2.0,2.0,1.0,15.0,15.0,1,2,2
9b9dbede-46d2-42ae-8067-0db1eeb719b6,Breeze,16.0,8.0,18.0,13.0,Diamond,3.0,184.308,2.0,1.0,0.0,12.0,14.0,1,0,4
ac04103b-cf07-4d83-93f7-e0bae38e60d6,Pearl,13.0,5.0,18.0,5.0,Diamond,3.0,172.409,2.0,0.0,0.0,9.0,13.0,0,1,3
90203048-f38a-400f-807d-cd01d67ce38b,Haven,10.0,2.0,14.0,5.0,Diamond,3.0,201.533,2.0,0.0,0.0,2.0,13.0,1,1,3
aa6b32a2-d34f-4db2-bf81-e8b52d790155,Breeze,9.0,6.0,11.0,5.0,Diamond,3.0,133.211,0.0,0.0,1.0,13.0,6.0,1,0,4
4db2fb03-0734-457d-8952-70cbc6bb3628,Haven,14.0,4.0,14.0,8.0,Diamond,3.0,227.667,1.0,2.0,0.0,5.0,13.0,0,0,4
efe5d470-c22f-4961-86d5-8cca570c47d1,Split,16.0,7.0,18.0,10.0,Diamond,3.0,193.417,4.0,2.0,0.0,11.0,13.0,0,0,4
a1e5c228-1d29-4d9f-9315-6d67230da22c,Fracture,18.0,5.0,15.0,11.0,Diamond,3.0,247.727,2.0,0.0,0.0,9.0,13.0,0,0,4
a32b83a1-3c8a-43a0-a8e3-88f88cf660a6,Breeze,22.0,7.0,18.0,19.0,Diamond,3.0,313.391,3.0,0.0,1.0,13.0,10.0,0,3,1
135ea325-f88e-44a2-bfd5-52d90cff3dac,Haven,21.0,10.0,17.0,14.0,Diamond,3.0,297.739,2.0,5.0,2.0,13.0,10.0,1,3,1
853d1892-e78a-45ff-809a-f7c2a5073bcc,Lotus,17.0,8.0,20.0,13.0,Diamond,3.0,224.792,6.0,5.0,0.0,11.0,13.0,0,2,2
e1c8d1ea-9056-4f37-8642-c48005f89d6a,Haven,18.0,2.0,18.0,17.0,Diamond,3.0,258.65,3.0,1.0,0.0,7.0,13.0,0,2,2
6daec91e-e4b1-488c-b15b-ec542f274dc4,Fracture,21.0,7.0,17.0,15.0,Diamond,3.0,273.417,3.0,2.0,1.0,13.0,11.0,0,0,4
a43296e5-dc21-4dcf-b9dd-a887326b81dd,Fracture,17.0,3.0,15.0,12.0,Diamond,3.0,230.15,4.0,1.0,1.0,13.0,7.0,0,0,4
c629ac51-7a73-4d8f-a5b5-373b41cfa7f8,Split,19.0,4.0,15.0,9.0,Diamond,3.0,334.611,1.0,1.0,0.0,5.0,13.0,0,0,4
c2b4f463-6470-496d-afaf-e250e344fbde,Fracture,7.0,4.0,7.0,4.0,Diamond,3.0,135.714,1.0,1.0,1.0,13.0,1.0,0,0,4
da99c5ce-7030-40e6-b1ec-967b4198f850,Breeze,19.0,8.0,14.0,13.0,Unrated,,244.87,1.0,1.0,1.0,13.0,10.0,1,0,4
6d30b567-4e68-4ccd-b593-7631a5fc1a90,Haven,7.0,3.0,14.0,10.0,Unrated,,189.333,1.0,2.0,0.0,2.0,13.0,1,0,4
346c4b5d-327d-405d-bcf2-eef6a8e5424b,Ascent,22.0,7.0,12.0,11.0,Unrated,,297.368,1.0,0.0,1.0,13.0,6.0,1,0,4
0c6d4e8b-ef42-480f-bfca-634b2cfb3c64,Breeze,11.0,1.0,13.0,9.0,Unrated,,150.7,1.0,2.0,0.0,7.0,13.0,1,0,4
0e4c08ab-4ce1-4cda-a5e8-6ac1527d10ed,Split,16.0,9.0,18.0,16.0,Diamond,3.0,201.042,5.0,3.0,0.0,11.0,13.0,0,0,4
6a6e62d0-1be5-4b3e-8665-b06886db8e67,Breeze,21.0,4.0,14.0,12.0,Diamond,1.0,316.4,4.0,2.0,0.0,7.0,13.0,1,1,3
4df34ce6-3fd5-476f-83a3-6a0c5761d246,Sunset,13.0,6.0,12.0,4.0,Platinum,3.0,193.737,2.0,1.0,1.0,13.0,6.0,0,2,2
c64e57e8-94c1-48c0-a184-1f4643267659,Summit,14.0,4.0,14.0,8.0,Platinum,3.0,178.286,1.0,2.0,2.0,13.0,8.0,1,2,2
6524a3f0-781f-4b0a-aae6-461bedfb22b1,Haven,12.0,3.0,21.0,12.0,Platinum,3.0,183.5,1.0,3.0,0.0,9.0,13.0,0,2,2
2daf3fe2-ce8f-4743-9655-d8286d37a181,Lotus,9.0,4.0,17.0,9.0,Platinum,3.0,163.056,2.0,4.0,0.0,5.0,13.0,0,2,2
22467654-460a-4127-a529-d065c9a04386,Summit,19.0,12.0,16.0,17.0,Diamond,1.0,263.818,2.0,0.0,0.0,9.0,13.0,0,0,4
2bf91a0f-0eba-413f-a01c-2639b77e9126,Breeze,10.0,6.0,20.0,9.0,Diamond,1.0,153.909,0.0,0.0,0.0,9.0,13.0,0,0,4
4f597f34-3870-46b5-a741-e7af786db637,Haven,18.0,5.0,17.0,9.0,Diamond,1.0,215.792,0.0,1.0,0.0,11.0,13.0,0,0,4
a7868810-bbb2-4a66-98ab-7927278ef60e,Haven,15.0,14.0,13.0,6.0,Platinum,3.0,248.4,2.0,1.0,1.0,13.0,7.0,0,0,4
437617f5-dfe3-49cf-b8bc-5699ee3dc026,Split,13.0,6.0,18.0,10.0,Diamond,1.0,217.368,1.0,0.0,0.0,6.0,13.0,0,1,3
27791d27-b922-443b-a876-dae8b767a3bd,Ascent,18.0,2.0,8.0,11.0,Diamond,1.0,278.412,6.0,0.0,1.0,13.0,4.0,1,1,3
5d8de604-f710-42a2-ace5-6fe32f492eea,Split,10.0,9.0,18.0,7.0,Diamond,1.0,164.087,1.0,3.0,0.0,10.0,13.0,0,1,3
69554ecd-7f48-4bf0-8c05-4988b8c55a7a,Lotus,23.0,6.0,17.0,16.0,Diamond,1.0,292.174,2.0,2.0,0.0,10.0,13.0,0,1,3
3340d38b-510f-4edc-aaab-ddadf4f91e7d,Sunset,15.0,5.0,11.0,6.0,Diamond,1.0,205.053,1.0,2.0,1.0,13.0,6.0,1,1,3
621407dc-50d0-4809-a00c-4a3ebb77d455,Haven,14.0,5.0,15.0,12.0,Diamond,1.0,164.654,1.0,0.0,1.0,14.0,12.0,0,0,4
59350fab-0109-4dce-b383-256671b010cd,Summit,8.0,8.0,13.0,2.0,Diamond,1.0,119.05,1.0,3.0,0.0,7.0,13.0,0,0,4
bc1a7e29-1482-4110-a849-50a7f85f2924,Ascent,20.0,9.0,15.0,17.0,Diamond,1.0,275.286,0.0,1.0,0.0,8.0,13.0,0,0,4
8affd09f-4e88-40aa-8cf5-4e2d8d0687d9,Breeze,20.0,5.0,12.0,12.0,Diamond,1.0,282.952,1.0,1.0,1.0,13.0,8.0,1,0,4
fbc3e33e-bb1c-47e1-b86c-f1667aa0355f,Haven,12.0,10.0,15.0,11.0,Diamond,1.0,192.273,0.0,0.0,0.0,9.0,13.0,0,0,4
a96dd442-4e82-46e5-89e4-0bcbe0f50684,Lotus,18.0,8.0,10.0,12.0,Diamond,1.0,267.25,1.0,2.0,1.0,13.0,7.0,1,0,4
c2ba4fba-09b4-40b3-afab-97e92c377f4b,Lotus,11.0,4.0,10.0,3.0,Diamond,1.0,147.7,2.0,1.0,1.0,13.0,7.0,0,2,2
2b0b910f-91a6-4c1f-aaae-bf261cd06502,Sunset,17.0,2.0,18.0,12.0,Diamond,1.0,238.909,5.0,1.0,0.0,9.0,13.0,0,2,2
1f85d6e4-8bc4-49be-910b-afb5460eb0e3,Ascent,17.0,6.0,15.0,12.0,Diamond,1.0,210.208,1.0,3.0,0.0,11.0,13.0,1,2,2
934c78a5-d507-44a6-b7a6-7ecbbabc4abd,Breeze,19.0,24.0,25.0,11.0,Diamond,1.0,183.471,1.0,3.0,0.0,16.0,18.0,0,2,2
3233ed00-41dd-42dd-90db-2a76d5e21931,Split,18.0,2.0,14.0,16.0,Diamond,1.0,246.789,0.0,1.0,0.0,6.0,13.0,0,0,4
dc1a0632-47bc-47d4-b1b5-2c14140de1b6,Split,11.0,4.0,9.0,6.0,Diamond,1.0,198.75,1.0,0.0,1.0,13.0,3.0,0,0,4
6277dbeb-31a5-42bf-ba93-2d77c098d628,Breeze,11.0,5.0,19.0,6.0,Diamond,1.0,177.429,3.0,3.0,0.0,8.0,13.0,1,1,3
c284299a-96a4-4765-8fc6-b5af4f22a06f,Ascent,12.0,15.0,19.0,7.0,Diamond,1.0,168.833,0.0,1.0,0.0,11.0,13.0,0,0,4
ce3407cf-489e-4bfd-8945-832be723b372,Sunset,16.0,5.0,17.0,12.0,Diamond,1.0,207.0,3.0,0.0,1.0,13.0,10.0,1,0,4
41415e49-8679-4956-98ef-fd3ce2bdfd65,Split,20.0,7.0,12.0,17.0,Diamond,1.0,280.737,2.0,2.0,1.0,13.0,6.0,0,0,4
877375f1-2d74-4c82-a908-e8ef21d28990,Haven,14.0,2.0,17.0,3.0,Diamond,1.0,162.522,0.0,3.0,0.0,10.0,13.0,0,0,4
47aa21a9-1022-477c-b28c-903abdee39e1,Ascent,12.0,11.0,14.0,9.0,Diamond,1.0,199.7,0.0,0.0,0.0,7.0,13.0,0,0,4
16d790f3-635a-4815-b8ce-3f5d8110ff01,Sunset,22.0,10.0,17.0,16.0,Diamond,1.0,256.538,2.0,2.0,1.0,14.0,12.0,0,0,4
61423b58-e3a4-48cc-a0f4-24bdcb297a56,Summit,17.0,3.0,6.0,9.0,Diamond,1.0,269.118,2.0,0.0,2.0,13.0,4.0,1,0,4
2f718f88-cb6c-4cff-acc6-d6ab310ea306,Summit,6.0,6.0,14.0,8.0,Diamond,1.0,120.067,0.0,2.0,0.0,2.0,13.0,0,0,4
5e1d5d81-9064-42c3-9601-eb92b0e44598,Lotus,12.0,4.0,13.0,6.0,Diamond,1.0,175.667,1.0,4.0,1.0,13.0,8.0,1,0,4
a79fda85-93a7-4277-b01d-9ff185217221,Haven,23.0,4.0,12.0,15.0,Diamond,1.0,284.773,3.0,1.0,2.0,13.0,9.0,1,0,4
8ce6315e-6386-4d41-aa75-5a86381c87e2,Sunset,13.0,1.0,16.0,4.0,Diamond,2.0,178.3,1.0,2.0,0.0,7.0,13.0,0,0,4
65c9acb2-3675-4d53-ad45-64d8428f1c32,Split,10.0,6.0,12.0,6.0,Diamond,2.0,161.25,4.0,1.0,1.0,13.0,7.0,1,0,4
63f92a8e-d7aa-4557-b24d-453fd5fb1351,Lotus,11.0,3.0,13.0,7.0,Diamond,2.0,199.688,0.0,1.0,0.0,3.0,13.0,0,0,4
5c43f6ad-112b-432b-b218-0b0ff6d42994,Haven,8.0,0.0,12.0,5.0,Diamond,1.0,110.5,0.0,2.0,1.0,13.0,7.0,0,0,4
70a5d157-01fe-47b2-a78e-f8d64483c09f,Breeze,21.0,5.0,14.0,22.0,Diamond,2.0,226.071,2.0,0.0,1.0,15.0,13.0,0,0,4
faa4f3b9-7e28-44b5-b6c3-5bb65070565d,Breeze,22.0,4.0,15.0,14.0,Diamond,2.0,272.905,0.0,1.0,0.0,8.0,13.0,0,0,4
4f136f38-e717-49fa-81ae-590a1e92cd0c,Ascent,13.0,5.0,14.0,13.0,Diamond,2.0,228.35,1.0,0.0,0.0,7.0,13.0,0,0,4
cc57a860-1ea1-4c3f-9934-c0c2d7329235,Sunset,25.0,2.0,12.0,15.0,Diamond,1.0,265.304,0.0,0.0,1.0,13.0,10.0,0,0,4
c1d2abf4-aa20-4eb0-a1ba-e65787e9c8c6,Lotus,14.0,1.0,14.0,10.0,Diamond,2.0,213.889,3.0,1.0,0.0,5.0,13.0,1,0,4
af65aacc-965d-4777-8e51-0258b36e3465,Summit,8.0,9.0,11.0,7.0,Diamond,2.0,161.647,0.0,0.0,1.0,13.0,4.0,0,0,4
4dc510df-bc3d-4e75-a5e8-15a3d42bda42,Sunset,20.0,2.0,14.0,12.0,Diamond,2.0,246.619,3.0,3.0,2.0,13.0,8.0,1,0,4
9c8dcbd8-7ff5-4d76-bf2b-20c9675fc3ee,Summit,16.0,3.0,13.0,12.0,Diamond,2.0,212.524,1.0,1.0,3.0,13.0,8.0,1,0,4
a951c1ff-4445-4ad4-892a-fa9b1472e66b,Haven,12.0,14.0,11.0,5.0,Diamond,2.0,175.2,2.0,0.0,1.0,13.0,7.0,0,0,4
f5cf3969-40aa-4181-813b-4c9b33dddf6a,Split,22.0,6.0,17.0,7.0,Diamond,2.0,313.0,1.0,0.0,1.0,13.0,7.0,1,0,4
27fe010a-d65e-479b-9627-d8f733b2ee30,Haven,8.0,4.0,16.0,2.0,Diamond,2.0,165.706,5.0,1.0,0.0,4.0,13.0,1,0,4
839d3a54-ab62-4449-8712-7029583faacc,Sunset,14.0,4.0,13.0,8.0,Diamond,2.0,201.818,2.0,3.0,1.0,13.0,9.0,0,0,4
c16267ea-3dc1-4985-9c85-9b6d45501d3f,Abyss,9.0,3.0,7.0,4.0,Diamond,3.0,136.438,2.0,3.0,1.0,13.0,3.0,1,0,4
ded40f9d-fc75-4bc3-9636-10ff49b0eb1b,Abyss,11.0,3.0,16.0,7.0,Diamond,3.0,167.947,0.0,2.0,2.0,13.0,6.0,1,0,4
e79f9205-9e32-4070-a145-0352a25e72f0,Haven,15.0,1.0,15.0,8.0,Unrated,,216.421,1.0,0.0,3.0,13.0,6.0,1,0,4
0f4dc64e-5a75-43f5-8bb1-6c5d920d4b55,Sunset,10.0,4.0,18.0,7.0,Diamond,3.0,151.455,0.0,0.0,0.0,9.0,13.0,0,0,4
aae63c92-f838-4ed7-ab69-f4f35dc7f400,Haven,10.0,6.0,13.0,8.0,Diamond,3.0,168.118,0.0,3.0,0.0,4.0,13.0,0,0,4
2396bddb-ead3-4cd5-bc78-dcb126478d7a,Summit,12.0,5.0,17.0,8.0,Diamond,3.0,180.526,3.0,3.0,0.0,6.0,13.0,1,0,4
20126b92-d45d-4712-9bf7-7ce5beab46d8,Sunset,12.0,6.0,15.0,7.0,Diamond,3.0,188.842,2.0,3.0,0.0,6.0,13.0,0,0,4
be37eb4d-d389-42c1-a997-faa3cd0520eb,Abyss,14.0,7.0,17.0,10.0,Diamond,3.0,199.81,0.0,0.0,0.0,8.0,13.0,0,0,4
bdcf5062-1a5b-4586-9a23-fc7b6d63cd89,Ascent,12.0,5.0,11.0,4.0,Diamond,3.0,161.524,0.0,1.0,1.0,13.0,8.0,1,0,4
57a6efd9-4a82-4cfd-b0c5-0234c9bea8ce,Haven,15.0,2.0,18.0,10.0,Diamond,2.0,226.857,3.0,2.0,0.0,8.0,13.0,0,0,4
7081f7c5-d2f4-47a6-a79b-1b2ab6124239,Split,7.0,4.0,15.0,5.0,Diamond,2.0,126.5,1.0,1.0,0.0,3.0,13.0,0,0,4
7c72aad9-3756-436d-b8d8-97bc184c86b3,Abyss,14.0,2.0,14.0,9.0,Diamond,2.0,143.167,2.0,1.0,0.0,11.0,13.0,0,0,4
d0b9934b-cab2-4e1f-832e-4dc62f3c613c,Sunset,18.0,7.0,18.0,12.0,Diamond,3.0,260.609,2.0,0.0,0.0,10.0,13.0,1,0,4
3d2af811-8a58-4e35-9a38-b214388b43a6,Split,20.0,2.0,16.0,6.0,Diamond,2.0,241.0,1.0,4.0,0.0,9.0,13.0,0,0,4
5cffd4e0-098c-4a9d-826d-346791abdf9a,Breeze,19.0,0.0,7.0,15.0,Ascendant,3.0,275.824,0.0,1.0,1.0,13.0,4.0,1,1,3
07a0abb0-ec09-4e5a-b4de-ce90cfd1c831,Pearl,13.0,6.0,18.0,12.0,Ascendant,3.0,162.038,0.0,0.0,0.0,12.0,14.0,0,2,2
70279999-6745-4eaf-8a8a-d070e8dcf49c,Breeze,10.0,4.0,10.0,8.0,Ascendant,3.0,170.588,1.0,0.0,1.0,13.0,4.0,0,0,4
0cc82d00-b76f-4c19-8e18-ca73ce24582f,Ascent,15.0,8.0,15.0,13.0,Ascendant,3.0,225.286,1.0,1.0,0.0,8.0,13.0,0,0,4
4ccb2729-1c3c-4366-beb5-857623bdd9bb,Lotus,22.0,17.0,12.0,22.0,Ascendant,3.0,298.286,1.0,0.0,1.0,13.0,8.0,0,0,4
5d4e4188-b610-4d2e-8700-dcb301447714,Lotus,9.0,9.0,13.0,6.0,Ascendant,3.0,143.667,0.0,2.0,0.0,5.0,13.0,0,0,4
63569cff-4c4e-4b1b-a64a-bfc9478c395a,Haven,16.0,1.0,15.0,11.0,Ascendant,3.0,187.348,1.0,3.0,1.0,13.0,10.0,1,0,4
bc891482-1682-4659-a686-fda2a77121e0,Haven,18.0,1.0,17.0,14.0,Ascendant,3.0,265.15,2.0,2.0,0.0,7.0,13.0,1,0,4
f98b441c-0a8b-4b14-80df-6d5b92626e9a,Breeze,25.0,9.0,16.0,19.0,Ascendant,3.0,288.708,1.0,1.0,0.0,11.0,13.0,0,0,4
08f5f5dd-bb3f-4dbe-8d3d-977ba0adff3a,Lotus,16.0,3.0,13.0,14.0,Ascendant,3.0,246.389,6.0,1.0,1.0,13.0,5.0,1,0,4
2a748ea6-3d90-48d3-ae78-d00389b9538e,Split,13.0,11.0,13.0,7.0,Ascendant,3.0,140.375,1.0,1.0,2.0,13.0,11.0,0,0,4
8f1b5e0d-d47b-49f7-90f2-338c09af265b,Fracture,20.0,4.0,18.0,17.0,Ascendant,3.0,227.75,1.0,0.0,0.0,11.0,13.0,1,1,3
e4f23d53-2376-416d-bf7c-8ce488908b9a,Ascent,15.0,6.0,14.0,8.0,Ascendant,3.0,175.261,1.0,1.0,0.0,10.0,13.0,0,1,3
e7d9fbdd-e1dd-430a-8d82-628c2ab93805,Split,11.0,7.0,12.0,7.0,Ascendant,3.0,144.556,2.0,0.0,1.0,13.0,5.0,0,1,3
95c87d1a-9f2d-4046-af10-e4ee5ec62910,Fracture,12.0,2.0,17.0,9.0,Ascendant,3.0,145.826,3.0,4.0,2.0,13.0,10.0,1,1,3
f260cea6-bc76-4283-96d3-48ee259a6f0c,Haven,12.0,1.0,8.0,6.0,Ascendant,3.0,199.938,2.0,0.0,3.0,13.0,3.0,1,1,3
a1743e10-e583-43ed-9313-2b227208bd0e,Ascent,17.0,3.0,15.0,17.0,Ascendant,2.0,211.136,3.0,4.0,1.0,13.0,9.0,1,1,3
01f5f6c2-be68-4d7a-8a8d-809c7c3a8cd7,Fracture,22.0,7.0,15.0,16.0,Ascendant,2.0,296.364,3.0,1.0,0.0,9.0,13.0,0,0,4
d401c79b-ce10-4546-bfdc-f2328069d39a,Split,12.0,5.0,18.0,7.0,Ascendant,2.0,194.3,3.0,2.0,0.0,7.0,13.0,1,0,4
f6c77222-3a97-4d18-a4de-2b8e65bc8233,Split,23.0,2.0,19.0,20.0,Ascendant,3.0,287.304,6.0,1.0,0.0,10.0,13.0,1,1,3
6617961c-69b6-473f-8478-025bc4535245,Fracture,18.0,7.0,19.0,15.0,Ascendant,2.0,205.391,1.0,1.0,0.0,10.0,13.0,1,0,4
2d0a42c5-aeeb-4105-bdda-9bd8e862f722,Breeze,14.0,6.0,17.0,13.0,Ascendant,2.0,162.591,0.0,3.0,0.0,9.0,13.0,1,0,4
a7f8cd2d-60a3-4157-8bf4-cf8f444c5dfb,Ascent,15.0,3.0,14.0,9.0,Ascendant,2.0,243.444,1.0,1.0,0.0,5.0,13.0,0,1,3
f1b2cbdd-f68c-49d7-b5ef-75daefbf0612,Breeze,13.0,0.0,17.0,10.0,Ascendant,2.0,164.35,3.0,2.0,0.0,7.0,13.0,0,1,3
320a090c-cd3f-4941-ad97-f17ad9cc8eb7,Fracture,24.0,1.0,15.0,17.0,Ascendant,2.0,274.917,3.0,2.0,1.0,13.0,11.0,0,1,3
4b09eae0-eed3-4743-8e3f-1a5c66622ebf,Ascent,4.0,6.0,20.0,3.0,Ascendant,2.0,79.304,1.0,0.0,0.0,10.0,13.0,0,0,4
76db7ff9-2427-46ae-bb32-981119d52e87,Fracture,15.0,12.0,19.0,11.0,Ascendant,2.0,200.958,2.0,1.0,0.0,11.0,13.0,1,0,4
51b3dff7-fd81-4cdd-bcf8-3a28ada557ab,Lotus,24.0,7.0,18.0,20.0,Ascendant,2.0,265.962,1.0,0.0,1.0,14.0,12.0,0,0,4
72d48ea6-799e-498d-8bce-c439ac8defac,Pearl,13.0,8.0,18.0,13.0,Ascendant,1.0,196.952,1.0,3.0,1.0,13.0,8.0,0,0,4
8f3a8aeb-793d-4d51-af40-ea6673c93146,Ascent,20.0,3.0,17.0,16.0,Ascendant,1.0,225.375,2.0,5.0,2.0,13.0,11.0,0,0,4
6256c689-c758-43b0-8584-aa9d6745258e,Pearl,24.0,11.0,17.0,18.0,Ascendant,1.0,195.833,0.0,0.0,2.0,15.0,15.0,0,0,4
3940fbc8-3354-4b92-a7db-06bb25a2d0bc,Split,4.0,8.0,16.0,3.0,Ascendant,2.0,69.105,0.0,1.0,0.0,6.0,13.0,0,0,4
4f8c6a1f-964e-48dd-888a-aedd7b71f66b,Pearl,13.0,10.0,15.0,10.0,Ascendant,2.0,147.577,1.0,0.0,1.0,14.0,12.0,0,0,4
df4d8ce6-3215-4710-a1b8-4a5586e9c723,Split,16.0,4.0,15.0,11.0,Ascendant,2.0,199.542,2.0,2.0,2.0,13.0,11.0,0,0,4
78c0d7ef-15c4-4cef-8679-b78942eafd3b,Fracture,6.0,2.0,13.0,4.0,Ascendant,2.0,117.765,1.0,5.0,3.0,13.0,4.0,1,0,4
4db26c77-bb23-4828-b2a7-01c409e80294,Ascent,16.0,4.0,13.0,16.0,Unrated,,275.889,2.0,0.0,1.0,13.0,5.0,1,0,4
62c704fb-e523-4982-8174-f002811b0d33,Ascent,11.0,3.0,13.0,9.0,Unrated,,170.5,3.0,2.0,2.0,13.0,5.0,1,0,4
e6e65071-4533-46f0-aa16-af602d49044c,Breeze,23.0,3.0,19.0,11.0,Unrated,,261.5,5.0,2.0,0.0,12.0,14.0,1,0,4
45fd9da0-3625-4690-9c26-1d71bd649a76,Haven,24.0,2.0,18.0,13.0,Unrated,,271.0,5.0,3.0,1.0,13.0,11.0,1,0,4
835e4af8-4bd1-4d98-b4dc-a700b015ed73,Breeze,26.0,2.0,16.0,11.0,Unrated,,249.154,1.0,4.0,2.0,14.0,12.0,1,0,4
785457dd-7778-41b2-b53f-e1e277bc1eab,Sunset,20.0,2.0,17.0,16.0,Diamond,3.0,224.87,4.0,2.0,1.0,13.0,10.0,1,0,4
84e884ec-270d-4d98-a81c-27b5074d1c3c,Haven,21.0,2.0,10.0,17.0,Diamond,3.0,283.895,5.0,0.0,2.0,13.0,6.0,0,0,4
da4f83e4-1320-40b2-ab03-7a865e6f3d14,Breeze,16.0,2.0,18.0,10.0,Ascendant,1.0,181.773,2.0,4.0,0.0,9.0,13.0,1,0,4
0a53ab07-be0e-4d0a-a9af-e6dd42f96232,Summit,18.0,3.0,11.0,6.0,Diamond,3.0,296.176,3.0,1.0,1.0,13.0,4.0,1,0,4
e316f26c-bd1e-48a0-8774-bdecec4dddba,Lotus,10.0,2.0,13.0,6.0,Ascendant,1.0,137.222,1.0,2.0,0.0,5.0,13.0,1,0,4
f9ae3fc8-2ca4-420f-8105-d6fe48503940,Haven,22.0,8.0,17.0,15.0,Ascendant,1.0,228.385,1.0,1.0,1.0,14.0,12.0,0,0,4
ef9d503c-4f75-4741-bf15-e7f240406c36,Breeze,13.0,1.0,14.0,6.0,Ascendant,1.0,175.4,0.0,2.0,0.0,7.0,13.0,1,0,4
c444f67b-8bce-4516-903d-b28b125d8822,Haven,19.0,2.0,18.0,13.0,Ascendant,1.0,201.333,0.0,3.0,1.0,13.0,11.0,1,0,4
f5321374-8937-442c-ab5d-4e0957c6e911,Sunset,14.0,8.0,15.0,9.0,Ascendant,1.0,175.0,1.0,1.0,0.0,9.0,13.0,0,0,4
d6f32976-0424-444e-a17d-cdec9cc84c88,Summit,9.0,1.0,15.0,9.0,Ascendant,1.0,153.353,3.0,1.0,0.0,4.0,13.0,1,0,4
888444a9-0d63-411a-9f7c-e47a5bd741c7,Ascent,15.0,12.0,18.0,12.0,Ascendant,1.0,152.964,2.0,1.0,0.0,14.0,14.0,1,0,4
70aa50a7-493f-4d6c-85b3-1ce76da9107c,Sunset,13.0,5.0,18.0,11.0,Ascendant,1.0,159.875,2.0,1.0,0.0,11.0,13.0,0,0,4
8d5161a0-fbd8-499a-a5e3-7dddd7c8834d,Haven,9.0,2.0,17.0,9.0,Ascendant,1.0,128.579,0.0,2.0,0.0,6.0,13.0,0,0,4
56eff8e6-82f7-4643-a7e3-da645cd786e1,Lotus,21.0,4.0,16.0,13.0,Ascendant,1.0,241.783,4.0,2.0,1.0,13.0,10.0,1,0,4
599d97ff-97dc-473e-b168-530b2397f254,Split,20.0,8.0,16.0,18.0,Ascendant,1.0,264.727,6.0,4.0,1.0,13.0,9.0,1,0,4
619096aa-2f43-42c8-a6c1-36c196427eb0,Breeze,11.0,3.0,15.0,10.0,Ascendant,1.0,162.5,1.0,1.0,0.0,7.0,13.0,0,1,3
9655f06a-dfb4-445e-8a99-04571902721e,Haven,14.0,3.0,12.0,12.0,Ascendant,1.0,206.056,1.0,1.0,1.0,13.0,5.0,0,1,3
1f4e455b-5015-41b6-991a-4d0de960f725,Sunset,15.0,4.0,19.0,14.0,Ascendant,1.0,198.696,0.0,4.0,2.0,13.0,10.0,1,1,3
e948550f-b187-460e-8b21-38377b7f84e7,Ascent,14.0,12.0,15.0,10.0,Ascendant,2.0,220.579,1.0,3.0,0.0,6.0,13.0,0,0,4
0f361c66-27a7-4715-90b9-54b13073276b,Breeze,14.0,4.0,11.0,8.0,Ascendant,2.0,195.471,2.0,1.0,1.0,13.0,4.0,0,0,4
72c99b0e-9245-4142-8ae5-33e7451ffaa4,Sunset,19.0,5.0,15.0,17.0,Ascendant,1.0,239.045,2.0,2.0,2.0,13.0,9.0,1,0,4
6c5f2314-c6f6-4f9e-837c-bb3b371f7064,Summit,19.0,3.0,17.0,13.0,Ascendant,1.0,239.0,2.0,1.0,3.0,13.0,10.0,1,0,4
f82c663b-798f-4b8e-811b-f5a3bc971d81,Haven,15.0,2.0,15.0,9.0,Ascendant,2.0,200.667,3.0,3.0,0.0,8.0,13.0,1,0,4
2697882f-bf05-45e5-8e72-e409cb5ba0bc,Summit,14.0,9.0,15.0,12.0,Ascendant,2.0,186.048,1.0,1.0,1.0,13.0,8.0,0,0,4
08d22163-9afa-4a35-b7e8-13b468c5668f,Haven,18.0,4.0,14.0,12.0,Ascendant,2.0,228.409,3.0,4.0,0.0,9.0,13.0,1,0,4
9fe84875-3194-43d7-8116-7b00aef483b4,Lotus,18.0,3.0,22.0,13.0,Ascendant,2.0,174.0,5.0,7.0,0.0,15.0,15.0,0,2,2
da51a48e-bda4-4b9a-985f-1c0462064a61,Sunset,7.0,3.0,13.0,7.0,Ascendant,1.0,116.294,2.0,2.0,1.0,13.0,4.0,0,2,2
850c7007-a8ac-4802-876c-588c3ba3d74b,Split,19.0,6.0,17.0,17.0,Ascendant,2.0,251.783,3.0,0.0,0.0,10.0,13.0,0,2,2
5e236b80-9398-4652-86f7-baee6fb23f8d,Haven,26.0,3.0,19.0,17.0,Ascendant,2.0,265.808,3.0,3.0,1.0,14.0,12.0,1,0,4
2128e74e-8057-4991-9afe-195ab49ddf7c,Breeze,16.0,1.0,16.0,12.0,Ascendant,2.0,222.75,3.0,0.0,0.0,7.0,13.0,0,0,4
b7fb0cc5-0ae6-42b7-9291-1c53cb885527,Sunset,17.0,8.0,13.0,11.0,Ascendant,2.0,244.19,2.0,1.0,1.0,13.0,8.0,1,0,4
830c9215-c919-49ab-89a4-5977b319fe2a,Ascent,20.0,4.0,19.0,13.0,Ascendant,2.0,207.786,3.0,1.0,0.0,13.0,15.0,0,0,4
41233790-8bb3-4c15-b49a-fff7368a2074,Haven,14.0,6.0,16.0,10.0,Ascendant,2.0,172.238,0.0,3.0,0.0,8.0,13.0,1,1,3
887b4693-ae65-4137-880c-1edd020a1f90,Ascent,23.0,3.0,9.0,17.0,Ascendant,2.0,316.25,3.0,2.0,1.0,13.0,7.0,1,1,3
3853025e-d496-4789-9042-b197a87f8750,Split,11.0,10.0,11.0,10.0,Ascendant,2.0,172.211,3.0,1.0,2.0,13.0,6.0,0,1,3
34ad054a-e294-4d38-9470-b640bf13f126,Lotus,17.0,8.0,22.0,14.0,Ascendant,2.0,167.714,2.0,2.0,0.0,13.0,15.0,1,0,4
8d0f9d1c-2737-4bf9-a670-26dd01ec438a,Haven,14.0,5.0,15.0,13.0,Ascendant,2.0,167.636,3.0,4.0,1.0,13.0,9.0,1,0,4
8e143220-ef8f-489e-bd45-76e3ecc2a7b3,Split,16.0,5.0,16.0,14.0,Ascendant,2.0,250.05,3.0,3.0,0.0,7.0,13.0,0,0,4
4d565233-3946-461b-a3e5-e652b619de86,Sunset,16.0,4.0,16.0,13.0,Ascendant,2.0,215.789,0.0,2.0,0.0,6.0,13.0,1,0,4
25c3e8ab-53c0-4232-b080-885d53e3f72a,Haven,14.0,0.0,7.0,12.0,Ascendant,2.0,245.667,0.0,1.0,1.0,13.0,2.0,0,0,4
a26801b7-9b0b-4d39-9f5d-e1ff6ac311d8,Summit,18.0,3.0,10.0,19.0,Ascendant,2.0,262.211,4.0,2.0,2.0,13.0,6.0,1,0,4
8b5154d1-e678-4b78-97a3-b1a4da03f3db,Lotus,11.0,3.0,15.0,12.0,Ascendant,2.0,172.111,2.0,2.0,0.0,5.0,13.0,1,0,4
bf77071d-3657-4136-9993-872127aecf3c,Split,19.0,7.0,9.0,12.0,Ascendant,2.0,303.706,1.0,0.0,1.0,13.0,4.0,1,0,4
86f10692-3f70-4807-8df4-2ee6bde3da6e,Lotus,14.0,6.0,17.0,10.0,Ascendant,2.0,125.692,1.0,1.0,2.0,14.0,12.0,0,0,4
1ded3b22-fc6b-47d7-9a5e-075b744dc478,Summit,21.0,13.0,14.0,18.0,Ascendant,2.0,254.818,1.0,0.0,3.0,13.0,9.0,0,0,4
88f92217-ad79-4346-b77c-edd59fd31602,Haven,11.0,8.0,4.0,11.0,Ascendant,2.0,221.143,0.0,1.0,1.0,13.0,1.0,0,0,4
2f46b67c-5928-4f08-a809-8875dc2373c4,Breeze,6.0,3.0,16.0,4.0,Ascendant,2.0,126.765,0.0,4.0,0.0,4.0,13.0,0,0,4
87831f18-91e2-49e4-970a-69f582643a69,Breeze,8.0,1.0,14.0,6.0,Ascendant,2.0,121.222,1.0,5.0,0.0,5.0,13.0,0,0,4
836bcb68-ca4a-44b1-97d3-33ddf8ec4dc4,Summit,15.0,8.0,20.0,11.0,Ascendant,2.0,255.9,0.0,0.0,0.0,7.0,13.0,0,0,4
3f7d3bcb-0a56-4622-a865-acf2f43e7a28,Lotus,5.0,3.0,17.0,5.0,Ascendant,2.0,92.471,0.0,6.0,0.0,4.0,13.0,0,0,4
14b89f15-167f-4cbb-8214-3fa9f79b5001,Summit,16.0,6.0,21.0,14.0,Ascendant,2.0,233.45,2.0,3.0,1.0,13.0,7.0,1,0,4
43024aa7-92e6-4eea-a75e-7eed428ed3a6,Breeze,5.0,1.0,16.0,5.0,Ascendant,3.0,108.353,1.0,1.0,0.0,4.0,13.0,1,0,4
9caab69c-edd7-4cf4-97e3-d45517ca568b,Summit,35.0,3.0,12.0,27.0,Ascendant,2.0,425.2,0.0,0.0,1.0,13.0,7.0,0,0,4
50b10af8-f047-4847-8c6e-118ec0602c8b,Sunset,22.0,0.0,14.0,6.0,Ascendant,2.0,236.174,4.0,2.0,2.0,13.0,10.0,1,0,4
c8142922-9ec1-4087-882d-68bcf476b556,Ascent,20.0,6.0,17.0,17.0,Ascendant,2.0,258.773,4.0,3.0,3.0,13.0,9.0,0,0,4
84a4fabb-c28f-4ebb-a889-2943598ef408,Haven,17.0,2.0,12.0,15.0,Ascendant,2.0,258.158,3.0,1.0,4.0,13.0,6.0,0,0,4
2a1d90b0-e00c-43e3-80c9-65e12b47b80a,Abyss,13.0,2.0,16.0,8.0,Ascendant,2.0,124.231,0.0,3.0,1.0,14.0,12.0,0,0,4
cba4733e-ef45-4a33-bf7a-bb6034a063d9,Sunset,17.0,4.0,16.0,13.0,Ascendant,2.0,196.478,2.0,2.0,2.0,13.0,10.0,0,0,4
45f3e014-826d-4b79-a43f-81d4a8275b44,Lotus,18.0,5.0,15.0,14.0,Unrated,,299.611,4.0,0.0,0.0,5.0,13.0,1,0,4
afa3f0a0-f530-4adc-9ca7-0a3f76c33721,Abyss,8.0,10.0,19.0,6.0,Ascendant,3.0,116.958,2.0,0.0,0.0,11.0,13.0,0,0,4
e2dfac96-ce88-4ab8-9cd3-2cbe5761e07c,Ascent,16.0,12.0,18.0,16.0,Ascendant,3.0,229.818,0.0,2.0,0.0,9.0,13.0,1,0,4
dfee6a6a-7c12-4a1b-8f5c-82192e68ef57,Sunset,8.0,2.0,15.0,7.0,Ascendant,2.0,139.0,0.0,2.0,1.0,13.0,5.0,0,0,4
ef86cd0f-1ee3-4c86-9565-1a365d4d0fe1,Summit,14.0,3.0,9.0,5.0,Ascendant,2.0,186.444,2.0,1.0,1.0,13.0,5.0,1,0,4
4578da8f-648c-4a3b-a32f-748d1acfbdb2,Sunset,14.0,0.0,14.0,12.0,Ascendant,3.0,228.8,3.0,2.0,0.0,2.0,13.0,1,0,4
96f22934-9d98-487c-b2da-7bbc182563c7,Split,10.0,4.0,17.0,8.0,Ascendant,3.0,195.471,1.0,4.0,0.0,4.0,13.0,0,0,4
effde653-0e08-45cd-8a19-fd93cbf0bd6b,Haven,11.0,2.0,13.0,6.0,Ascendant,3.0,149.273,2.0,1.0,1.0,13.0,9.0,1,0,4
60781b81-0994-4e60-a062-8eb2d100e492,Ascent,21.0,4.0,13.0,9.0,Ascendant,3.0,294.048,5.0,3.0,0.0,8.0,13.0,0,0,4
2f6e82c4-fee9-4a19-962a-3bba13887712,Ascent,28.0,3.0,17.0,25.0,Ascendant,3.0,292.833,1.0,1.0,1.0,13.0,11.0,0,0,4
3abad48f-b8d4-4f6a-beec-c7dbf6cce7bf,Abyss,18.0,2.0,13.0,12.0,Ascendant,2.0,298.25,5.0,2.0,2.0,13.0,3.0,1,0,4
abbd8788-64d5-4758-8222-e3a38e1dba3f,Sunset,11.0,2.0,15.0,11.0,Ascendant,3.0,193.389,2.0,2.0,0.0,5.0,13.0,1,0,4
e5d4f8e8-e8db-4629-aacf-b265fcc86a7c,Abyss,12.0,0.0,9.0,10.0,Ascendant,3.0,174.882,1.0,1.0,1.0,13.0,4.0,1,0,4
62574a7d-c895-4271-af0e-6e310f59e4b7,Summit,14.0,5.0,13.0,13.0,Ascendant,3.0,149.13,1.0,1.0,2.0,13.0,10.0,0,0,4
1cc2c8b7-73a9-4230-b86b-6d6e18d5b7b0,Lotus,18.0,2.0,17.0,15.0,Ascendant,3.0,221.909,5.0,5.0,0.0,9.0,13.0,1,0,4
5c8bfef2-97bc-4455-8d74-6667af1975f6,Split,20.0,1.0,14.0,13.0,Ascendant,3.0,243.571,4.0,2.0,1.0,13.0,8.0,0,0,4
a8960b70-76b7-46f8-a7d2-adb5df9d67a7,Haven,8.0,3.0,18.0,6.0,Ascendant,3.0,120.6,1.0,1.0,0.0,7.0,13.0,1,0,4
363173e0-1a63-43ff-a99a-ea4b502239aa,Haven,20.0,5.0,15.0,9.0,Ascendant,3.0,262.818,1.0,2.0,1.0,13.0,9.0,1,0,4
85ec5051-2b69-49f8-bd8e-bedb0fa19c30,Abyss,23.0,2.0,16.0,14.0,Ascendant,3.0,276.174,7.0,2.0,2.0,13.0,10.0,1,0,4
94a6a72d-6eb0-4d60-bb74-5a4d0539e1d8,Sunset,10.0,2.0,14.0,7.0,Ascendant,3.0,199.643,1.0,1.0,0.0,1.0,13.0,0,0,4
54f9f2bb-a2be-497b-a86c-a4e1f7446d9a,Summit,13.0,1.0,14.0,12.0,Ascendant,3.0,246.2,0.0,2.0,0.0,2.0,13.0,1,0,4
ebfb9586-f940-456a-a786-1d91c90a6233,Summit,14.0,1.0,11.0,11.0,Ascendant,3.0,188.579,0.0,3.0,1.0,13.0,6.0,1,0,4
32beaef9-a674-4e8f-a42b-c78e2f2bb5b3,Split,21.0,0.0,21.0,20.0,Ascendant,3.0,217.038,2.0,4.0,0.0,12.0,14.0,0,0,4
bae3388f-f04a-47d8-96c6-649a9b7df957,Abyss,16.0,2.0,20.0,11.0,Ascendant,3.0,143.464,0.0,5.0,0.0,13.0,15.0,1,0,4
929cae2f-1909-49d2-bdc8-eb6f962733bb,Abyss,27.0,2.0,20.0,20.0,Ascendant,3.0,275.346,5.0,2.0,1.0,14.0,12.0,1,0,4
e200e252-5a6c-409f-aa7f-f7bd1c81acbf,Split,24.0,3.0,15.0,18.0,Radiant,,319.238,6.0,4.0,1.0,13.0,8.0,1,0,4
bd9b828a-14ea-4ce9-af50-4ddd1211597f,Haven,21.0,2.0,14.0,19.0,Radiant,,288.762,4.0,0.0,1.0,13.0,8.0,0,0,4
2c00c11e-859e-4788-a512-73d92dfa01a1,Pearl,17.0,4.0,13.0,14.0,Immortal,1.0,232.632,2.0,0.0,1.0,13.0,6.0,1,1,3
cc9337b0-9f85-47e0-8f00-ab921ec84234,Split,16.0,2.0,19.0,12.0,Ascendant,3.0,242.6,6.0,5.0,0.0,7.0,13.0,0,1,3
41308905-83bd-4230-b597-12d0e8d049e3,Haven,24.0,5.0,25.0,26.0,Ascendant,3.0,267.192,8.0,7.0,0.0,12.0,14.0,0,2,2
0f844291-28a0-4b79-b002-6f6e0d996128,Summit,17.0,0.0,16.0,17.0,Ascendant,3.0,208.545,1.0,4.0,0.0,9.0,13.0,0,1,3
5501288c-64a8-44d0-a9c4-4f98a2fcf0f1,Lotus,10.0,2.0,18.0,10.0,Ascendant,3.0,151.619,4.0,3.0,1.0,13.0,8.0,0,2,2
f943f21d-b51f-4784-99fc-8e4a95913d88,Sunset,32.0,2.0,24.0,27.0,Immortal,1.0,344.577,2.0,2.0,1.0,14.0,12.0,1,1,3
64c06ae6-0eff-47e2-9385-9baa0fca7357,Lotus,14.0,9.0,11.0,12.0,Immortal,1.0,267.0,2.0,1.0,2.0,13.0,2.0,0,1,3
ea6cbb18-92b7-44b1-a19d-cdc3fe22a7c8,Breeze,21.0,7.0,8.0,18.0,Ascendant,3.0,329.125,0.0,0.0,3.0,13.0,3.0,0,2,2
b32107b3-2866-493c-b350-21694b7f8407,Ascent,16.0,7.0,21.0,14.0,Ascendant,3.0,258.3,1.0,3.0,0.0,7.0,13.0,1,2,2
e09bbf59-c395-46d8-8958-8964a57223a2,Ascent,14.0,0.0,18.0,6.0,Ascendant,3.0,184.318,3.0,3.0,0.0,9.0,13.0,0,2,2
7cbfc539-cd4d-4348-ab84-f8f2e8e3337c,Breeze,14.0,3.0,9.0,11.0,Immortal,1.0,191.263,2.0,1.0,1.0,13.0,6.0,0,3,1
37c53077-75fa-45d7-ad0a-172f1d4aee4a,Haven,14.0,2.0,11.0,6.0,Immortal,1.0,217.389,7.0,2.0,2.0,13.0,5.0,0,3,1
825282f1-2e30-472b-a7bc-04d00a3d3e1f,Split,13.0,2.0,17.0,12.0,Immortal,1.0,192.421,1.0,3.0,0.0,6.0,13.0,0,1,3
b67f9298-cbfc-4d35-a923-b166ea48698f,Lotus,14.0,5.0,20.0,13.0,Immortal,2.0,245.167,5.0,1.0,0.0,5.0,13.0,1,2,2
8d8d4cd2-4ab3-484b-817a-cfb1c466f29c,Breeze,24.0,1.0,22.0,25.0,Immortal,1.0,253.923,8.0,7.0,1.0,14.0,12.0,0,3,1
deee4a74-fa60-4c04-b788-6b4621d079d4,Split,20.0,2.0,23.0,19.0,Immortal,2.0,254.87,3.0,3.0,0.0,10.0,13.0,1,1,3
afec832a-736a-4e91-b244-47093a8acd55,Split,28.0,3.0,14.0,20.0,Immortal,2.0,390.9,5.0,1.0,1.0,13.0,7.0,0,0,4
cf71297f-8f46-40e3-85c1-2ff0741b7bd9,Ascent,8.0,4.0,19.0,3.0,Immortal,2.0,117.182,4.0,7.0,0.0,9.0,13.0,0,1,3
d4dfce0d-f218-4427-9ab7-d0a829947f02,Lotus,39.0,8.0,18.0,33.0,Immortal,2.0,473.125,4.0,1.0,1.0,13.0,11.0,0,1,3
8fa3a08f-8ebd-45c3-a5e3-cae872030f14,Split,16.0,4.0,19.0,15.0,Immortal,2.0,235.6,1.0,4.0,0.0,7.0,13.0,0,1,3
c021ea7a-d277-41e3-acf7-56b0c0f3b3ea,Summit,26.0,4.0,18.0,26.0,Immortal,2.0,363.286,1.0,3.0,0.0,8.0,13.0,0,0,4
e0b175ce-3ca8-4a77-9ccf-3c86a68f0b6c,Ascent,19.0,5.0,16.0,17.0,Immortal,3.0,259.238,2.0,3.0,1.0,13.0,8.0,0,3,1
a87a41d1-2b9a-4c2a-a598-20b911204284,Ascent,16.0,2.0,18.0,12.0,Immortal,3.0,212.714,3.0,2.0,0.0,8.0,13.0,1,3,1
eb03023f-91a1-4154-b68d-5e2b3f858fac,Sunset,15.0,3.0,21.0,8.0,Immortal,3.0,190.435,5.0,7.0,0.0,10.0,13.0,0,2,2
7c765e0d-ec2b-4681-840e-a76e4c06ebfd,Split,23.0,2.0,20.0,20.0,Radiant,,333.45,8.0,5.0,0.0,7.0,13.0,1,2,2
e2b69725-fa94-4615-b15d-05a6a0cd2fa7,Lotus,18.0,7.0,11.0,19.0,Radiant,,345.312,4.0,2.0,1.0,13.0,3.0,1,2,2
b528e4ae-4b2d-4780-8d1f-3586014484db,Ascent,34.0,2.0,10.0,25.0,Immortal,3.0,516.588,3.0,0.0,2.0,13.0,4.0,1,2,2
bd11326b-991c-48f4-a471-3cd9191a23f6,Sunset,16.0,2.0,16.0,15.0,Immortal,3.0,207.143,1.0,2.0,3.0,13.0,8.0,0,1,3
8de42a4a-57ee-4e18-a72b-03bab29a4615,Breeze,14.0,0.0,15.0,11.0,Radiant,,177.1,2.0,3.0,0.0,7.0,13.0,0,0,4
8dc6b5c0-4102-478c-9231-86bcdce44eb0,Breeze,20.0,4.0,18.0,17.0,Radiant,,239.667,4.0,6.0,0.0,11.0,13.0,1,1,3
5ea79007-7c99-4dff-b9cf-ab41585cc98a,Ascent,25.0,4.0,24.0,18.0,Radiant,,289.769,6.0,9.0,1.0,14.0,12.0,1,1,3
3b6ef208-100f-4e5f-9342-a3dfc62caa99,Summit,20.0,3.0,18.0,16.0,Radiant,,295.778,7.0,2.0,2.0,13.0,5.0,0,1,3
960dee36-fb1a-4dc1-b1b0-9cb1a086dcb9,Summit,20.0,6.0,25.0,18.0,Radiant,,225.615,2.0,1.0,1.0,14.0,12.0,0,1,3
011683d7-af84-401c-8407-5b8be7238e47,Split,16.0,7.0,18.0,13.0,Radiant,,217.909,0.0,2.0,0.0,9.0,13.0,0,1,3
2be77430-2e2a-4d9d-a1c7-dc03df558284,Ascent,21.0,14.0,22.0,20.0,Radiant,,270.75,4.0,4.0,1.0,13.0,11.0,1,1,3
38f94f12-5d81-49f2-8f9d-bcce073c5d98,Haven,16.0,4.0,16.0,18.0,Radiant,,234.3,3.0,4.0,0.0,7.0,13.0,0,1,3
5056d19e-dc61-4acd-8f9e-3c3dbb1f3bae,Split,12.0,4.0,18.0,11.0,Radiant,,203.222,5.0,7.0,0.0,5.0,13.0,1,1,3
114b2515-70e3-456e-9c03-fb17133b81fd,Ascent,20.0,6.0,23.0,15.0,Radiant,,197.5,2.0,7.0,1.0,14.0,12.0,1,1,3
955cd846-9414-45e7-b39a-37db9c0872eb,Breeze,25.0,1.0,14.0,22.0,Radiant,,355.684,2.0,1.0,1.0,13.0,6.0,1,1,3
7f229612-4dc9-4c65-9488-fef78a3ad3a6,Breeze,19.0,7.0,15.0,22.0,Radiant,,302.579,4.0,1.0,2.0,13.0,6.0,1,1,3
b78e438a-7251-4cd4-b24e-6e988611567a,Lotus,16.0,2.0,23.0,13.0,Radiant,,189.25,3.0,6.0,1.0,13.0,11.0,1,0,4
d01f0ec2-d346-434d-973e-c6bb9cd9e793,Summit,16.0,5.0,14.0,4.0,Radiant,,206.591,0.0,2.0,2.0,13.0,9.0,0,0,4
6b1a8866-dee1-4794-a2bb-09a75d04d165,Haven,22.0,3.0,23.0,19.0,Radiant,,270.739,6.0,3.0,3.0,13.0,10.0,1,1,3
c236fd4e-49b4-456f-9bb4-0ffbda115bbe,Sunset,15.0,8.0,17.0,13.0,Radiant,,214.905,2.0,1.0,0.0,8.0,13.0,0,1,3
0e3cf8a6-83b4-4bef-bd11-6686d3921e10,Haven,24.0,2.0,15.0,19.0,Radiant,,275.435,2.0,3.0,1.0,13.0,10.0,0,1,3
178a7f12-a002-47a4-bcb1-355a19c46df7,Breeze,15.0,5.0,19.0,16.0,Radiant,,199.955,1.0,2.0,2.0,13.0,9.0,0,1,3
5595a3a9-26d0-4b46-8c9f-582947cd95eb,Lotus,14.0,3.0,16.0,12.0,Radiant,,195.619,1.0,5.0,3.0,13.0,8.0,0,1,3
63a2a886-3ff2-4e70-82fa-eae42f28c2a3,Split,20.0,5.0,10.0,19.0,Radiant,,272.1,1.0,1.0,4.0,13.0,7.0,0,2,2
8a91fe82-ad6b-4ac3-b57d-6dd5c6a8bca4,Sunset,18.0,5.0,20.0,18.0,Radiant,,276.0,6.0,2.0,1.0,13.0,6.0,1,1,3
49e8cbec-49eb-492f-bf25-ac3f73d2b8f1,Lotus,14.0,0.0,19.0,9.0,Radiant,,176.5,5.0,8.0,2.0,13.0,9.0,0,1,3
f228c4e1-db55-4a28-a588-cfc48de26b65,Sunset,19.0,6.0,20.0,15.0,Radiant,,259.1,2.0,4.0,3.0,13.0,7.0,1,1,3
dde3dbd5-78ec-42a4-91cd-55b83de9d104,Split,20.0,5.0,14.0,17.0,Radiant,,231.826,0.0,3.0,0.0,10.0,13.0,0,1,3
1c5fb050-1bfd-4743-a828-8400e4e3372c,Lotus,15.0,1.0,17.0,11.0,Radiant,,171.174,1.0,1.0,0.0,10.0,13.0,0,1,3
2ba2e8e0-0894-435e-9abd-676d14af45d3,Split,16.0,3.0,17.0,12.0,Radiant,,209.0,2.0,2.0,0.0,7.0,13.0,0,1,3
3456bd8e-2614-4379-8748-d6172d9a21b5,Summit,22.0,4.0,23.0,22.0,Radiant,,273.364,3.0,4.0,0.0,9.0,13.0,1,1,3
564247bc-c67b-4298-b598-f4fc855a9b2c,Ascent,22.0,3.0,18.0,19.0,Radiant,,300.238,7.0,5.0,0.0,8.0,13.0,0,1,3
d38c1693-511c-4227-bb81-da72e8536028,Summit,9.0,2.0,14.0,9.0,Radiant,,168.125,2.0,5.0,0.0,3.0,13.0,0,1,3
b5dd0f37-b4cd-416f-aea6-3e8828c61c8c,Breeze,22.0,1.0,17.0,20.0,Radiant,,278.304,4.0,5.0,1.0,13.0,10.0,0,1,3
6442ca29-93d0-459a-aaf8-336ab550e716,Split,17.0,1.0,20.0,15.0,Radiant,,244.579,2.0,2.0,0.0,6.0,13.0,1,1,3
d46afe82-9022-4018-a461-9ffe21a285a3,Breeze,22.0,4.0,18.0,21.0,Radiant,,289.091,7.0,4.0,0.0,9.0,13.0,0,1,3
7e868a74-caa7-4840-a4bd-1aa361c919ac,Sunset,27.0,4.0,23.0,22.0,Radiant,,337.364,4.0,3.0,0.0,9.0,13.0,1,1,3
84f0afea-fe7e-4526-a8f0-89717c32f778,Summit,29.0,5.0,10.0,20.0,Radiant,,471.882,6.0,0.0,1.0,13.0,4.0,1,1,3
5d33b447-2552-447d-8cdf-1953aa6ea4f9,Lotus,28.0,5.0,20.0,29.0,Radiant,,343.87,3.0,2.0,2.0,13.0,10.0,1,1,3
41c52e80-4087-45d8-93e2-67cf617e6460,Sunset,9.0,5.0,18.0,6.0,Radiant,,161.944,0.0,4.0,0.0,5.0,13.0,1,1,3
14705fba-0e47-484d-bee7-900aee362586,Ascent,17.0,3.0,10.0,16.0,Radiant,,272.059,4.0,3.0,1.0,13.0,4.0,0,1,3
0b59d67e-ac9d-47b7-b8f9-e4cfc60f1122,Lotus,19.0,6.0,23.0,15.0,Radiant,,243.917,5.0,5.0,0.0,11.0,13.0,1,1,3
48df3eea-0357-4091-a8a4-c08fa02e09cc,Haven,35.0,2.0,24.0,24.0,Radiant,,291.031,4.0,2.0,0.0,16.0,16.0,0,1,3
af449999-1c6a-45fa-ad7d-4a3945c19ffb,Lotus,23.0,5.0,13.0,20.0,Radiant,,383.0,5.0,2.0,1.0,13.0,4.0,0,1,3
a34800c6-a924-43e5-9382-a3510e39292c,Breeze,15.0,7.0,20.0,12.0,Radiant,,186.542,1.0,2.0,2.0,13.0,11.0,1,1,3
74276588-ea67-452b-95d7-c768ba3887f7,Haven,22.0,6.0,13.0,19.0,Radiant,,325.158,1.0,3.0,3.0,13.0,6.0,1,1,3
844838ad-510d-46b0-8f59-ebe20630035d,Lotus,24.0,16.0,22.0,23.0,Radiant,,272.857,5.0,2.0,4.0,15.0,13.0,0,0,4
4f7ff6f9-23ac-4935-ba33-57c4ac3604a0,Sunset,17.0,0.0,12.0,14.0,Radiant,,239.842,2.0,4.0,5.0,13.0,6.0,0,0,4
d0aed9e4-2cdf-4750-b805-760d053f98b4,Sunset,21.0,4.0,20.0,21.0,Radiant,,287.762,3.0,4.0,1.0,13.0,8.0,0,1,3
0c62f603-da94-4e85-be4d-7cf735a0e154,Ascent,10.0,4.0,17.0,8.0,Radiant,,167.526,6.0,5.0,2.0,13.0,6.0,1,1,3
012953f4-d5d8-4413-84e7-0d1c000a2bbb,Split,29.0,9.0,23.0,26.0,Radiant,,366.083,3.0,2.0,3.0,13.0,11.0,0,1,3
a0542c81-f0a9-4578-bf79-2300303bc8f0,Lotus,11.0,5.0,16.0,12.0,Radiant,,186.263,4.0,2.0,0.0,6.0,13.0,0,0,4
1f1d607d-681b-4295-b8c2-3cbb66ffa2e1,Sunset,23.0,1.0,17.0,18.0,Radiant,,313.524,10.0,6.0,1.0,13.0,8.0,1,0,4
cd4a6808-6f4d-426d-a7fd-c44802c9be64,Split,6.0,2.0,14.0,6.0,Radiant,,113.562,0.0,2.0,0.0,3.0,13.0,0,1,3
fc822a54-83a7-42e3-b99c-8fd161a4b4ed,Summit,16.0,6.0,19.0,15.0,Radiant,,238.667,0.0,4.0,0.0,8.0,13.0,1,1,3
2f49ca4a-df40-4d8e-9c63-3e8ed6516919,Haven,19.0,1.0,20.0,16.0,Radiant,,238.4,3.0,2.0,1.0,13.0,7.0,1,1,3
a394f704-db60-4bb7-859b-f226a1631083,Haven,17.0,1.0,16.0,14.0,Radiant,,231.7,5.0,4.0,0.0,7.0,13.0,0,1,3
24ed84fe-f788-46cf-b75d-06ca1565d3ea,Sunset,11.0,4.0,18.0,9.0,Radiant,,193.0,2.0,4.0,0.0,4.0,13.0,1,1,3
0993c33f-b254-4c76-ab56-7a5bde651bd1,Lotus,36.0,8.0,23.0,34.0,Radiant,,400.346,6.0,4.0,0.0,12.0,14.0,1,1,3
6a52c4d4-5dec-48ec-882e-c114151a1c97,Ascent,12.0,5.0,21.0,9.0,Radiant,,162.864,2.0,2.0,0.0,9.0,13.0,1,1,3
febbe708-8b31-4104-a151-2bcbd2ae217d,Breeze,27.0,7.0,22.0,20.0,Radiant,,329.957,5.0,1.0,0.0,10.0,13.0,1,1,3
d939ed52-3b88-46df-aebc-78e2d4a78384,Summit,15.0,1.0,18.0,13.0,Radiant,,220.15,4.0,7.0,0.0,7.0,13.0,0,0,4
ae380267-2946-410e-98a3-8a3e89f61d66,Split,27.0,6.0,19.0,27.0,Radiant,,351.045,5.0,2.0,1.0,13.0,9.0,1,0,4
441915c4-2f3a-44f7-aad6-2db32ad79820,Ascent,25.0,3.0,25.0,16.0,Radiant,,237.633,5.0,7.0,1.0,16.0,14.0,0,1,3
d232facb-58b7-4448-968c-923823bb04fb,Lotus,25.0,7.0,20.0,26.0,Radiant,,314.826,4.0,2.0,2.0,13.0,10.0,1,1,3
b9b670ea-96ae-4e5d-9359-526db299b545,Split,17.0,9.0,18.0,16.0,Radiant,,233.905,3.0,4.0,1.0,13.0,8.0,1,1,3
321393d6-af91-47ed-98f6-a8b4a91a2955,Lotus,31.0,3.0,22.0,24.0,Radiant,,321.154,4.0,3.0,0.0,12.0,14.0,1,4,0
b5dfd4eb-ad1c-4090-8b14-61e55197fddb,Sunset,29.0,7.0,25.0,31.0,Radiant,,374.174,7.0,4.0,1.0,13.0,10.0,1,1,3
dc9e62c7-b6a0-4b59-bc96-d7fbf8a08199,Ascent,26.0,7.0,22.0,23.0,Radiant,,281.885,4.0,1.0,1.0,14.0,12.0,0,1,3
1506c76c-faa2-41d6-a16d-c9680adef7b7,Summit,23.0,1.0,22.0,21.0,Radiant,,276.333,9.0,5.0,1.0,13.0,11.0,0,1,3
a42b5f96-90e1-4fed-8741-a3c1772bb43d,Lotus,16.0,4.0,21.0,15.0,Radiant,,245.619,3.0,5.0,2.0,13.0,8.0,1,1,3
265a83f9-97a2-470e-b8e8-84fcf867f8f2,Split,17.0,1.0,18.0,10.0,Radiant,,201.45,2.0,5.0,3.0,13.0,7.0,1,1,3
29180234-eaf7-4082-ae43-7de084f90c2f,Lotus,16.0,3.0,18.0,13.0,Radiant,,257.95,5.0,4.0,0.0,7.0,13.0,0,1,3
48548c54-5541-42b7-9ee4-10fd058fc764,Sunset,14.0,3.0,13.0,12.0,Radiant,,249.938,4.0,0.0,0.0,3.0,13.0,0,1,3
05117f46-ee98-4f40-a697-e8f12697e31a,Sunset,23.0,5.0,14.0,23.0,Radiant,,300.81,5.0,2.0,1.0,13.0,8.0,0,1,3
b026e283-104a-4a63-bc17-6ba94f194939,Ascent,29.0,3.0,14.0,25.0,Radiant,,374.952,7.0,1.0,2.0,13.0,8.0,1,1,3
143750dd-1292-41cc-87de-a67a8382045a,Breeze,21.0,4.0,12.0,17.0,Radiant,,324.833,6.0,2.0,3.0,13.0,5.0,1,1,3
15f4289d-cb76-40db-b07c-9318729526ee,Lotus,26.0,8.0,20.0,23.0,Radiant,,310.783,2.0,3.0,1.0,13.0,10.0,0,1,3
45009df7-ba1a-4456-8d15-50c56275d97e,Haven,9.0,2.0,15.0,8.0,Radiant,,170.312,3.0,5.0,0.0,3.0,13.0,1,1,3
78a79b3d-fb3f-4da5-9568-6b161ba94871,Lotus,14.0,4.0,16.0,11.0,Radiant,,231.632,3.0,2.0,0.0,6.0,13.0,1,1,3
e683ce5b-aed6-4bfd-9483-c5669ff93641,Haven,13.0,4.0,15.0,15.0,Radiant,,211.235,0.0,1.0,0.0,4.0,13.0,0,1,3
ffbc5cea-46c9-4c2a-9fc9-603fe829a4d0,Sunset,35.0,6.0,21.0,32.0,Radiant,,402.654,6.0,5.0,0.0,12.0,14.0,0,1,3
e8549627-65b7-4630-991b-8c30ae002494,Lotus,12.0,4.0,21.0,10.0,Radiant,,200.737,2.0,5.0,0.0,6.0,13.0,0,2,2
603de550-7966-4c29-b573-1cd26d7955db,Ascent,26.0,10.0,16.0,23.0,Radiant,,355.524,1.0,1.0,1.0,13.0,8.0,0,3,1
6b515da3-3f1a-4c8e-aea9-ab73f397addf,Split,10.0,0.0,6.0,8.0,Radiant,,177.429,3.0,0.0,2.0,7.0,1.0,1,3,1
64405b0f-5c14-4229-b918-e0626878d80a,Breeze,25.0,3.0,14.0,15.0,Radiant,,318.619,2.0,6.0,1.0,13.0,8.0,1,0,4
2f380633-5f0b-4e8f-a23d-468c9ada2463,Ascent,24.0,3.0,18.0,22.0,Radiant,,316.273,4.0,1.0,0.0,9.0,13.0,1,1,3
447f4b5a-d0ce-43b4-855b-3ac3566379d9,Sunset,10.0,5.0,19.0,8.0,Radiant,,118.682,1.0,4.0,0.0,9.0,13.0,0,1,3
c60f2444-851a-4abd-95d4-19f4a253cf37,Haven,18.0,1.0,15.0,11.0,Radiant,,255.15,2.0,1.0,1.0,13.0,7.0,1,1,3
27acf896-09a9-470a-84e2-56a108dcc0d8,Summit,33.0,7.0,26.0,29.0,Radiant,,378.0,2.0,5.0,2.0,14.0,12.0,0,1,3
caeee2be-9ce7-464b-922a-d12652c8936c,Lotus,15.0,5.0,18.0,14.0,Radiant,,227.944,1.0,2.0,0.0,5.0,13.0,1,0,4
e1c89722-e5dd-4085-9af8-a329856c1449,Haven,34.0,3.0,22.0,28.0,Radiant,,382.875,5.0,0.0,1.0,13.0,11.0,1,0,4
2ec2ad22-8778-422d-874d-cee04a15e962,Haven,9.0,1.0,17.0,9.0,Radiant,,147.444,1.0,5.0,0.0,5.0,13.0,1,1,3
48b1f5e4-946e-418d-b971-6760fe302882,Breeze,27.0,5.0,24.0,23.0,Radiant,,319.792,5.0,4.0,1.0,13.0,11.0,1,1,3
509f3c1f-4d09-4fdb-a918-31efe81e474f,Sunset,34.0,4.0,15.0,30.0,Radiant,,460.0,6.0,1.0,2.0,13.0,7.0,1,1,3
945c3350-7d45-43d1-b54b-c964d42e290d,Lotus,9.0,4.0,16.0,8.0,Radiant,,162.059,4.0,8.0,0.0,4.0,13.0,1,0,4
6fda3a25-6a93-40a2-ba0f-5aeec9ea0917,Ascent,18.0,9.0,25.0,16.0,Radiant,,208.192,2.0,3.0,0.0,12.0,14.0,1,0,4
e7474105-2da7-48cd-8b55-f0f04388c13f,Breeze,14.0,4.0,20.0,11.0,Radiant,,203.818,3.0,7.0,0.0,9.0,13.0,0,0,4
50254536-69e3-4930-966d-c528c2006575,Sunset,30.0,3.0,10.0,24.0,Radiant,,450.611,4.0,1.0,1.0,13.0,5.0,0,0,4
e766edac-bcb0-4729-8695-d7040a0a6b63,Summit,14.0,3.0,16.0,12.0,Radiant,,218.889,3.0,6.0,0.0,5.0,13.0,0,1,3
23eba64d-909b-4b3f-b804-027930fa02a4,Breeze,24.0,6.0,13.0,12.0,Radiant,,365.833,3.0,0.0,1.0,13.0,5.0,1,1,3
a46418ef-fbd7-4600-bdaf-77e6e0ba4274,Lotus,20.0,3.0,20.0,18.0,Radiant,,257.136,5.0,3.0,2.0,13.0,9.0,0,1,3
403d6d1f-1492-4dd9-862f-e93aab907131,Sunset,8.0,10.0,23.0,10.0,Radiant,,115.417,1.0,6.0,0.0,11.0,13.0,1,2,2
0d4dc368-1ae7-4d36-85e0-b3691f137ade,Haven,9.0,3.0,15.0,8.0,Radiant,,173.176,4.0,2.0,0.0,4.0,13.0,1,1,3
14211ab2-5f33-4f9a-b271-295994ddb391,Ascent,23.0,0.0,20.0,15.0,Radiant,,275.217,9.0,3.0,1.0,13.0,10.0,1,3,1
3321d494-bb58-48ce-b0f6-37cdd034e756,Ascent,16.0,4.0,20.0,15.0,Radiant,,208.522,6.0,9.0,0.0,10.0,13.0,0,2,2
e341212e-7eb5-4007-9693-d8fb53da7c57,Breeze,15.0,8.0,16.0,7.0,Radiant,,189.05,0.0,1.0,1.0,13.0,7.0,0,4,0
998e5839-b9a0-4888-8404-5adfc243503f,Summit,14.0,2.0,11.0,10.0,Radiant,,296.071,5.0,2.0,1.0,13.0,1.0,1,2,2
4f17f9e2-48dd-496a-aa7d-5075a75eb348,Breeze,16.0,4.0,19.0,13.0,Immortal,1.0,221.762,5.0,2.0,0.0,8.0,13.0,0,0,4
76b07473-595d-4790-b34a-fb86e33c4e15,Haven,23.0,6.0,23.0,20.0,Radiant,,288.565,4.0,3.0,1.0,13.0,10.0,1,2,2
3d97998f-6bd8-412d-9a53-1ada1810e202,Abyss,11.0,4.0,16.0,10.0,Unrated,,177.444,5.0,5.0,1.0,13.0,5.0,1,1,3
eaae9909-1ea8-4bf4-88f6-cf43d5d88100,Split,10.0,3.0,23.0,8.0,Immortal,2.0,118.043,0.0,4.0,0.0,10.0,13.0,1,1,3
56cc2d9a-8a04-440f-b289-e71ad693adec,Lotus,14.0,8.0,13.0,11.0,Immortal,2.0,198.667,1.0,2.0,1.0,13.0,8.0,0,1,3
1780981c-b2b0-45c0-9f9e-9c2c8694fc85,Haven,26.0,8.0,22.0,20.0,Immortal,2.0,311.708,3.0,2.0,2.0,13.0,11.0,1,1,3
611daee5-87f2-4002-93a1-fd13195b3052,Lotus,21.0,6.0,14.0,18.0,Immortal,2.0,339.556,3.0,1.0,1.0,13.0,5.0,1,1,3
041d7e3f-261c-499e-813f-40b69b6f056d,Split,10.0,1.0,16.0,8.0,Immortal,3.0,169.647,3.0,2.0,0.0,4.0,13.0,0,1,3
083cd8ae-3a1d-4254-a83c-062e08333ff3,Summit,12.0,2.0,14.0,10.0,Immortal,3.0,201.5,0.0,2.0,0.0,3.0,13.0,1,1,3
dfd77edb-f253-4c97-93a1-adb8c7620e71,Haven,14.0,5.0,22.0,11.0,Immortal,3.0,175.652,1.0,5.0,0.0,10.0,13.0,0,1,3
f9b8e881-01ca-4e41-827d-4acd07b79dae,Ascent,2.0,4.0,5.0,1.0,Immortal,3.0,46.786,1.0,1.0,1.0,5.0,1.0,0,1,3
e2016498-9810-4093-989d-871bb24500cc,Abyss,21.0,2.0,15.0,18.0,Immortal,3.0,279.19,1.0,5.0,0.0,8.0,13.0,0,1,3
6adf865e-9662-44e4-9ff6-0b6f722b958b,Split,29.0,7.0,17.0,28.0,Immortal,3.0,372.5,1.0,2.0,1.0,13.0,9.0,1,0,4
9b278b85-11fe-467a-9168-fdc408b56e8c,Haven,26.0,1.0,23.0,11.0,Immortal,3.0,251.357,4.0,4.0,2.0,15.0,13.0,0,0,4
283ff97b-13ab-4c51-8bfc-972972c242ed,Ascent,18.0,7.0,22.0,16.0,Radiant,,230.696,2.0,6.0,0.0,10.0,13.0,1,1,3
0eb6b21a-c588-419a-bb87-b0f44ddbe98a,Lotus,9.0,3.0,17.0,7.0,Radiant,,133.579,0.0,3.0,0.0,6.0,13.0,0,1,3
18f6481b-26f3-4846-820a-6de4d54a53e3,Summit,13.0,2.0,12.0,9.0,Radiant,,176.0,2.0,4.0,1.0,13.0,7.0,1,1,3
a73efb11-26a2-4141-8603-6f24d63fdcaf,Haven,21.0,5.0,20.0,17.0,Immortal,3.0,259.913,7.0,4.0,2.0,13.0,10.0,1,1,3
8f5439d1-244f-4aab-acf7-469691c0c0fe,Sunset,23.0,5.0,14.0,19.0,Radiant,,381.294,2.0,2.0,1.0,13.0,4.0,0,1,3
93c27747-8fff-420d-903b-ef1f4c6e86c7,Sunset,18.0,5.0,21.0,19.0,Radiant,,254.81,2.0,3.0,2.0,13.0,8.0,0,1,3
b59b2454-cc38-4118-b0f0-9f3410ddcede,Haven,9.0,3.0,18.0,10.0,Radiant,,155.211,1.0,4.0,0.0,6.0,13.0,0,1,3
baae2e26-6c65-4c87-a8be-2e5dc44fa04b,Ascent,10.0,12.0,16.0,12.0,Radiant,,189.556,2.0,1.0,1.0,13.0,5.0,1,1,3
73e4ca89-fcdc-4180-9413-b17e1b9c076f,Summit,10.0,0.0,16.0,6.0,Radiant,,131.5,2.0,5.0,0.0,7.0,13.0,0,0,4
2894e12a-e2a5-42c1-afae-93ab4f310de7,Abyss,21.0,3.0,20.0,15.0,Radiant,,230.769,5.0,10.0,0.0,12.0,14.0,0,0,4
dad0f784-f67c-4358-8c87-eeed9ccab328,Haven,22.0,2.0,17.0,18.0,Radiant,,298.667,7.0,6.0,1.0,13.0,8.0,0,0,4
a7b7baa3-a072-42ef-bc22-e992817f74a1,Ascent,15.0,7.0,16.0,14.0,Radiant,,184.762,3.0,3.0,1.0,13.0,8.0,1,0,4
d50f7a63-57b9-4fdf-9510-e734d072ba55,Split,10.0,4.0,20.0,10.0,Radiant,,162.95,3.0,2.0,0.0,7.0,13.0,1,2,2
413e0dd7-f0df-42cd-b049-d2bc4a1dc35b,Sunset,25.0,6.0,21.0,22.0,Radiant,,311.565,6.0,4.0,0.0,10.0,13.0,1,1,3
3b12f764-ddad-40b4-affc-2bd111b641c7,Haven,25.0,7.0,15.0,21.0,Radiant,,357.421,3.0,0.0,1.0,13.0,6.0,1,1,3
6c567fcc-543e-4929-ab0b-608ec98ff486,Ascent,33.0,17.0,20.0,27.0,Radiant,,415.455,2.0,0.0,2.0,13.0,9.0,1,1,3
29f3e34f-3c6a-40e0-bf69-7fad9a9ab5a4,Split,11.0,0.0,17.0,11.0,Radiant,,217.467,0.0,4.0,0.0,2.0,13.0,1,1,3
2df47a20-1fec-4ccc-b73b-31f733972825,Abyss,12.0,2.0,15.0,11.0,Radiant,,244.071,1.0,1.0,0.0,1.0,13.0,1,1,3
db56099c-8a7e-4bb8-a5d9-7df7a73b8066,Haven,11.0,2.0,14.0,7.0,Diamond,2.0,173.167,2.0,4.0,0.0,5.0,13.0,1,2,2
69a933b5-c383-4f33-ac6f-a8560d04c211,Split,18.0,5.0,9.0,15.0,Diamond,2.0,279.842,4.0,2.0,1.0,13.0,6.0,1,2,2
f641bbff-3640-4ff5-8058-bb1f81922fcb,Pearl,27.0,4.0,23.0,15.0,Diamond,2.0,281.357,4.0,0.0,2.0,15.0,13.0,1,2,2
72fad432-23ad-4f04-9ddb-83f28e5d46a3,Lotus,23.0,8.0,17.0,18.0,Diamond,2.0,281.565,0.0,1.0,0.0,10.0,13.0,0,2,2
b06012a7-07e5-4f9a-b0e6-c8d32ab2909a,Fracture,10.0,2.0,16.0,6.0,Diamond,2.0,139.35,0.0,2.0,0.0,7.0,13.0,0,2,2
3b5629d4-9f72-457a-bebd-eac15547e371,Breeze,20.0,5.0,13.0,14.0,Diamond,1.0,262.048,3.0,1.0,0.0,8.0,13.0,1,1,3
e2c33620-d00b-4b76-879c-bca10b6d0aba,Ascent,20.0,5.0,8.0,8.0,Diamond,1.0,314.0,4.0,1.0,1.0,13.0,5.0,1,1,3
1fa4bd8a-49ca-4971-8bae-213e0f161dba,Summit,14.0,6.0,19.0,11.0,Diamond,1.0,176.739,1.0,2.0,0.0,10.0,13.0,1,1,3
775f7857-832f-4144-92c6-97f0af2e2a69,Summit,13.0,5.0,15.0,8.0,Diamond,1.0,176.478,2.0,2.0,0.0,10.0,13.0,1,2,2
d7329c62-3ee5-48fb-a6b4-222656db3c2a,Summit,12.0,17.0,12.0,4.0,Unrated,,194.905,4.0,0.0,1.0,13.0,8.0,1,0,4
b819b025-b096-4479-8117-350f12826579,Ascent,17.0,5.0,15.0,10.0,Unrated,,211.565,3.0,0.0,1.0,13.0,10.0,0,0,4
4540a346-f184-4583-9f42-10fd9ef331b6,Sunset,15.0,14.0,15.0,6.0,Unrated,,202.208,3.0,3.0,1.0,13.0,11.0,0,0,4
c463cb0c-7efa-490e-80e2-43eff65d6e17,Lotus,5.0,3.0,13.0,4.0,Silver,1.0,90.059,0.0,2.0,0.0,4.0,13.0,0,1,3
2d8c4897-993a-45ac-ae82-62768a2fd09f,Ascent,15.0,3.0,14.0,3.0,Silver,1.0,217.278,1.0,2.0,0.0,5.0,13.0,0,1,3
2f311431-21f8-42d8-98e1-3c41f4d1d323,Summit,7.0,2.0,14.0,1.0,Silver,1.0,135.294,1.0,0.0,0.0,4.0,13.0,1,1,3
9c42fce5-1194-4f5b-aa5d-4d7f1f866386,Breeze,17.0,8.0,19.0,3.0,Silver,1.0,197.071,2.0,3.0,1.0,15.0,13.0,0,1,3
c5d408bf-9eaf-4b55-8906-6a395bf3b84b,Split,17.0,3.0,16.0,9.0,Silver,1.0,198.609,2.0,1.0,0.0,10.0,13.0,1,1,3
c4b954f5-9abf-4c31-9490-c1301f693b7c,Haven,11.0,3.0,14.0,9.0,Silver,1.0,181.05,0.0,3.0,0.0,7.0,13.0,1,1,3
3669f078-43b5-4f54-b9ee-33370a6c46b4,Summit,11.0,3.0,19.0,5.0,Silver,1.0,132.522,1.0,5.0,0.0,10.0,13.0,0,1,3
8e1b7304-6c06-4531-99f5-d7cc7a04db90,Breeze,12.0,3.0,10.0,1.0,Silver,1.0,157.35,0.0,2.0,1.0,13.0,7.0,0,1,3
cacbbaa7-690f-4e3d-abe3-266d64d422b4,Ascent,17.0,5.0,11.0,5.0,Silver,1.0,232.6,1.0,0.0,2.0,13.0,7.0,1,0,4
1f35c346-5707-43aa-a224-9ada1cb3c795,Breeze,16.0,0.0,11.0,2.0,Silver,1.0,207.15,2.0,0.0,1.0,13.0,7.0,0,0,4
29e827ad-1d9b-4ed7-95b3-0a12524a9f17,Ascent,9.0,6.0,14.0,5.0,Silver,1.0,173.471,2.0,0.0,0.0,4.0,13.0,1,1,3
a7ee8591-2e49-4fd3-aab7-04fb47ecf670,Lotus,14.0,2.0,16.0,8.0,Silver,1.0,234.632,2.0,1.0,0.0,6.0,13.0,1,1,3
d8cf3160-8108-4915-8dd3-040839f8b591,Split,18.0,4.0,5.0,11.0,Silver,1.0,281.824,3.0,0.0,1.0,10.0,4.0,0,1,3
5fa16703-c503-48a1-b0d7-270025181aef,Summit,19.0,7.0,10.0,7.0,Silver,1.0,260.278,1.0,2.0,2.0,13.0,5.0,0,1,3
e0e61677-8be9-4c20-8f24-465d398ce54b,Ascent,18.0,1.0,16.0,10.0,Silver,1.0,262.5,3.0,1.0,0.0,5.0,13.0,1,1,3
f18d45ab-3aee-4834-8f6b-bbd21fb00e46,Lotus,15.0,8.0,16.0,7.0,Silver,1.0,238.381,0.0,3.0,0.0,8.0,13.0,1,1,3
dc0b7fb5-4cfc-43fe-abaf-7469a4093c50,Split,16.0,2.0,14.0,4.0,Silver,1.0,230.895,0.0,0.0,0.0,6.0,13.0,0,1,3
7dd0863d-2517-4c35-ba01-aee4eaeb1c68,Haven,18.0,4.0,13.0,6.0,Silver,1.0,236.522,1.0,0.0,0.0,10.0,13.0,0,1,3
aa88cee3-e0e7-4b28-af00-7b80fe0b0aa6,Breeze,14.0,2.0,7.0,7.0,Silver,1.0,208.438,2.0,0.0,1.0,13.0,3.0,0,1,3
bb31ea91-49b8-4e83-a06d-e1fc3c8e7dc3,Summit,11.0,8.0,9.0,8.0,Silver,1.0,179.222,0.0,1.0,1.0,13.0,5.0,1,1,3
652cbf25-d25a-4579-ae33-754c093c792d,Haven,16.0,6.0,12.0,6.0,Silver,1.0,213.5,0.0,0.0,2.0,13.0,7.0,1,1,3
c5e99678-abe5-4eca-a3e5-521f31fc696e,Ascent,13.0,10.0,13.0,5.0,Silver,1.0,200.478,3.0,0.0,3.0,13.0,10.0,0,1,3
7fd417e8-3550-4258-854a-a8d0d1bdfc00,Summit,24.0,12.0,20.0,9.0,Silver,1.0,236.2,3.0,0.0,0.0,15.0,15.0,0,0,4
8532867c-44f4-42af-a1a3-1bf90a0be3b9,Haven,18.0,2.0,14.0,3.0,Silver,1.0,181.667,0.0,2.0,1.0,13.0,11.0,0,0,4
923d8955-3e51-4b02-ab85-53cbf181c40f,Lotus,6.0,4.0,14.0,2.0,Silver,1.0,105.722,1.0,2.0,2.0,13.0,5.0,0,0,4
1c9c9d4c-421b-4f90-9a02-3549d24949e2,Lotus,2.0,1.0,4.0,1.0,Silver,1.0,33.0,0.0,1.0,3.0,5.0,2.0,1,0,4
542db51c-f43b-4402-8e8a-501f1446d3ce,Sunset,10.0,4.0,6.0,9.0,Silver,2.0,175.444,2.0,1.0,1.0,13.0,5.0,0,0,4
a08e8e1e-41a3-4c52-88e3-470b99ad6940,Breeze,10.0,7.0,20.0,4.0,Silver,2.0,121.958,0.0,2.0,0.0,11.0,13.0,1,0,4
3f9e80ca-9d1b-4460-8d9e-a26a56d9a72a,Split,15.0,5.0,14.0,6.0,Silver,2.0,199.15,1.0,1.0,0.0,7.0,13.0,0,0,4
62dfce4d-0271-42f7-92c1-aa6fa96bffba,Ascent,21.0,5.0,12.0,18.0,Silver,2.0,266.7,1.0,1.0,1.0,13.0,7.0,0,0,4
53d5ac1f-3cc8-4861-91bb-65028d17e209,Lotus,23.0,9.0,15.0,14.0,Silver,2.0,275.0,4.0,2.0,2.0,13.0,11.0,1,0,4
e7dde3d5-b598-416c-ad92-c9e5bb0ddb96,Summit,26.0,9.0,14.0,4.0,Silver,2.0,286.87,3.0,0.0,3.0,13.0,10.0,1,0,4
06f5ce41-b4ca-450e-9106-8787e4bf9407,Lotus,12.0,9.0,15.0,5.0,Silver,2.0,177.0,1.0,2.0,0.0,9.0,13.0,1,0,4
68b38178-899e-4c68-ac98-d8ee0157fe8c,Haven,8.0,3.0,7.0,4.0,Silver,2.0,127.824,1.0,2.0,1.0,13.0,4.0,0,0,4
07a9e9f6-c12c-49e1-9433-2e293ad7d133,Split,18.0,4.0,14.0,6.0,Silver,2.0,193.043,2.0,1.0,2.0,13.0,10.0,0,0,4
6ee97907-9331-4e08-abe0-cbc23317412d,Lotus,13.0,9.0,9.0,3.0,Silver,2.0,225.824,2.0,0.0,3.0,13.0,4.0,1,0,4
e634dce4-5b44-4e62-8286-fb9763f6335b,Haven,5.0,1.0,10.0,2.0,Silver,2.0,109.333,1.0,3.0,0.0,2.0,10.0,1,0,4
dcf330f7-87e4-4d67-ab31-a5be28575a0a,Breeze,13.0,4.0,16.0,5.0,Silver,2.0,161.091,0.0,5.0,0.0,9.0,13.0,0,0,4
f227d49c-27b1-4ff1-89aa-a6e878739abd,Summit,16.0,6.0,17.0,9.0,Silver,2.0,184.125,1.0,2.0,0.0,11.0,13.0,0,0,4
28358204-6aea-4fce-b77f-81265e094f0b,Ascent,9.0,0.0,4.0,2.0,Silver,2.0,164.133,2.0,1.0,1.0,13.0,2.0,0,0,4
520ca692-2518-4bbd-919a-9bd2e591e2a0,Lotus,26.0,4.0,20.0,6.0,Silver,2.0,260.643,6.0,5.0,1.0,14.0,14.0,1,0,4
0976eeee-c6b1-4a4c-83ca-e709d263f718,Summit,18.0,2.0,15.0,4.0,Silver,2.0,260.55,1.0,0.0,0.0,7.0,13.0,0,0,4
9d360792-bc86-44d0-ab9b-04d1ea3fc3ce,Split,13.0,7.0,15.0,10.0,Silver,2.0,169.0,3.0,3.0,1.0,13.0,11.0,1,0,4
58d11bf5-54e3-4ac2-a42b-f031964dbd0d,Lotus,12.0,5.0,14.0,1.0,Silver,2.0,211.368,3.0,1.0,0.0,6.0,13.0,0,0,4
bdbc396e-4e1c-443d-9537-ff1dd90b1577,Split,13.0,3.0,13.0,5.0,Silver,2.0,168.85,0.0,0.0,0.0,7.0,13.0,1,0,4
a5b76239-5d64-4101-adaa-565f10aaa44b,Ascent,27.0,7.0,16.0,10.0,Silver,2.0,300.333,2.0,1.0,0.0,11.0,13.0,0,0,4
0087e9ba-9cba-4990-8128-3d1e0dd62e94,Haven,11.0,9.0,15.0,5.0,Silver,2.0,138.875,1.0,5.0,1.0,13.0,11.0,0,0,4
6f76f8af-4c44-40bc-8fa1-3c24723d662c,Haven,25.0,6.0,16.0,11.0,Silver,2.0,321.609,5.0,4.0,2.0,13.0,10.0,0,1,3
01820d4c-7b9c-4036-9a30-9b8486884431,Lotus,16.0,5.0,19.0,8.0,Silver,2.0,196.652,4.0,3.0,3.0,13.0,10.0,0,1,3
085f799f-1796-4799-860f-95547f77fed9,Ascent,17.0,5.0,11.0,9.0,Silver,2.0,264.05,2.0,0.0,4.0,13.0,7.0,1,1,3
402fb01c-0099-49cc-a08a-264bc449db7f,Summit,13.0,4.0,5.0,5.0,Silver,2.0,206.333,0.0,0.0,5.0,13.0,2.0,1,1,3
1c7a167b-1869-4459-a12a-a36decf474e8,Summit,13.0,6.0,15.0,2.0,Silver,2.0,176.13,0.0,3.0,1.0,13.0,10.0,1,1,3
c325af50-0130-4b9c-a4db-89c9206a0c8f,Split,16.0,8.0,11.0,7.0,Silver,2.0,243.368,0.0,0.0,2.0,13.0,6.0,0,1,3
1ee30197-91f8-4b83-8842-e90f4ffa7d29,Sunset,15.0,5.0,20.0,5.0,Silver,2.0,174.0,0.0,5.0,0.0,12.0,14.0,0,1,3
c168ef8a-f839-46ec-8259-79170b42640c,Ascent,12.0,10.0,17.0,4.0,Silver,2.0,190.5,1.0,1.0,0.0,7.0,13.0,1,1,3
67ac9854-ff20-4818-879a-b6db827700d2,Lotus,11.0,7.0,17.0,9.0,Silver,2.0,140.333,0.0,2.0,1.0,13.0,11.0,0,0,4
7c23aa0e-e6ec-4ba3-885f-2c1797aa0e02,Ascent,14.0,3.0,18.0,4.0,Silver,2.0,200.286,2.0,2.0,0.0,8.0,13.0,0,0,4
3a2c051a-af6e-45b2-839e-ac7a06a24492,Sunset,17.0,6.0,16.0,11.0,Silver,2.0,226.667,2.0,4.0,1.0,13.0,11.0,0,0,4
2cd6a9dc-d03a-4fc8-9901-960f4a403ce4,Breeze,23.0,12.0,15.0,18.0,Silver,3.0,260.75,4.0,2.0,0.0,11.0,13.0,0,0,4
256aa744-4a5e-4ed2-83d5-64259b456db8,Sunset,13.0,7.0,14.0,2.0,Silver,3.0,185.0,1.0,1.0,0.0,7.0,13.0,1,0,4
77ea9e9d-49bd-4bf2-8e42-c01b655705d2,Lotus,23.0,14.0,11.0,10.0,Silver,3.0,289.864,2.0,1.0,1.0,13.0,9.0,1,0,4
e94ddaa3-33dc-482f-8297-52f866c499fa,Summit,17.0,15.0,11.0,11.0,Silver,3.0,258.667,1.0,2.0,2.0,13.0,5.0,1,0,4
8d54b57e-2901-4526-8337-4901ae0fcace,Breeze,12.0,11.0,7.0,7.0,Silver,2.0,206.412,0.0,1.0,3.0,13.0,4.0,1,0,4
43c87afd-d56b-4433-9705-3ee1aa18382c,Summit,5.0,7.0,15.0,4.0,Silver,3.0,101.667,0.0,2.0,0.0,8.0,13.0,1,0,4
96a6497b-7945-46cd-b853-4237b1203b49,Lotus,20.0,9.0,16.0,6.0,Silver,3.0,204.692,1.0,1.0,1.0,14.0,12.0,1,0,4
03a0adc6-2b8f-46ef-8829-0c39d2f99f96,Breeze,21.0,7.0,15.0,11.0,Silver,3.0,258.0,2.0,1.0,0.0,11.0,13.0,1,0,4
36e26f4b-5906-4d18-a2e7-7506d750d4a8,Haven,7.0,12.0,17.0,5.0,Silver,3.0,109.958,2.0,3.0,0.0,11.0,13.0,1,1,3
7c9fd423-f7de-4b27-a775-278a4fa6d8ee,Breeze,12.0,9.0,17.0,11.0,Silver,3.0,186.591,4.0,3.0,0.0,9.0,13.0,1,1,3
5185fc68-5416-4130-97e1-fc643df6ead0,Summit,7.0,20.0,17.0,8.0,Silver,3.0,134.0,0.0,1.0,0.0,8.0,13.0,1,1,3
d7fae32d-9112-4300-9a51-590cd8e03405,Split,13.0,9.0,17.0,5.0,Silver,3.0,179.571,0.0,1.0,0.0,8.0,13.0,1,1,3
ae7d1117-5944-437d-83cd-6663a29d6fb4,Split,11.0,11.0,15.0,7.0,Silver,2.0,168.5,1.0,2.0,0.0,9.0,12.0,1,0,4
9140c6fb-a57a-4146-a6e3-dbec72cdd230,Lotus,23.0,11.0,17.0,7.0,Silver,2.0,244.0,1.0,1.0,1.0,14.0,12.0,1,0,4
43d957d1-ba18-48db-b382-2295eca10283,Sunset,13.0,5.0,16.0,3.0,Silver,3.0,157.783,0.0,0.0,0.0,10.0,13.0,0,0,4
a06f125c-9549-49dd-aafc-823c09c1d2d7,Breeze,18.0,3.0,11.0,8.0,Silver,2.0,217.524,3.0,2.0,1.0,13.0,8.0,1,0,4
9d8c8086-d65b-43dd-a677-ad864ecb9ef5,Ascent,22.0,6.0,15.0,8.0,Silver,3.0,259.417,4.0,1.0,0.0,11.0,13.0,0,2,2
c47d9e4b-89f4-4cb3-8b8d-074084061e17,Breeze,15.0,7.0,6.0,5.0,Silver,3.0,268.2,1.0,0.0,1.0,13.0,2.0,1,2,2
a18a2a5b-0243-44ea-a24d-16d3e12daab2,Haven,16.0,8.0,9.0,13.0,Silver,2.0,289.889,2.0,1.0,2.0,13.0,5.0,0,2,2
da66459d-4981-4efb-ad19-da56e45359b5,Summit,12.0,5.0,11.0,5.0,Silver,2.0,161.105,2.0,2.0,3.0,13.0,6.0,1,2,2
7a8611d4-601d-4e16-adba-88b02fe7d3f6,Haven,11.0,7.0,14.0,6.0,Silver,2.0,171.667,0.0,1.0,0.0,8.0,13.0,1,0,4
0d98aac7-ac1d-49c6-b25d-08662dd35468,Summit,12.0,16.0,19.0,9.0,Silver,3.0,168.308,2.0,4.0,0.0,12.0,14.0,1,0,4
a784bf93-1491-4f12-a3b3-121fea061ed7,Ascent,9.0,7.0,16.0,3.0,Silver,2.0,156.65,1.0,4.0,0.0,7.0,13.0,1,2,2
0af8eae9-dfcd-41c0-8fa0-c76b515c3e26,Sunset,13.0,4.0,15.0,5.0,Silver,3.0,168.571,0.0,4.0,0.0,8.0,13.0,1,2,2
537c5655-7363-406a-9eac-8e7424746033,Sunset,17.0,14.0,21.0,9.0,Silver,3.0,216.857,3.0,0.0,0.0,13.0,15.0,1,1,3
2e28cd2b-064e-4fe9-bff8-e5d78fca2720,Ascent,19.0,7.0,15.0,9.0,Silver,2.0,239.957,1.0,1.0,0.0,10.0,13.0,0,0,4
cba2f00f-1dd7-4c36-9298-4fb83806f605,Summit,12.0,12.0,17.0,4.0,Silver,2.0,185.955,1.0,1.0,0.0,9.0,13.0,1,0,4
7598b598-bfa4-4777-b886-fb08cceef2a5,Summit,24.0,21.0,18.0,11.0,Silver,2.0,261.214,2.0,1.0,1.0,15.0,13.0,1,0,4
c78f721f-f3a9-4979-9ebd-ebc76c6ba988,Split,9.0,12.0,15.0,7.0,Silver,2.0,204.722,1.0,1.0,0.0,5.0,13.0,1,0,4
0c77cfd4-a8a0-4955-871f-060e7ec45b27,Haven,13.0,10.0,17.0,9.0,Silver,2.0,184.273,0.0,2.0,0.0,9.0,13.0,1,0,4
f9c8245f-a6bb-4448-90c5-4462ccd9da9f,Sunset,16.0,6.0,16.0,9.0,Silver,2.0,177.385,1.0,0.0,1.0,14.0,12.0,1,0,4
c49b8087-ea87-4252-9573-30c9d7a01357,Split,16.0,11.0,8.0,12.0,Silver,2.0,247.722,1.0,1.0,2.0,13.0,5.0,1,0,4
2ca64cd1-7d98-434b-adcc-297eb0ec0bbf,Summit,19.0,15.0,23.0,5.0,Silver,2.0,208.733,2.0,5.0,0.0,15.0,15.0,1,0,4
4a1d9c68-1e1b-4a06-a033-783168355587,Ascent,10.0,6.0,16.0,5.0,Silver,2.0,160.818,1.0,2.0,0.0,9.0,13.0,1,0,4
cb3b094a-21cb-4312-bd2b-6f113700d17e,Haven,19.0,15.0,12.0,12.0,Silver,2.0,274.0,0.0,1.0,1.0,13.0,8.0,1,0,4
0068a7a6-e080-4ee6-90fb-3e601d00776f,Lotus,6.0,1.0,15.0,4.0,Silver,2.0,115.882,1.0,4.0,0.0,4.0,13.0,1,0,4
c7a446e8-ea2d-4567-97b6-32c66e708f59,Split,23.0,17.0,16.0,5.0,Silver,2.0,228.5,0.0,0.0,1.0,15.0,13.0,1,0,4
162b099c-3312-41ad-8e4b-d8421962d206,Haven,16.0,13.0,16.0,6.0,Silver,2.0,232.5,1.0,1.0,0.0,9.0,13.0,1,0,4
4d52a2fc-b790-417b-93f0-a3288f16b384,Ascent,12.0,16.0,11.0,10.0,Silver,2.0,183.45,1.0,2.0,1.0,13.0,7.0,1,0,4
1c668a73-6c0d-45b1-a3c9-8f0c09169fa5,Haven,12.0,4.0,17.0,9.0,Silver,2.0,181.2,0.0,3.0,0.0,7.0,13.0,0,1,3
f83259f5-dcab-42d7-a478-4af64103da98,Lotus,14.0,13.0,12.0,7.0,Silver,2.0,240.278,1.0,1.0,1.0,13.0,5.0,1,1,3
33076610-483d-40de-a15e-fb4408cfbbde,Summit,21.0,8.0,19.0,14.0,Silver,2.0,215.654,3.0,1.0,0.0,12.0,14.0,0,1,3
c865db3f-db64-4d9d-8cc2-f1fea80a4f3d,Sunset,10.0,9.0,18.0,6.0,Silver,3.0,115.077,0.0,2.0,0.0,12.0,14.0,1,1,3
72aa861e-ccfa-4c2c-bc22-d4d19993b27b,Ascent,21.0,11.0,12.0,6.0,Silver,3.0,258.591,0.0,0.0,1.0,13.0,9.0,1,1,3
1ed2559a-c9b5-465a-9523-a9f8b59f4d63,Lotus,16.0,14.0,11.0,5.0,Silver,2.0,215.9,1.0,0.0,2.0,13.0,7.0,1,0,4
bc99abd1-c7e2-484a-be85-93975c05bf99,Summit,13.0,11.0,16.0,8.0,Silver,2.0,177.208,3.0,2.0,3.0,13.0,11.0,0,0,4
c2e438b5-5399-4e86-9431-e3b77f379f08,Breeze,11.0,7.0,14.0,5.0,Silver,3.0,194.824,0.0,0.0,0.0,4.0,13.0,1,0,4
0d63bf07-ea4c-40d0-8087-a117652662ed,Sunset,18.0,8.0,15.0,8.0,Silver,2.0,213.217,2.0,0.0,0.0,10.0,13.0,1,1,3
bd48a480-44bc-4581-af2a-b07d05268259,Split,16.0,10.0,19.0,12.0,Silver,2.0,224.917,2.0,0.0,1.0,13.0,11.0,1,0,4
59b21a07-43e4-4ad1-9b21-557498634a63,Ascent,11.0,2.0,22.0,3.0,Silver,3.0,161.478,1.0,0.0,0.0,10.0,13.0,0,0,4
48e30fe7-f159-4264-9cd1-2e510ace1c7a,Ascent,22.0,10.0,16.0,10.0,Silver,2.0,296.455,3.0,0.0,0.0,9.0,13.0,1,0,4
1cc6079a-cae3-4bd9-a9da-0fd32ca25264,Sunset,16.0,10.0,7.0,4.0,Silver,2.0,275.5,1.0,2.0,1.0,13.0,3.0,1,0,4
286a66d9-bdca-4c17-a0e8-35768c4d6f3b,Summit,13.0,17.0,17.0,7.0,Silver,2.0,185.375,0.0,0.0,1.0,13.0,11.0,1,0,4
abb48a04-6ddd-4c16-8b59-2bc92fd1c16b,Ascent,16.0,7.0,13.0,8.0,Silver,3.0,194.391,0.0,1.0,1.0,13.0,10.0,0,0,4
53eb1596-7146-4e5e-871c-1e8585f60310,Lotus,12.0,4.0,12.0,4.0,Silver,3.0,193.632,1.0,1.0,2.0,13.0,6.0,1,0,4
36e51e88-0c07-43bf-bfc8-140f60059f32,Summit,22.0,9.0,20.0,12.0,Silver,3.0,204.367,2.0,1.0,2.0,15.0,15.0,1,0,4
42c0038f-9d8d-4626-912e-370e94d76ae8,Ascent,11.0,9.0,12.0,10.0,Silver,3.0,170.3,0.0,0.0,1.0,13.0,7.0,0,0,4
12c1381d-57ff-43f1-8cb4-243068f67caa,Breeze,25.0,7.0,11.0,10.0,Silver,3.0,451.188,3.0,0.0,0.0,3.0,13.0,1,0,4
8fbe898b-9e95-430f-9da1-62eeae6bdb17,Haven,10.0,2.0,10.0,7.0,Silver,3.0,143.35,2.0,1.0,1.0,13.0,7.0,0,0,4
1daa0fd4-3f19-4e4c-99d0-68852db35adf,Ascent,22.0,11.0,19.0,9.0,Silver,3.0,228.654,0.0,2.0,0.0,12.0,14.0,0,0,4
a39aa6e7-8513-452f-b32c-fd2e54e1edfd,Lotus,15.0,16.0,16.0,7.0,Silver,3.0,209.667,4.0,2.0,0.0,11.0,13.0,1,0,4
c9eee281-b85e-4fab-a529-9360ced8a75e,Haven,11.0,8.0,17.0,3.0,Silver,3.0,133.423,2.0,0.0,1.0,14.0,12.0,1,0,4
8b7eee3f-2b2c-450c-bab2-ba327b884671,Sunset,13.0,10.0,17.0,5.0,Silver,3.0,163.154,2.0,4.0,1.0,14.0,12.0,1,0,4
c48d4f2b-2274-4127-b481-a7316732ce04,Sunset,11.0,6.0,14.0,3.0,Silver,3.0,162.7,3.0,1.0,1.0,13.0,7.0,1,0,4
f8e84c96-722a-47ed-ab81-ddb503a67729,Lotus,15.0,19.0,18.0,7.0,Silver,3.0,149.667,0.0,1.0,1.0,16.0,14.0,1,0,4
54b55285-1ec8-46b1-92c6-07a1318efab4,Lotus,21.0,11.0,20.0,13.0,Gold,1.0,229.393,3.0,5.0,1.0,15.0,13.0,1,0,4
244aa837-f90a-4695-820f-9df2326e13ce,Breeze,17.0,6.0,17.0,8.0,Gold,1.0,203.909,3.0,2.0,0.0,9.0,13.0,1,0,4
42a1e515-a30f-4757-9dad-7d6c5fc5fd24,Split,11.0,3.0,7.0,5.0,Gold,1.0,175.071,0.0,1.0,1.0,12.0,1.0,1,0,4
5cb8f3f3-9077-4b3b-863a-c433a4abf660,Haven,16.0,16.0,14.0,9.0,Gold,1.0,192.391,1.0,2.0,0.0,10.0,13.0,1,0,4
e8ac2687-225b-4447-9810-1d008c34d9af,Split,15.0,9.0,11.0,6.0,Gold,1.0,197.682,3.0,0.0,1.0,13.0,9.0,1,0,4
88916702-f07b-4892-9ad9-89f60dacec29,Lotus,17.0,12.0,17.0,7.0,Gold,1.0,261.391,1.0,2.0,0.0,10.0,13.0,0,0,4
ca4f81ad-8178-47a3-a366-c6beebeeb342,Ascent,12.0,6.0,15.0,5.0,Gold,1.0,172.652,0.0,2.0,0.0,10.0,13.0,0,0,4
88197889-0065-431f-93a2-3a159f3e470a,Lotus,14.0,4.0,13.0,3.0,Gold,1.0,179.048,2.0,3.0,1.0,13.0,8.0,1,0,4
136f1842-716b-49c6-8b10-d9ce88fa69e5,Sunset,10.0,12.0,19.0,4.0,Gold,1.0,150.125,1.0,3.0,0.0,11.0,13.0,1,0,4
b24815a9-2a1b-4376-b0e9-eb8bd4ea6611,Summit,12.0,13.0,5.0,5.0,Gold,1.0,206.733,1.0,2.0,1.0,13.0,2.0,1,0,4
af84a0ba-13b6-41b3-9c83-6342ccf4f71f,Split,12.0,10.0,21.0,9.0,Gold,1.0,119.607,2.0,4.0,0.0,14.0,14.0,1,0,4
4abffa95-0193-48dc-b23d-7478ed69b91e,Summit,13.0,11.0,9.0,6.0,Gold,1.0,217.944,4.0,1.0,1.0,13.0,5.0,1,0,4
3dbda231-abee-4f17-aa26-e83c25b8aabd,Sunset,10.0,12.0,14.0,6.0,Gold,1.0,141.957,0.0,0.0,0.0,10.0,13.0,1,0,4
c5c4aaf9-5fe8-45cc-b041-d18c2c568a43,Summit,9.0,17.0,20.0,7.0,Gold,1.0,148.885,1.0,2.0,0.0,12.0,14.0,1,1,3
60227b2e-cc0f-4e56-8a9c-14da2e5ac911,Haven,10.0,4.0,15.0,2.0,Gold,1.0,139.2,1.0,2.0,0.0,7.0,13.0,0,1,3
3d366a56-b964-4e82-97d2-2a355cca701d,Breeze,19.0,1.0,10.0,8.0,Gold,1.0,270.905,3.0,0.0,1.0,13.0,8.0,0,1,3
f0968928-ce85-4048-baae-8593f91f2c7b,Lotus,17.0,5.0,11.0,4.0,Gold,1.0,206.043,2.0,2.0,2.0,13.0,10.0,0,1,3
c5fb9e90-09d3-4417-ad35-87378597dc3a,Sunset,10.0,13.0,13.0,4.0,Gold,1.0,171.625,0.0,1.0,0.0,3.0,13.0,1,0,4
1cb327d3-7af9-463b-8af0-d24da06c0ea8,Sunset,15.0,4.0,12.0,6.0,Gold,1.0,193.045,2.0,2.0,1.0,13.0,9.0,1,1,3
1714fcea-0cac-4404-9325-e498aa85d490,Summit,23.0,5.0,11.0,11.0,Gold,1.0,266.75,3.0,1.0,2.0,13.0,11.0,1,1,3
ce0355ab-46d9-4446-bd4f-ac28e64ffad7,Ascent,14.0,5.0,15.0,13.0,Gold,1.0,227.7,1.0,1.0,0.0,7.0,13.0,0,1,3
c1678081-05ba-4636-99f2-91dbddce138a,Ascent,29.0,5.0,18.0,13.0,Gold,2.0,261.067,1.0,3.0,0.0,15.0,15.0,0,4,0
675b7bbd-5041-4f67-90f3-cd4df5f6e53d,Split,8.0,7.0,15.0,4.0,Gold,2.0,131.75,0.0,2.0,1.0,13.0,7.0,0,4,0
28cf60bb-c80a-4c9e-9d94-78450508ad54,Summit,20.0,7.0,16.0,5.0,Gold,2.0,235.542,3.0,3.0,0.0,11.0,13.0,1,4,0
24f1dc8e-915d-461e-9f9f-2c722567a560,Lotus,19.0,16.0,12.0,15.0,Gold,1.0,286.1,1.0,1.0,1.0,13.0,7.0,1,4,0
c8dc358d-acc0-44c6-8a90-e63ce7451ee3,Haven,4.0,3.0,2.0,1.0,Gold,1.0,86.231,0.0,1.0,2.0,6.0,0.0,1,3,1
20e2ed77-5e35-4750-acea-8464159bebd8,Sunset,16.0,14.0,18.0,7.0,Gold,2.0,202.857,4.0,2.0,1.0,15.0,13.0,1,1,3
ea7e0e87-c0f4-4af9-83d5-fbdd249021bb,Lotus,17.0,3.0,11.0,7.0,Gold,2.0,218.0,3.0,2.0,1.0,13.0,8.0,1,1,3
cefe80a4-2a37-4ae6-a640-3b9ed2fbc817,Lotus,11.0,4.0,16.0,1.0,Gold,2.0,194.4,5.0,1.0,0.0,7.0,13.0,1,1,3
bab8c8f5-1998-4edb-ac8d-596b75239bfd,Haven,10.0,6.0,16.0,6.0,Gold,2.0,147.45,0.0,2.0,0.0,7.0,13.0,0,1,3
6757a439-95b4-4a7c-bdcf-627efea5881b,Breeze,15.0,4.0,16.0,7.0,Gold,2.0,176.875,3.0,0.0,1.0,13.0,11.0,0,1,3
e9cb9725-2009-4733-a074-1c97abda5f26,Summit,17.0,0.0,12.0,4.0,Gold,2.0,239.722,0.0,1.0,0.0,5.0,13.0,0,1,3
14e162ff-09bf-4b85-b650-ab94541cf5c6,Ascent,8.0,6.0,9.0,2.0,Gold,2.0,141.667,0.0,1.0,1.0,13.0,5.0,0,1,3
a977a5b0-9621-4eaa-8ec9-5f28f6b36738,Ascent,8.0,2.0,12.0,10.0,Gold,2.0,166.5,0.0,0.0,0.0,3.0,13.0,0,1,3
705ad756-a173-461f-9be4-8c1a25b7cbd6,Summit,8.0,3.0,8.0,3.0,Gold,2.0,137.941,2.0,1.0,1.0,13.0,4.0,0,1,3
1d858a07-ba89-4e1a-89c2-2398a94a1fbf,Split,2.0,2.0,14.0,3.0,Gold,2.0,58.125,0.0,1.0,0.0,3.0,13.0,0,2,2
ea378aeb-d5a5-4b99-9627-bdc61737b8b2,Lotus,12.0,13.0,17.0,7.0,Gold,2.0,142.857,0.0,1.0,1.0,15.0,13.0,0,2,2
0646efb6-5ced-4757-8a75-b4b5b99e3ab3,Ascent,13.0,5.0,13.0,8.0,Gold,1.0,191.455,2.0,0.0,1.0,13.0,9.0,1,1,3
c470153a-905e-4382-9742-06fed4221123,Ascent,19.0,5.0,17.0,12.0,Gold,1.0,213.885,1.0,0.0,2.0,14.0,12.0,1,1,3
451160a2-9201-4c41-bfec-caedc171ef40,Breeze,13.0,1.0,14.0,5.0,Gold,2.0,152.682,0.0,2.0,0.0,9.0,13.0,0,1,3
8de276fd-5274-4461-8852-0d98870a8e5e,Ascent,17.0,4.0,11.0,2.0,Gold,1.0,211.833,4.0,2.0,0.0,11.0,13.0,1,2,2
e4aa044d-b0a4-4062-918a-db2b970cdb83,Sunset,24.0,5.0,16.0,9.0,Gold,2.0,293.391,2.0,2.0,0.0,10.0,13.0,0,2,2
79d7485e-9072-4054-81e1-d176e1bf3084,Summit,14.0,1.0,13.0,3.0,Gold,2.0,237.316,3.0,2.0,0.0,6.0,13.0,0,1,3
3c5352f3-f63e-49c8-8db1-fd29a6b1cb12,Split,19.0,7.0,14.0,13.0,Gold,2.0,203.179,3.0,1.0,0.0,14.0,14.0,0,1,3
74ff637f-3e6e-43b3-8397-6031e61d575e,Summit,19.0,2.0,12.0,7.0,Gold,2.0,280.737,4.0,1.0,0.0,6.0,13.0,1,2,2
0c9be501-50d3-4365-b5b8-388b9a5a158b,Split,10.0,3.0,11.0,7.0,Gold,2.0,134.227,1.0,0.0,1.0,13.0,9.0,0,2,2
d17f7e0c-460d-4ce6-bb8e-e2c1372cf2b8,Summit,20.0,2.0,12.0,5.0,Gold,1.0,221.13,2.0,1.0,2.0,13.0,10.0,1,2,2
f2be6b6d-12d4-420f-ae4e-6efc6d4e75e2,Ascent,18.0,11.0,14.0,9.0,Gold,1.0,200.565,0.0,1.0,3.0,13.0,10.0,1,1,3
c7dccfb7-54b4-40fa-8d65-f8639324f4da,Summit,22.0,1.0,20.0,7.0,Gold,2.0,213.769,1.0,5.0,0.0,12.0,14.0,1,2,2
591c9fd3-dee9-463c-a262-065782b9734a,Split,10.0,8.0,14.0,6.0,Gold,2.0,216.071,0.0,2.0,0.0,1.0,13.0,0,2,2
e4016055-442a-4e06-b05d-5df630de9b08,Summit,17.0,12.0,13.0,9.0,Gold,2.0,196.375,1.0,2.0,1.0,13.0,11.0,0,2,2
d2e2c143-fe5b-4dd5-97a5-dd15e6f300dc,Sunset,23.0,2.0,13.0,12.0,Gold,1.0,262.5,2.0,1.0,2.0,13.0,9.0,1,2,2
cfdc77c6-c0ae-4d44-b8d7-d7f223126249,Ascent,14.0,3.0,14.0,7.0,Gold,2.0,235.947,2.0,3.0,0.0,6.0,13.0,0,1,3
662f73ad-7df6-42c9-b9d9-3f068b7c65ae,Breeze,4.0,2.0,14.0,1.0,Gold,2.0,103.333,1.0,1.0,0.0,2.0,13.0,0,2,2
4754a62d-6a53-4cfb-a5e3-c342c491dc78,Lotus,18.0,5.0,14.0,4.0,Gold,2.0,237.826,5.0,3.0,0.0,10.0,13.0,1,2,2
56b263be-e5d5-4203-b3a9-6cb386f62ac2,Haven,13.0,6.0,18.0,7.0,Gold,2.0,152.077,1.0,1.0,0.0,12.0,14.0,0,2,2
fa5fd6c6-57ec-452b-a3ff-9b4df2154859,Breeze,19.0,10.0,5.0,4.0,Gold,2.0,246.824,1.0,0.0,1.0,13.0,4.0,0,1,3
a2ac4784-2d77-46cb-953c-5874762d4a49,Ascent,16.0,6.0,15.0,8.0,Gold,2.0,218.409,1.0,0.0,0.0,9.0,13.0,1,1,3
4bd86bd6-695d-4af3-9699-c059a9056c0b,Split,9.0,7.0,8.0,4.0,Gold,1.0,151.125,1.0,2.0,1.0,13.0,3.0,0,1,3
2545f2e0-44c1-4a72-9d54-5ab1c2571a5b,Ascent,12.0,12.0,13.0,6.0,Gold,1.0,216.895,4.0,1.0,1.0,13.0,6.0,1,2,2
285f0f29-8ec5-4801-934c-821d00593a8a,Ascent,6.0,13.0,17.0,5.0,Gold,1.0,103.609,0.0,0.0,0.0,10.0,13.0,0,2,2
ba7275a2-538e-4b6b-897e-d70b0493e459,Split,14.0,8.0,7.0,7.0,Gold,1.0,196.444,2.0,2.0,1.0,13.0,5.0,0,2,2
c14d29ff-4000-46b5-a23f-d064e30c94ee,Haven,10.0,0.0,15.0,4.0,Gold,1.0,164.278,1.0,0.0,0.0,5.0,13.0,1,2,2
0b69d7e2-8310-4a57-bac6-fe4f5ea16b85,Ascent,12.0,7.0,12.0,4.0,Gold,1.0,205.222,2.0,1.0,0.0,5.0,13.0,0,2,2
8c7c7855-354a-482e-8146-d4fc370bc2e2,Split,18.0,18.0,21.0,3.0,Gold,1.0,203.036,3.0,1.0,0.0,13.0,15.0,1,2,2
410f522f-5c02-4ae9-ad49-be53fadc650c,Sunset,15.0,4.0,8.0,8.0,Gold,1.0,188.571,3.0,3.0,1.0,13.0,8.0,0,2,2
7b8e493b-2937-4802-a479-ef306e1818d3,Abyss,10.0,6.0,16.0,3.0,Gold,1.0,116.0,2.0,1.0,0.0,11.0,13.0,1,1,3
fecbb7cb-37c3-41d3-94e9-d6408cd60223,Lotus,19.0,1.0,13.0,7.0,Unrated,,216.952,1.0,1.0,0.0,8.0,13.0,1,1,3
8275f7d2-e04d-4041-9987-5d41dcfbc78d,Split,24.0,16.0,14.0,10.0,Gold,1.0,315.826,2.0,1.0,1.0,13.0,10.0,0,2,2
ee3b7d0c-c729-4740-b2d7-301d4c60f1bd,Summit,12.0,4.0,14.0,2.0,Gold,1.0,153.591,1.0,2.0,2.0,13.0,9.0,1,2,2
a4bfacb4-59dc-460c-88d1-f9a9e9b66f9e,Split,12.0,11.0,20.0,5.0,Gold,1.0,181.542,1.0,2.0,0.0,11.0,13.0,0,1,3
8b817840-17fa-4868-9a05-4dcebb9f1abc,Haven,16.0,5.0,15.0,10.0,Gold,1.0,188.522,3.0,4.0,1.0,13.0,10.0,0,1,3
18dcd829-d2a3-4982-b0fd-6ec35c97f611,Abyss,16.0,4.0,15.0,6.0,Gold,1.0,199.273,3.0,3.0,2.0,13.0,9.0,0,1,3
ed47d638-fdf9-4415-a61b-c305fb2e46d6,Sunset,17.0,14.0,12.0,4.0,Gold,1.0,190.75,0.0,0.0,1.0,13.0,11.0,1,1,3
efaa0c7f-02e0-41e8-a31f-b775fc880df8,Summit,12.0,15.0,12.0,4.0,Gold,1.0,182.895,1.0,2.0,2.0,13.0,6.0,1,1,3
96ccd275-3bce-424d-9a38-95cbf196ba28,Haven,11.0,12.0,7.0,4.0,Gold,1.0,183.263,2.0,0.0,3.0,13.0,6.0,1,1,3
a4ae3f64-1867-4e7d-88f1-876398e64235,Split,8.0,7.0,9.0,5.0,Gold,1.0,167.125,0.0,0.0,4.0,13.0,3.0,1,1,3
65337860-0711-4d7c-98f2-c86993c4d76d,Abyss,16.0,11.0,12.0,5.0,Gold,2.0,215.609,1.0,1.0,1.0,13.0,10.0,1,2,2
2c060ab1-50ab-476d-8048-1206e2d76e07,Lotus,15.0,6.0,14.0,5.0,Gold,2.0,174.0,0.0,1.0,2.0,13.0,11.0,1,2,2
4659efab-17fb-4b15-bee7-d8c30bc68717,Ascent,16.0,10.0,8.0,3.0,Gold,2.0,220.722,1.0,0.0,3.0,13.0,5.0,1,2,2
98b5d354-0ab4-42ef-b8b4-0badfe1e9405,Abyss,9.0,4.0,15.0,3.0,Gold,2.0,152.471,1.0,1.0,0.0,4.0,13.0,1,1,3
f4e05e9c-953d-4072-89ec-6940c69afdcb,Ascent,17.0,7.0,13.0,11.0,Gold,2.0,217.739,2.0,0.0,1.0,13.0,10.0,1,1,3
95e39b75-244f-4035-9444-6eea6517d5be,Lotus,8.0,5.0,11.0,2.0,Gold,3.0,106.952,0.0,1.0,1.0,13.0,8.0,1,1,3
b3080d1b-feca-4b43-8537-593dd9702603,Abyss,13.0,4.0,12.0,2.0,Gold,3.0,183.381,3.0,1.0,2.0,13.0,8.0,0,1,3
92ccfd74-168e-40af-af15-7d252b7c8b56,Sunset,18.0,11.0,15.0,6.0,Gold,3.0,288.8,2.0,2.0,0.0,7.0,13.0,1,1,3
161b50b0-66e5-4199-a692-3a2a7736e12f,Split,18.0,3.0,14.0,11.0,Gold,3.0,305.588,0.0,0.0,0.0,4.0,13.0,1,1,3
fa15b63f-c463-41d2-b8bc-32be969567cd,Ascent,16.0,5.0,8.0,5.0,Gold,3.0,228.579,0.0,0.0,1.0,13.0,6.0,0,1,3
1856f40f-4f29-45e1-8163-a17b972ed353,Haven,20.0,5.0,9.0,6.0,Gold,3.0,277.4,0.0,0.0,1.0,13.0,7.0,0,1,3
b28a7a22-01b5-4323-9c2a-852123afd18b,Ascent,17.0,3.0,9.0,7.0,Gold,3.0,219.35,0.0,0.0,2.0,13.0,7.0,0,1,3
f8c9903d-fb6f-4834-bc04-4825780f922e,Summit,15.0,14.0,13.0,7.0,Gold,3.0,175.708,1.0,1.0,3.0,13.0,11.0,1,1,3
717394a1-64e7-4ec2-9b61-c300f23d36fa,Sunset,12.0,5.0,16.0,6.0,Gold,3.0,165.182,1.0,2.0,0.0,9.0,13.0,1,1,3
fd7dc224-df36-4cd1-b130-8c58d009de0d,Lotus,15.0,3.0,9.0,3.0,Gold,3.0,201.905,5.0,1.0,1.0,13.0,8.0,0,2,2
54c2a907-c46c-4ffb-a684-93be7d2c04f4,Abyss,17.0,4.0,15.0,9.0,Gold,3.0,227.048,1.0,0.0,0.0,8.0,13.0,0,2,2
89697cf7-2e42-4457-8938-69cc706faf53,Haven,10.0,2.0,16.0,6.0,Gold,3.0,137.286,1.0,0.0,0.0,8.0,13.0,0,2,2
ab76d54b-bd3d-44d6-abf9-d0b1652f61cd,Haven,11.0,5.0,9.0,7.0,Gold,3.0,197.562,0.0,1.0,1.0,13.0,3.0,0,2,2
36348fef-b013-4cc7-80e1-42884be0dd55,Ascent,5.0,12.0,7.0,2.0,Gold,3.0,111.867,0.0,0.0,2.0,13.0,2.0,1,2,2
72e7fcdf-7cf4-4f43-a969-a3fcf3daca19,Summit,10.0,6.0,16.0,5.0,Gold,3.0,172.429,1.0,1.0,0.0,8.0,13.0,1,1,3
bef61f03-4cf1-47ab-ae1e-b0a886fc2a84,Ascent,12.0,18.0,13.0,5.0,Gold,3.0,180.429,0.0,1.0,1.0,13.0,8.0,1,1,3
c6cb9a68-7bc5-4032-90ce-cd6153d15871,Sunset,22.0,5.0,15.0,12.0,Gold,3.0,233.652,1.0,2.0,1.0,13.0,10.0,0,1,3
1bec9176-d7aa-4f60-9201-92bc8fdad1d5,Haven,4.0,1.0,18.0,2.0,Gold,2.0,61.45,0.0,4.0,0.0,7.0,13.0,0,2,2
25d8a17a-2053-42e5-a02d-403a19ac1938,Lotus,15.0,6.0,15.0,9.0,Gold,2.0,169.522,3.0,0.0,1.0,13.0,10.0,1,2,2
9299f57f-f89b-4506-8156-f3ec52ecbe9d,Summit,9.0,3.0,15.0,2.0,Gold,2.0,131.35,1.0,5.0,2.0,13.0,7.0,0,2,2
55ef2cdb-d4fa-4377-96fd-c98fe1091f77,Lotus,22.0,4.0,17.0,10.0,Gold,2.0,248.583,3.0,1.0,0.0,11.0,13.0,1,2,2
311d6c5d-5b97-4670-97eb-1a430f5ada72,Split,20.0,7.0,16.0,9.0,Gold,3.0,266.619,1.0,2.0,0.0,8.0,13.0,1,2,2
c4202f63-0d26-43ae-9260-963ac31d391a,Sunset,25.0,4.0,10.0,8.0,Gold,2.0,308.435,3.0,4.0,1.0,13.0,10.0,0,1,3
6d688709-d588-4ef5-8d65-14ccc201bc9e,Ascent,11.0,2.0,16.0,6.0,Gold,2.0,167.278,0.0,3.0,0.0,5.0,13.0,1,1,3
79facbd5-7cf7-4791-a02b-0e574b7e723e,Sunset,13.0,10.0,15.0,6.0,Gold,2.0,153.321,1.0,1.0,1.0,15.0,13.0,1,1,3
c6fd9cd9-5a2d-477a-bbf1-d80086fcab09,Ascent,12.0,5.0,10.0,5.0,Gold,2.0,172.235,0.0,0.0,2.0,13.0,4.0,1,1,3
2ecc0c95-6e5c-421b-80a5-1aa40c07b5ca,Haven,12.0,10.0,17.0,11.0,Gold,2.0,186.083,0.0,0.0,0.0,11.0,13.0,0,1,3
1336c750-4695-48a4-8d1d-f0334ce82e08,Abyss,24.0,4.0,16.0,7.0,Gold,2.0,245.25,6.0,1.0,0.0,13.0,15.0,0,1,3
e0914200-4521-465a-8b57-9a55a1b282bd,Ascent,12.0,5.0,13.0,7.0,Gold,2.0,164.714,1.0,1.0,0.0,8.0,13.0,0,2,2
e4f0ab53-70eb-40ef-bff9-de4d814478bf,Summit,13.0,1.0,13.0,4.0,Gold,2.0,198.706,1.0,0.0,0.0,4.0,13.0,1,2,2
80b8d281-ab7c-495f-86fd-57baedf68a0b,Lotus,9.0,2.0,13.0,5.0,Gold,2.0,146.105,0.0,2.0,0.0,6.0,13.0,0,2,2
4fb6c340-0f0e-4d09-a5d5-f9aeafc00965,Split,9.0,4.0,15.0,3.0,Gold,2.0,138.476,1.0,0.0,0.0,8.0,13.0,0,2,2
5e3a6e06-6578-4d7d-ac74-ed5110f66505,Sunset,15.0,2.0,4.0,4.0,Gold,2.0,211.688,1.0,0.0,1.0,13.0,3.0,1,2,2
bce49cb6-9063-4766-bf1b-7868480cf8bf,Lotus,15.0,3.0,16.0,2.0,Gold,1.0,241.45,7.0,1.0,0.0,7.0,13.0,1,1,3
37d96356-10f6-4cf2-807b-33e53d8357f4,Sunset,17.0,5.0,17.0,9.0,Gold,2.0,207.5,1.0,1.0,0.0,11.0,13.0,0,1,3
857c140a-5e29-46c3-b887-d9554f1eb37a,Abyss,17.0,3.0,9.0,5.0,Gold,2.0,283.0,2.0,1.0,1.0,13.0,5.0,1,1,3
534f42e8-a773-4c28-a300-ea7a3d7d9b72,Abyss,15.0,2.0,7.0,1.0,Gold,1.0,195.632,1.0,2.0,2.0,13.0,6.0,1,1,3
6e191792-d53d-4fd2-b75c-1e3d4ab5d9bb,Ascent,17.0,2.0,6.0,5.0,Gold,1.0,272.118,2.0,0.0,3.0,13.0,4.0,0,1,3
ce06abe0-8fc2-4a52-bd5f-f93da53bf64e,Ascent,13.0,9.0,10.0,11.0,Gold,1.0,174.409,2.0,0.0,4.0,13.0,9.0,0,1,3
17c1c3db-36f6-4e87-95f7-bfb32caba3c6,Abyss,15.0,3.0,17.0,4.0,Gold,1.0,204.95,2.0,2.0,0.0,7.0,13.0,1,1,3
d0963ded-3ad9-4533-ad92-b5de96731e72,Haven,13.0,3.0,13.0,6.0,Gold,1.0,159.545,2.0,0.0,1.0,13.0,9.0,0,1,3
23ea3ae2-f2c3-4428-b7b4-fc8aafba18c7,Lotus,15.0,1.0,16.0,4.0,Gold,2.0,214.35,6.0,4.0,0.0,7.0,13.0,1,1,3
20118527-46df-44be-a54c-5c78b100aed4,Sunset,6.0,5.0,11.0,2.0,Gold,2.0,138.188,0.0,1.0,0.0,3.0,10.0,0,1,3
eab5bf55-505c-4cd5-9bda-874656a3671f,Sunset,11.0,14.0,13.0,7.0,Gold,1.0,143.077,0.0,1.0,1.0,14.0,12.0,0,1,3
daafda70-21d4-4b32-8e2f-8f4f1dcfc873,Haven,12.0,4.0,14.0,5.0,Gold,1.0,154.304,2.0,2.0,0.0,10.0,13.0,0,1,3
bd6079ba-fad5-43fc-8b37-477c52be2f20,Ascent,14.0,8.0,9.0,10.0,Gold,1.0,257.562,0.0,0.0,1.0,13.0,3.0,1,1,3
08a0716d-0941-4e2b-ae66-61092fb62cb7,Split,13.0,8.0,13.0,5.0,Gold,1.0,169.571,0.0,1.0,2.0,13.0,8.0,0,1,3
56485683-e336-4d72-be84-60eca222a8cd,Ascent,17.0,5.0,17.0,9.0,Gold,2.0,169.154,0.0,5.0,1.0,14.0,12.0,1,0,4
81ea9b5b-3ca2-400b-8dc1-28eea6a152aa,Summit,22.0,9.0,17.0,11.0,Gold,2.0,265.417,0.0,1.0,1.0,13.0,11.0,0,0,4
c91a108d-b180-4770-94b1-4cc111e13b90,Split,11.0,4.0,13.0,10.0,Gold,2.0,199.722,3.0,1.0,0.0,5.0,13.0,0,0,4
9bba7c3e-c4d6-411a-a98d-64cf3fa5028f,Sunset,3.0,2.0,5.0,1.0,Silver,1.0,58.875,1.0,0.0,0.0,3.0,10.0,1,0,4
28011553-e480-4321-8673-cafef814ac3e,Ascent,8.0,3.0,11.0,4.0,Silver,1.0,168.0,1.0,2.0,0.0,1.0,13.0,0,1,3
83b5ad5d-1c6b-44f7-b2b3-ff43acff89cb,Split,13.0,2.0,15.0,8.0,Silver,1.0,175.8,0.0,2.0,0.0,7.0,13.0,0,1,3
de195afb-72a7-406f-907b-f8f4a9829ba0,Abyss,19.0,4.0,15.0,7.0,Silver,1.0,215.208,2.0,3.0,1.0,13.0,11.0,0,1,3
4e615a17-d550-4817-b39c-8cf33abb205a,Abyss,18.0,7.0,18.0,6.0,Silver,1.0,223.043,2.0,2.0,0.0,10.0,13.0,0,1,3
38c499e7-7a37-4564-af95-2d5c9cbfc2b0,Haven,16.0,6.0,19.0,4.0,Silver,1.0,209.708,5.0,4.0,0.0,11.0,13.0,0,0,4
2109f622-47bc-4a52-b92f-f40387711dd4,Lotus,18.0,4.0,21.0,5.0,Silver,1.0,238.783,4.0,4.0,0.0,10.0,13.0,1,0,4
c4bd42b7-9229-414a-88ec-c14d2b967be5,Abyss,18.0,3.0,18.0,7.0,Bronze,3.0,213.038,2.0,6.0,0.0,12.0,14.0,0,0,4
9ee2a731-1cbf-4750-a74a-211be75fbdd2,Lotus,21.0,4.0,16.0,8.0,Silver,1.0,257.87,3.0,3.0,0.0,10.0,13.0,1,0,4
f2001975-8bc8-46e9-895f-7525d4c07cb0,Abyss,13.0,1.0,15.0,7.0,Bronze,3.0,235.25,1.0,3.0,0.0,3.0,13.0,0,1,3
f7e8a8a4-bfc3-4b94-a768-8e8ba42aa6ea,Sunset,16.0,7.0,18.0,6.0,Bronze,3.0,249.905,2.0,5.0,0.0,8.0,13.0,1,1,3
9d8ca551-abda-472b-a3b0-ec4f7e3ea747,Lotus,3.0,1.0,9.0,3.0,Bronze,3.0,83.385,0.0,2.0,0.0,0.0,9.0,0,1,3
24ebd08b-c4af-4648-a2cf-a1e592f9522a,Ascent,16.0,5.0,11.0,4.0,Bronze,3.0,224.444,3.0,3.0,1.0,13.0,5.0,0,1,3
a6d84bf7-8738-44ce-bf3e-a985481dcb7c,Haven,22.0,3.0,12.0,5.0,Bronze,3.0,290.05,2.0,2.0,1.0,13.0,7.0,0,1,3
c4395815-3e3b-4c77-8272-aeb30a98d875,Split,12.0,2.0,16.0,4.0,Bronze,3.0,202.235,2.0,2.0,0.0,4.0,13.0,0,1,3
95bdacc1-47e8-405a-9bd1-1d1d62f16035,Haven,15.0,4.0,15.0,8.0,Bronze,1.0,170.333,4.0,0.0,0.0,11.0,13.0,1,3,1
72974e1c-a383-4dac-a63f-5e7d4b1d4b02,Split,4.0,1.0,15.0,5.0,Bronze,1.0,75.632,0.0,2.0,0.0,6.0,13.0,1,1,3
26dfbf07-2e88-4060-b8f7-d6dc6bdf2a80,Ascent,17.0,3.0,10.0,8.0,Bronze,1.0,237.765,2.0,1.0,1.0,13.0,4.0,1,1,3
0c62a57e-5595-42c6-a755-ba2eca48162a,Haven,18.0,4.0,15.0,10.0,Bronze,1.0,206.542,3.0,1.0,2.0,13.0,11.0,1,2,2
08b6c4d0-7531-4ec0-a0a0-a4cd2148cd9e,Summit,11.0,4.0,15.0,7.0,Bronze,1.0,192.105,2.0,0.0,0.0,6.0,13.0,0,1,3
f48e0023-b884-46ab-a642-a31a413a921f,Summit,10.0,4.0,15.0,5.0,Bronze,1.0,127.0,1.0,1.0,0.0,8.0,13.0,1,1,3
c61ac094-c478-491f-a64b-3c8de20930a1,Haven,21.0,6.0,14.0,10.0,Bronze,1.0,232.958,2.0,0.0,1.0,13.0,11.0,1,1,3
ded15123-6385-4c41-a2d9-9e5c643b2801,Sunset,11.0,6.0,17.0,7.0,Bronze,1.0,122.958,2.0,0.0,0.0,11.0,13.0,0,1,3
02117eb9-5ccb-4a3a-aa0b-7bde9bb6a8c3,Lotus,14.0,1.0,13.0,10.0,Bronze,1.0,195.526,1.0,2.0,0.0,6.0,13.0,1,1,3
797cd19e-b3f4-46da-8170-6af5dad9fa70,Sunset,16.0,4.0,12.0,5.0,Bronze,1.0,195.3,3.0,3.0,1.0,13.0,7.0,1,1,3
5efcffc3-9e30-4e00-b0a9-3e02d4df0f5c,Split,14.0,4.0,13.0,9.0,Bronze,1.0,223.944,1.0,0.0,2.0,13.0,5.0,1,1,3
7e3052b6-b6dd-424d-807c-026e3cf17c5c,Haven,16.0,4.0,16.0,12.0,Bronze,1.0,197.957,0.0,1.0,0.0,10.0,13.0,0,1,3
9cd49189-5d14-4756-bdf7-ce7d78c4c692,Ascent,18.0,14.0,14.0,6.0,Bronze,1.0,255.048,0.0,1.0,0.0,8.0,13.0,0,1,3
5d03e75a-924b-42f3-b5e2-9ddc09475dc0,Ascent,5.0,0.0,7.0,2.0,Bronze,1.0,64.267,0.0,1.0,1.0,10.0,2.0,0,1,3
13244431-c70b-4a87-a1a7-51a0a640847c,Ascent,16.0,1.0,20.0,9.0,Bronze,1.0,200.652,1.0,2.0,0.0,10.0,13.0,1,1,3
b4a0e3d8-1a94-4fc8-8c19-fb627718de22,Lotus,7.0,5.0,18.0,5.0,Bronze,1.0,107.955,1.0,2.0,0.0,9.0,13.0,1,0,4
24c00abb-0846-48b0-8805-b7e41888ffd7,Split,11.0,5.0,17.0,2.0,Bronze,1.0,164.591,0.0,2.0,0.0,9.0,13.0,0,0,4
96ac2eec-7797-4dd5-b01f-02b92abd2407,Breeze,33.0,2.0,14.0,18.0,Bronze,1.0,381.13,3.0,1.0,0.0,10.0,13.0,1,0,4
5304c92c-c793-4b6d-a541-e976efc3d7e0,Haven,14.0,2.0,17.0,6.0,Bronze,1.0,171.522,1.0,2.0,0.0,10.0,13.0,1,1,3
3b6737ed-ee63-4e23-b4c5-1dedefed1974,Breeze,20.0,3.0,6.0,13.0,Iron,3.0,365.267,0.0,0.0,1.0,13.0,2.0,1,1,3
0d1e4fd1-c8cc-4d69-8e69-565524ec6691,Haven,24.0,1.0,16.0,12.0,Bronze,1.0,214.923,1.0,2.0,1.0,14.0,12.0,1,2,2
8ebf7d74-50e1-4cd7-a526-f9002015c3bb,Ascent,13.0,2.0,13.0,7.0,Bronze,1.0,169.35,1.0,0.0,0.0,7.0,13.0,0,1,3
34708ce9-363a-4d6b-9733-8dd2256940a6,Ascent,10.0,6.0,16.0,4.0,Bronze,1.0,145.2,0.0,2.0,0.0,7.0,13.0,0,1,3
f01eebb8-f30a-44a9-b2ab-98211ec18d3a,Split,12.0,2.0,12.0,6.0,Bronze,1.0,154.8,1.0,0.0,1.0,13.0,7.0,1,1,3
92f43e96-9edd-4069-8c6f-61ea4ec6809a,Breeze,20.0,7.0,18.0,10.0,Bronze,1.0,297.182,2.0,4.0,0.0,9.0,13.0,0,0,4
57165c95-3fcc-496f-9bda-9e1eababd8d3,Ascent,10.0,3.0,13.0,7.0,Bronze,1.0,161.389,1.0,2.0,0.0,5.0,13.0,1,1,3
958094d3-2c74-412e-b4b2-ebb193b3d3ba,Sunset,28.0,6.0,15.0,15.0,Bronze,1.0,308.739,3.0,0.0,0.0,10.0,13.0,1,1,3
6be066a6-9003-4db1-a1f6-7a1f87dd72d1,Summit,9.0,4.0,8.0,6.0,Bronze,1.0,146.722,0.0,1.0,1.0,10.0,5.0,0,1,3
25e77ae2-2c6f-4404-b2be-51e558000707,Lotus,24.0,2.0,11.0,16.0,Bronze,1.0,283.273,1.0,0.0,2.0,13.0,9.0,1,1,3
8261b2b0-dc68-4f2b-839c-7fac3b664694,Sunset,15.0,1.0,12.0,5.0,Bronze,1.0,199.65,1.0,0.0,1.0,13.0,7.0,1,1,3
088b809b-d1d9-451c-8586-37306ded3fdd,Ascent,15.0,3.0,16.0,12.0,Bronze,1.0,173.583,1.0,2.0,2.0,13.0,11.0,1,1,3
fb4c7cbc-a55c-497e-999b-9bfa8a09e42f,Split,11.0,2.0,18.0,9.0,Bronze,2.0,158.227,1.0,1.0,0.0,9.0,13.0,1,1,3
4437fa07-c799-4e4c-b1f2-a6a9a44f4403,Split,28.0,3.0,13.0,11.0,Bronze,2.0,319.708,1.0,0.0,1.0,13.0,11.0,1,1,3
3f9beaac-90b3-42b2-927b-f5e45796231d,Sunset,12.0,1.0,9.0,9.0,Bronze,2.0,173.176,0.0,1.0,2.0,11.0,4.0,1,1,3
8d5970e8-afc6-447d-a6ec-439179d654ab,Breeze,19.0,4.0,19.0,10.0,Bronze,2.0,233.174,0.0,0.0,0.0,10.0,13.0,1,1,3
1ae5cd39-de21-47a4-8668-b33614c838b6,Lotus,13.0,3.0,13.0,7.0,Bronze,2.0,158.476,0.0,0.0,1.0,13.0,8.0,1,1,3
6e031c13-0175-444b-8da5-584480b47089,Breeze,25.0,1.0,10.0,19.0,Bronze,2.0,342.611,1.0,0.0,2.0,13.0,5.0,1,1,3
9a743a0a-087f-416b-ac24-5daf82cf7fe0,Breeze,8.0,1.0,16.0,7.0,Bronze,2.0,152.789,0.0,1.0,0.0,6.0,13.0,0,1,3
18ec8889-c5d8-4ba5-8570-05876e63bbef,Lotus,17.0,2.0,11.0,6.0,Bronze,2.0,222.105,0.0,1.0,1.0,13.0,6.0,1,1,3
485f4202-fe1f-4cb0-bb33-c64329cd8e03,Haven,22.0,2.0,11.0,12.0,Bronze,2.0,282.45,0.0,0.0,2.0,13.0,7.0,1,1,3
6e2771aa-006c-4e96-97f2-6f92f7dbb715,Ascent,0.0,0.0,5.0,0.0,Bronze,3.0,3.0,0.0,0.0,0.0,0.0,5.0,1,1,3
e2cedcd2-f5f3-44b0-85e9-c7f7914cb0fa,Split,11.0,3.0,18.0,7.0,Bronze,3.0,158.864,0.0,1.0,0.0,9.0,13.0,0,1,3
66308632-6608-42cd-b872-139d8076a595,Lotus,16.0,5.0,15.0,10.0,Bronze,2.0,211.304,0.0,0.0,0.0,10.0,13.0,1,2,2
ed503ed8-f721-4664-be01-5bd746f557da,Breeze,9.0,4.0,13.0,3.0,Bronze,2.0,168.647,2.0,0.0,0.0,4.0,13.0,1,1,3
d5638b0c-ee30-47bb-94b8-eb2885b40fd4,Summit,16.0,3.0,15.0,8.0,Bronze,2.0,187.227,1.0,0.0,0.0,9.0,13.0,1,1,3
e9f2e26a-5252-4a00-a9a6-62a9c6947cbf,Ascent,5.0,3.0,16.0,3.0,Bronze,2.0,93.444,1.0,4.0,0.0,5.0,13.0,1,2,2
05db0b55-4882-497d-b881-1e85f2b0da8f,Summit,19.0,0.0,13.0,9.0,Bronze,2.0,186.042,1.0,0.0,1.0,13.0,11.0,1,2,2
4f9603de-8160-4a60-8b32-a5ba8097b5b0,Ascent,11.0,3.0,13.0,6.0,Bronze,2.0,123.043,0.0,0.0,0.0,10.0,13.0,0,2,2
ba6a6c39-9ab2-491d-af98-adcafb08338b,Lotus,17.0,5.0,15.0,6.0,Bronze,2.0,253.053,0.0,1.0,0.0,6.0,13.0,0,2,2
e0f861c9-76ed-4047-9c64-986229fc3e5b,Ascent,29.0,5.0,10.0,12.0,Bronze,2.0,347.524,1.0,2.0,1.0,13.0,8.0,0,2,2
aea56548-9130-4e71-b9df-c1488b42ed76,Haven,11.0,6.0,13.0,6.0,Bronze,2.0,205.556,1.0,2.0,0.0,5.0,13.0,1,1,3
573da7e9-5c14-4bae-9acb-49f9e825d996,Summit,22.0,4.0,18.0,18.0,Bronze,2.0,222.964,2.0,1.0,1.0,15.0,13.0,1,1,3
1ee38f2d-96d3-4f6c-9089-80887f600ca7,Lotus,10.0,6.0,16.0,6.0,Bronze,2.0,131.958,0.0,1.0,0.0,11.0,13.0,0,1,3
9e2ba64f-9096-4ef3-93ce-be1297b34d9f,Split,12.0,2.0,12.0,1.0,Bronze,2.0,148.826,1.0,2.0,1.0,13.0,10.0,0,1,3
07f6acbb-995e-4034-b6a3-56f545fd8d97,Summit,6.0,1.0,15.0,2.0,Bronze,2.0,105.667,1.0,0.0,0.0,5.0,13.0,1,1,3
d557ca92-22fa-4eca-a6bf-b6bba746fbb3,Breeze,7.0,5.0,11.0,3.0,Bronze,2.0,125.789,1.0,0.0,1.0,13.0,6.0,0,1,3
0c80ab0a-0c30-4306-927e-35ad46e669d5,Sunset,19.0,4.0,11.0,9.0,Bronze,2.0,220.565,0.0,1.0,2.0,13.0,10.0,1,1,3
00824977-60d0-4371-b2c4-48c96071329d,Sunset,17.0,4.0,8.0,13.0,Bronze,2.0,315.125,1.0,1.0,1.0,13.0,3.0,1,1,3
75f7bd99-f5d4-4db8-a864-f03a1170c630,Split,15.0,5.0,18.0,8.0,Bronze,2.0,169.962,1.0,3.0,2.0,14.0,12.0,1,1,3
21c7b64a-d736-48f9-a87f-2ddfa308d09d,Summit,16.0,3.0,12.0,7.0,Bronze,2.0,205.304,4.0,1.0,1.0,13.0,10.0,1,1,3
f316c76d-7c27-4e89-b47f-e0797a2cd51a,Breeze,9.0,5.0,7.0,4.0,Bronze,2.0,174.706,0.0,0.0,1.0,13.0,4.0,1,1,3
226e96be-0867-47bd-9cb3-e97baf3bd84e,Ascent,8.0,4.0,9.0,3.0,Bronze,2.0,136.765,0.0,0.0,0.0,4.0,9.0,1,1,3
b4d1c2a0-4dc0-4e98-9442-ccf390036cb2,Split,10.0,1.0,10.0,5.0,Bronze,3.0,181.312,0.0,0.0,0.0,3.0,10.0,1,1,3
4a151af2-83f2-4f7e-9c83-5503f5b61e6c,Lotus,22.0,4.0,15.0,10.0,Bronze,2.0,223.652,1.0,0.0,1.0,13.0,10.0,1,1,3
4b7920e3-5380-4ef4-b174-348dd10be693,Sunset,18.0,5.0,12.0,5.0,Bronze,2.0,211.087,1.0,0.0,2.0,13.0,10.0,1,1,3
484efd44-1c79-47eb-992c-834d7333f606,Sunset,14.0,2.0,15.0,6.0,Bronze,3.0,202.421,0.0,0.0,0.0,6.0,13.0,1,1,3
6210b480-5e2d-4f7b-b97a-18102916a6c7,Summit,24.0,7.0,14.0,8.0,Bronze,3.0,249.5,0.0,1.0,1.0,14.0,12.0,0,1,3
2fae9bc3-16bb-46f6-83eb-cff1c27bfaa3,Split,20.0,5.0,11.0,7.0,Bronze,2.0,252.286,0.0,0.0,2.0,13.0,8.0,0,1,3
af0328b4-1876-45b0-95c8-d15e0adcf8e3,Split,24.0,2.0,11.0,8.0,Bronze,3.0,243.792,0.0,1.0,0.0,11.0,13.0,0,1,3
57db0736-b11a-493f-b094-a8402e1b3d5b,Ascent,20.0,3.0,10.0,7.0,Bronze,3.0,224.524,0.0,0.0,1.0,13.0,8.0,0,1,3
2a5c72b7-cb19-4fea-a42a-be5cad121ebb,Ascent,17.0,3.0,13.0,5.0,Bronze,3.0,202.864,0.0,0.0,2.0,13.0,9.0,1,1,3
5ea860d7-9e65-4b9e-bb8f-186ed49694f6,Sunset,8.0,6.0,16.0,4.0,Bronze,3.0,119.682,0.0,0.0,0.0,9.0,13.0,0,1,3
3afa05ef-d638-4ee3-9c35-3f661271163a,Breeze,12.0,6.0,14.0,5.0,Bronze,3.0,148.435,1.0,0.0,1.0,13.0,10.0,0,1,3
647ab357-962a-4d2b-bebc-d0588e7d8b77,Ascent,9.0,1.0,11.0,6.0,Bronze,3.0,130.765,1.0,0.0,1.0,13.0,4.0,1,1,3
7b46e6a5-9db7-41c1-83e3-c9f6bbb3c40d,Summit,17.0,5.0,15.0,10.0,Bronze,3.0,227.381,2.0,2.0,2.0,13.0,8.0,1,1,3
c7633e33-57e2-43b9-8b00-747de02d9d68,Split,26.0,3.0,16.0,17.0,Bronze,3.0,285.667,2.0,1.0,0.0,11.0,13.0,1,1,3
2655b4eb-9903-435c-8ee5-11fb4dedad15,Sunset,16.0,4.0,17.0,3.0,Bronze,3.0,190.739,0.0,0.0,0.0,10.0,13.0,1,1,3
c1996e96-ca75-4c66-b138-44b476545202,Sunset,9.0,1.0,12.0,6.0,Bronze,3.0,157.0,1.0,0.0,0.0,4.0,13.0,1,2,2
b0d6037b-b73f-410f-b4b5-af9f681a6488,Lotus,26.0,4.0,15.0,21.0,Bronze,3.0,330.048,0.0,0.0,1.0,13.0,8.0,0,2,2
da78093e-3164-4813-8dac-47b57f25620a,Ascent,12.0,1.0,8.0,7.0,Bronze,3.0,189.375,0.0,0.0,1.0,13.0,3.0,1,1,3
14fcd33d-a24c-4ccc-b880-1b1370e3e67b,Lotus,10.0,1.0,13.0,5.0,Bronze,3.0,186.625,0.0,0.0,0.0,3.0,13.0,1,1,3
1698273b-8fe6-4ec8-858b-560ac05bd8a4,Ascent,25.0,6.0,22.0,10.0,Bronze,3.0,244.107,1.0,2.0,1.0,15.0,13.0,1,1,3
0f11a69c-9c8b-4f60-ae9d-4006cbffe5d6,Summit,5.0,2.0,6.0,2.0,Bronze,3.0,111.786,1.0,1.0,0.0,1.0,6.0,1,1,3
2fb8d86a-7348-4c2f-9d23-ee7ebeacdd44,Lotus,18.0,4.0,16.0,6.0,Bronze,3.0,237.217,1.0,0.0,1.0,13.0,10.0,1,1,3
c5fe7eb4-235c-49ae-a4a9-168d36a43491,Split,15.0,4.0,22.0,6.0,Bronze,3.0,163.607,0.0,2.0,0.0,13.0,15.0,0,1,3
ec0175d6-ab3d-43c5-b640-4b3c764f13f0,Split,23.0,4.0,16.0,13.0,Bronze,3.0,266.583,2.0,0.0,1.0,13.0,11.0,1,1,3
0155f61a-7058-4ddd-8a3e-04c648bfd5ea,Haven,14.0,2.0,14.0,8.0,Bronze,3.0,238.0,1.0,0.0,0.0,4.0,13.0,1,1,3
5e776ac5-f4b0-4ab4-9c90-07124bc484b6,Haven,16.0,5.0,19.0,5.0,Bronze,3.0,186.25,1.0,0.0,1.0,13.0,11.0,1,1,3
58e77664-2947-4f36-b736-df109504a34a,Breeze,21.0,3.0,15.0,8.0,Bronze,3.0,280.5,1.0,0.0,0.0,7.0,13.0,1,2,2
3cd4d199-da89-457c-917d-a6bf7b118aaf,Ascent,12.0,2.0,15.0,11.0,Bronze,3.0,215.882,1.0,0.0,0.0,4.0,13.0,1,1,3
f35d767d-11af-4238-a802-acd3715fced6,Split,10.0,5.0,10.0,6.0,Bronze,3.0,161.75,1.0,0.0,1.0,13.0,7.0,1,1,3
b1a99c2c-8f3d-4086-9d0e-11fc882e9eb9,Summit,15.0,6.0,18.0,9.0,Bronze,3.0,203.739,0.0,1.0,0.0,10.0,13.0,1,2,2
c4766668-75e8-45ff-b6da-3bdbeacf3541,Haven,11.0,4.0,16.0,5.0,Bronze,3.0,129.273,0.0,1.0,0.0,9.0,13.0,1,1,3
56618cb0-6d0b-48ee-85b6-5e544022f495,Summit,17.0,1.0,13.0,9.0,Bronze,3.0,215.857,0.0,0.0,0.0,8.0,13.0,1,1,3
405477e2-0aa2-41a9-bea8-121a0ba2402f,Haven,18.0,2.0,15.0,17.0,Bronze,3.0,246.19,3.0,3.0,1.0,13.0,8.0,1,1,3
5aaf217d-772a-4f8c-9cfe-dcada76e9c38,Lotus,25.0,1.0,10.0,19.0,Bronze,3.0,328.895,3.0,1.0,2.0,13.0,6.0,0,1,3
5c35c5e9-0a0f-46a4-b1d8-fdf67fdd48ef,Sunset,15.0,3.0,16.0,8.0,Bronze,3.0,208.35,0.0,0.0,0.0,7.0,13.0,0,1,3
57ff5ea1-381d-4a48-8574-78254840b4d4,Sunset,18.0,8.0,9.0,12.0,Bronze,3.0,241.7,1.0,0.0,1.0,13.0,7.0,0,1,3
caecc2b8-a3fa-46d7-a1a4-f342e448e663,Haven,18.0,3.0,9.0,6.0,Bronze,3.0,203.619,0.0,0.0,1.0,13.0,8.0,1,2,2
93b76086-5eda-4899-8729-61fe0dccde73,Ascent,11.0,3.0,7.0,6.0,Bronze,3.0,190.2,1.0,0.0,2.0,13.0,2.0,1,2,2
1836d8ac-0a2a-4832-a89a-58586feb4bb3,Summit,22.0,3.0,11.0,6.0,Bronze,3.0,233.318,0.0,0.0,1.0,13.0,9.0,1,2,2
7cea7779-f4ae-48b2-9624-e912f335e0ff,Lotus,20.0,2.0,21.0,15.0,Silver,1.0,211.429,4.0,0.0,0.0,14.0,14.0,1,1,3
b45a95ae-be23-4a07-875f-af4987c6345d,Ascent,24.0,1.0,15.0,10.0,Silver,1.0,293.19,1.0,0.0,0.0,8.0,13.0,1,2,2
9f289e03-fa62-4f99-a930-c63251ffb0ef,Sunset,14.0,2.0,14.0,10.0,Silver,1.0,164.333,0.0,2.0,1.0,13.0,8.0,1,2,2
08ce23b5-79f9-490f-86a3-cda4265aeed5,Lotus,9.0,2.0,15.0,6.0,Silver,1.0,146.167,0.0,0.0,0.0,5.0,13.0,1,1,3
16a52bdb-8540-4493-afdc-98231393ec86,Split,17.0,4.0,15.0,13.0,Silver,1.0,269.556,1.0,0.0,0.0,5.0,13.0,1,1,3
aa8ab26f-4952-457e-a4d8-9100784d3e15,Haven,11.0,1.0,17.0,8.0,Silver,1.0,149.818,1.0,2.0,0.0,9.0,13.0,1,1,3
9a374d00-a70b-4712-835e-3c495bec3a19,Lotus,13.0,4.0,12.0,3.0,Silver,1.0,175.65,1.0,0.0,1.0,13.0,7.0,0,1,3
627642c4-edf5-4862-9a84-619ffc9d74d1,Lotus,13.0,2.0,13.0,7.0,Silver,1.0,145.333,0.0,0.0,2.0,13.0,11.0,1,1,3
91e41ccc-0f6f-47f5-9407-39a4790a8a52,Haven,15.0,2.0,14.0,6.0,Silver,1.0,164.417,0.0,3.0,3.0,13.0,11.0,1,1,3
b6dd3352-4edf-4c93-b3ac-1f4e864109fd,Ascent,12.0,1.0,13.0,9.0,Silver,1.0,147.333,0.0,1.0,1.0,13.0,8.0,1,1,3
feeb12ec-1170-4fca-a684-dbd0151bf327,Split,15.0,4.0,9.0,9.0,Silver,1.0,210.059,0.0,0.0,2.0,13.0,4.0,0,1,3
fd1ecfec-7306-4466-b047-3c6d666b7f57,Breeze,14.0,9.0,16.0,10.0,Silver,1.0,173.708,0.0,0.0,1.0,13.0,11.0,1,1,3
4204c39c-1cf5-4aa6-9742-2ec74373a1d4,Lotus,14.0,2.0,17.0,6.0,Silver,1.0,196.952,2.0,2.0,0.0,8.0,13.0,0,1,3
b5f93190-df3a-44d3-8167-9f83a6c3aa92,Ascent,14.0,4.0,13.0,7.0,Silver,1.0,202.444,1.0,1.0,0.0,5.0,13.0,1,1,3
8b79695d-a2dd-4217-9d9a-7614dadf73d0,Sunset,12.0,1.0,22.0,7.0,Silver,1.0,128.385,2.0,1.0,0.0,12.0,14.0,0,1,3
d6a85ee2-8dcc-43b7-86c0-72e636cfe68b,Haven,23.0,3.0,16.0,14.0,Silver,1.0,257.25,1.0,0.0,1.0,13.0,11.0,0,1,3
42759a40-6146-46e7-ab14-31276cedba12,Lotus,10.0,2.0,15.0,8.0,Silver,1.0,182.684,2.0,0.0,0.0,6.0,13.0,1,1,3
17785613-1acd-4df1-aaf2-d612089b7dc5,Sunset,17.0,7.0,15.0,11.0,Silver,1.0,280.474,2.0,0.0,0.0,6.0,13.0,1,1,3
ea59b23f-a9ce-45a3-b8bd-55cb1428d009,Summit,13.0,5.0,15.0,5.0,Bronze,3.0,165.818,0.0,1.0,0.0,9.0,13.0,0,1,3
b552416d-68d7-4b30-aee5-64023426cc92,Lotus,14.0,5.0,10.0,7.0,Bronze,3.0,182.955,2.0,0.0,1.0,13.0,9.0,1,1,3
f1554c4e-33ad-4166-90cc-c5e4fcc70fa2,Ascent,19.0,3.0,15.0,9.0,Bronze,3.0,204.826,2.0,0.0,0.0,10.0,13.0,1,1,3
31c9501b-4482-4960-ba1c-ddc4b0c2e1bb,Breeze,24.0,3.0,16.0,13.0,Bronze,3.0,296.273,1.0,2.0,0.0,9.0,13.0,1,1,3
4f29a900-ebf0-435d-bba5-12c7dab13e8d,Summit,18.0,5.0,13.0,12.0,Bronze,3.0,232.571,1.0,0.0,0.0,8.0,13.0,0,1,3
c7b7d41d-2605-47e4-90fd-d469aaabfbf5,Ascent,12.0,4.0,8.0,8.0,Bronze,3.0,155.944,0.0,1.0,1.0,13.0,5.0,1,1,3
1cdd5e55-b539-4be0-9bd9-8a1d658873b8,Sunset,9.0,4.0,19.0,6.0,Bronze,3.0,130.455,0.0,2.0,0.0,9.0,13.0,0,1,3
c147b699-2715-4189-9589-ed10eee3f1a7,Ascent,0.0,1.0,5.0,1.0,Bronze,3.0,9.077,0.0,0.0,0.0,0.0,5.0,1,1,3
4ca8e499-d9ea-4696-8af7-d20049df1cad,Sunset,14.0,6.0,7.0,9.0,Bronze,3.0,275.286,0.0,0.0,1.0,13.0,1.0,1,1,3
d3fa04a2-313a-4fe1-9946-cc0c074b22d5,Ascent,9.0,4.0,14.0,10.0,Bronze,3.0,153.81,0.0,0.0,0.0,8.0,13.0,1,1,3
0ad9ec2c-4b80-4c43-9618-55ce854aa688,Split,15.0,7.0,17.0,8.0,Bronze,3.0,207.5,0.0,2.0,0.0,9.0,13.0,0,1,3
af19aa44-f7a2-4dc6-a933-271ae3baa218,Sunset,17.0,4.0,17.0,11.0,Bronze,3.0,195.292,2.0,0.0,0.0,11.0,13.0,1,1,3
814cd07c-190e-4d6d-9a6d-04bec11bdf99,Ascent,16.0,3.0,6.0,14.0,Bronze,3.0,225.667,2.0,0.0,1.0,13.0,5.0,1,1,3
fc220e92-5b64-4f26-9d2e-dd418d28684f,Summit,18.0,6.0,14.0,15.0,Bronze,3.0,227.714,0.0,1.0,0.0,8.0,13.0,0,1,3
5f157ab8-88cc-48b9-80a9-81d1de4a66a3,Breeze,5.0,4.0,13.0,6.0,Bronze,2.0,56.667,1.0,1.0,1.0,13.0,11.0,1,1,3
d2510659-2004-4522-9149-457c0415532c,Lotus,9.0,1.0,15.0,4.0,Bronze,3.0,162.588,0.0,0.0,0.0,4.0,13.0,0,1,3
783cb849-59ff-47b5-9884-9e2f059b8649,Lotus,25.0,3.0,10.0,16.0,Bronze,3.0,304.714,0.0,1.0,1.0,13.0,8.0,0,1,3
b17e29d9-ecaf-4434-adbf-58d3b172ac2c,Haven,18.0,3.0,5.0,16.0,Bronze,2.0,289.625,5.0,2.0,2.0,13.0,3.0,0,1,3
1881c06c-142f-47b2-8106-58a5b341e98c,Ascent,13.0,7.0,14.0,6.0,Bronze,3.0,130.417,0.0,0.0,1.0,13.0,11.0,0,1,3
c48fc349-cc45-434f-b7cd-3955bf9061dd,Lotus,12.0,1.0,15.0,9.0,Bronze,3.0,181.8,1.0,2.0,0.0,7.0,13.0,1,3,1
f8b03e79-2179-4339-bca9-286653d60c8d,Sunset,14.0,3.0,13.0,9.0,Bronze,3.0,279.733,1.0,0.0,0.0,2.0,13.0,0,3,1
a46b3fa0-97d7-4e72-8f11-27fa77669794,Breeze,22.0,11.0,18.0,12.0,Bronze,3.0,228.731,1.0,1.0,0.0,12.0,14.0,1,2,2
a9fffcfb-1ea3-467e-8272-0c9d33c40af9,Ascent,17.0,6.0,16.0,8.0,Bronze,3.0,154.964,0.0,0.0,0.0,14.0,14.0,1,1,3
830ba165-bdca-4917-94a4-2655c365d01f,Sunset,6.0,3.0,13.0,2.0,Bronze,3.0,172.714,2.0,1.0,0.0,1.0,13.0,0,2,2
64a113db-ffed-46c6-9f4d-5c2a6ba86f9b,Ascent,9.0,8.0,11.0,8.0,Bronze,3.0,198.133,2.0,1.0,1.0,13.0,2.0,0,2,2
c40a1ee5-960d-4a3f-87a9-b6b7ea3645b6,Split,21.0,5.0,14.0,10.0,Bronze,3.0,247.364,0.0,0.0,2.0,13.0,9.0,0,2,2
5d30e147-64a6-4778-ae03-bc17c1193417,Sunset,16.0,3.0,11.0,9.0,Bronze,3.0,217.0,3.0,0.0,1.0,13.0,8.0,0,0,4
43d8d577-26a0-4ab6-abd1-be45fccb4bd1,Haven,13.0,7.0,17.0,11.0,Bronze,3.0,156.913,2.0,0.0,0.0,10.0,13.0,1,1,3
56eb8d8e-4029-4684-9f32-26c3278e0297,Split,10.0,3.0,19.0,8.0,Bronze,3.0,137.8,1.0,0.0,0.0,7.0,13.0,1,0,4
fc96b8f1-ad4c-4bd1-89f0-ba342e7bf35f,Split,10.0,2.0,15.0,8.0,Bronze,3.0,150.684,1.0,1.0,0.0,6.0,13.0,1,0,4
786b2be6-15b8-42ad-8edf-4a8a7cf7ba35,Lotus,27.0,8.0,16.0,27.0,Bronze,3.0,367.304,2.0,1.0,0.0,10.0,13.0,0,1,3
05a6a0aa-8147-41de-a9a8-769637edc4b7,Haven,25.0,16.0,13.0,19.0,Unrated,,390.579,1.0,0.0,1.0,13.0,6.0,1,1,3
57354c97-4417-49e1-81c6-bddf0c4070bc,Summit,14.0,3.0,7.0,6.0,Bronze,3.0,242.125,1.0,0.0,1.0,13.0,3.0,1,1,3
5bfbdb2c-d9bf-4f80-9dfd-0ba7a7681dc5,Summit,19.0,2.0,16.0,16.0,Bronze,3.0,175.846,0.0,0.0,2.0,14.0,12.0,1,1,3
3477832b-065c-4c9e-a891-ea89f1ec2b8a,Split,12.0,3.0,13.0,7.0,Bronze,3.0,163.727,0.0,2.0,1.0,13.0,9.0,1,1,3
d53d3613-38aa-4db4-9d03-365efc308f04,Abyss,23.0,6.0,15.0,14.0,Bronze,3.0,294.409,1.0,1.0,0.0,9.0,13.0,0,1,3
a76665eb-dfe6-4b83-b7d3-5f1fe026c3b8,Sunset,15.0,5.0,11.0,8.0,Bronze,3.0,257.294,0.0,0.0,0.0,4.0,13.0,1,1,3
a00e0c96-b6f9-4051-9f0a-8187b3aa3adc,Split,15.0,1.0,12.0,9.0,Bronze,3.0,213.611,0.0,0.0,0.0,5.0,13.0,0,1,3
5eee4a2a-fbda-40dc-915f-eb560bc17434,Lotus,15.0,5.0,15.0,10.0,Bronze,3.0,203.9,1.0,0.0,1.0,13.0,7.0,1,1,3
e6bb815b-6e2c-442b-b578-04593ccad028,Abyss,3.0,0.0,6.0,2.0,Bronze,3.0,85.846,1.0,0.0,0.0,0.0,6.0,0,1,3
b2a7d4b0-bd60-4021-a36a-50d383c174d0,Sunset,12.0,2.0,7.0,7.0,Bronze,3.0,139.474,0.0,0.0,1.0,13.0,6.0,1,1,3
50846f21-9a0b-4bbc-bcad-15984b5fd64b,Sunset,10.0,7.0,14.0,10.0,Bronze,3.0,181.5,0.0,0.0,0.0,5.0,13.0,1,2,2
0618e0cf-68b9-45d6-812e-c1ad9c7287d4,Split,7.0,2.0,10.0,3.0,Bronze,3.0,142.429,0.0,1.0,0.0,1.0,13.0,0,2,2
3ae6a87a-0e75-4d75-a835-553e5dafe393,Haven,3.0,13.0,17.0,2.0,Bronze,3.0,58.5,0.0,1.0,0.0,11.0,13.0,0,2,2
93f1e4f8-e8f0-4f6f-a08c-0d001fe8cd1f,Summit,19.0,5.0,13.0,12.0,Bronze,3.0,272.5,3.0,1.0,1.0,13.0,7.0,1,2,2
e5ee8550-e6ae-47ee-9830-009c770183a9,Abyss,11.0,4.0,16.0,8.0,Bronze,3.0,129.125,1.0,1.0,1.0,12.0,12.0,0,3,1
abb01e6d-d200-4ca7-bffe-4fddb518c6b1,Lotus,18.0,7.0,16.0,12.0,Bronze,3.0,223.522,4.0,1.0,2.0,13.0,10.0,1,3,1
91142ad0-51cd-46b5-960c-ca3895bc2c92,Ascent,18.0,3.0,5.0,12.0,Bronze,3.0,308.067,1.0,0.0,1.0,13.0,2.0,1,2,2
9e34cc9e-b1d3-4729-9f02-4b30b59f20d3,Lotus,8.0,5.0,14.0,5.0,Bronze,3.0,106.909,0.0,1.0,1.0,13.0,9.0,0,2,2
e0969939-b3ed-4be6-b7b7-ed5f9172b8ae,Summit,14.0,6.0,17.0,11.0,Bronze,3.0,193.318,0.0,2.0,0.0,9.0,13.0,1,2,2
d275c380-837c-4792-be14-702e9c635bd3,Split,19.0,8.0,22.0,14.0,Bronze,3.0,227.038,3.0,3.0,0.0,12.0,14.0,1,3,1
59d7f4a9-0cc1-443c-b0c8-d9b486325e27,Haven,28.0,9.0,27.0,23.0,Bronze,3.0,232.353,2.0,5.0,0.0,17.0,17.0,0,0,4
74ea24f2-70df-4742-8ff9-65b8909b567d,Summit,13.0,6.0,15.0,11.0,Bronze,3.0,158.391,0.0,0.0,0.0,10.0,13.0,1,1,3
1850fa2f-b2b6-4fc7-8d5a-75da52a6d205,Sunset,22.0,4.0,14.0,15.0,Bronze,3.0,283.105,1.0,0.0,1.0,13.0,6.0,1,1,3
9b6e0b29-b002-4708-ba21-02660db4eed4,Ascent,20.0,4.0,15.0,12.0,Bronze,3.0,263.952,4.0,0.0,2.0,13.0,8.0,1,2,2
f5606e66-f985-451e-9e30-21badd59afdb,Ascent,19.0,5.0,16.0,13.0,Bronze,3.0,219.042,3.0,1.0,1.0,13.0,11.0,1,0,4
51b9c83b-61c9-4612-af83-2b9ab28d52ae,Ascent,15.0,2.0,17.0,14.0,Silver,1.0,166.87,3.0,3.0,0.0,10.0,13.0,0,1,3
3a838ba1-e5e6-4f88-9add-0a29d65e5076,Lotus,16.0,4.0,7.0,11.0,Bronze,3.0,231.722,1.0,0.0,1.0,13.0,5.0,0,0,4
37642159-205e-446a-ae98-59f6f9aa7175,Sunset,14.0,3.0,12.0,11.0,Bronze,3.0,159.636,0.0,1.0,2.0,13.0,9.0,1,1,3
20ce54b7-d696-4773-b639-9e2244e08591,Abyss,12.0,2.0,19.0,9.0,Silver,1.0,145.217,0.0,2.0,0.0,10.0,13.0,0,1,3
84e8506c-ad35-4243-83d3-34d5f3553447,Summit,16.0,6.0,11.0,16.0,Silver,1.0,252.053,0.0,1.0,1.0,13.0,6.0,1,3,1
e789bac0-b100-4eaf-b310-c18061e00c10,Abyss,10.0,1.0,17.0,5.0,Silver,1.0,131.4,1.0,1.0,0.0,7.0,13.0,1,3,1
09440408-3018-4299-ac56-bb3cd78dcb0d,Haven,17.0,7.0,16.0,14.0,Silver,1.0,179.231,1.0,0.0,1.0,14.0,12.0,0,3,1
dca5512e-1b3b-4100-ae22-a3224dcdc211,Lotus,11.0,3.0,17.0,4.0,Silver,1.0,112.818,1.0,1.0,0.0,9.0,13.0,1,1,3
53b09f14-cb04-4652-9e79-56595f0aa7a6,Summit,7.0,5.0,12.0,5.0,Silver,1.0,112.905,2.0,1.0,1.0,13.0,8.0,1,1,3
e1bd2220-c7b5-45ac-8692-7d112cae6972,Lotus,13.0,13.0,12.0,9.0,Silver,1.0,156.167,2.0,1.0,1.0,13.0,11.0,0,1,3
158bb91a-52f1-4923-95b6-c7898697dd2a,Abyss,15.0,1.0,15.0,13.0,Silver,1.0,203.556,0.0,2.0,0.0,5.0,13.0,1,1,3
01475b1b-00ba-426b-921d-99b46dbccf03,Haven,14.0,5.0,10.0,13.0,Gold,2.0,258.25,3.0,1.0,1.0,13.0,3.0,1,0,4
7df844b2-bdc5-4416-8ecb-5b9732541839,Ascent,21.0,5.0,20.0,13.0,Gold,2.0,202.214,5.0,3.0,2.0,15.0,13.0,1,0,4
60b1269c-5b83-47ac-b97c-fb8066aa3c89,Lotus,11.0,1.0,12.0,7.0,Unrated,,153.381,0.0,1.0,3.0,13.0,8.0,1,0,4
35a91eba-7a8d-45e5-843c-8c253321ab1e,Breeze,5.0,0.0,14.0,4.0,Gold,2.0,96.857,0.0,3.0,0.0,1.0,13.0,0,2,2
15092b33-aaca-4da0-8ca0-e2ebd09a71c1,Split,10.0,0.0,17.0,5.0,Gold,2.0,183.706,1.0,2.0,0.0,4.0,13.0,1,2,2
8bbb78cd-dc1f-4cdb-a290-b65f714a7539,Ascent,22.0,1.0,17.0,15.0,Gold,2.0,250.042,0.0,2.0,0.0,11.0,13.0,1,3,1
2f1da025-bd7c-4bb6-a6d8-44f9567614ab,Summit,13.0,4.0,12.0,7.0,Gold,2.0,171.158,1.0,2.0,1.0,13.0,6.0,1,3,1
5584b1c6-2af0-4291-8f13-cfc8ecbc246a,Haven,25.0,1.0,13.0,9.0,Gold,2.0,313.409,1.0,2.0,1.0,13.0,9.0,1,1,3
39c41c7f-24f9-4db9-8cfc-0a994c762b3c,Summit,15.0,5.0,20.0,10.0,Gold,2.0,150.567,1.0,7.0,2.0,16.0,14.0,1,1,3
a93d6d81-2b86-4230-a7fc-36fc4c302220,Split,13.0,6.0,10.0,4.0,Platinum,1.0,187.789,2.0,1.0,1.0,13.0,6.0,1,0,4
6a0c80c9-8ca5-48d4-9b30-da81d2367934,Sunset,25.0,2.0,21.0,11.0,Platinum,1.0,236.6,6.0,4.0,1.0,15.0,15.0,1,0,4
105314c6-3972-45a2-b789-fad08c0f5d61,Lotus,11.0,3.0,15.0,8.0,Platinum,1.0,217.533,0.0,1.0,0.0,2.0,13.0,0,0,4
fa11d466-856d-4f20-a6d8-6cabf513936a,Abyss,4.0,2.0,14.0,4.0,Platinum,1.0,106.143,1.0,1.0,0.0,1.0,13.0,0,0,4
329399cf-6b79-4934-a685-242f5d97e3c3,Ascent,11.0,5.0,20.0,5.0,Platinum,1.0,153.652,3.0,3.0,0.0,10.0,13.0,1,0,4
1a0a9db7-599d-4fb6-8121-cd635e0847c1,Summit,9.0,5.0,11.0,7.0,Platinum,1.0,160.562,0.0,2.0,1.0,13.0,3.0,0,0,4
8465f256-5f41-48d8-8f92-8498b225cbdb,Lotus,16.0,6.0,18.0,17.0,Platinum,1.0,197.25,3.0,2.0,0.0,11.0,13.0,0,0,4
b0682db4-421b-45c1-9b30-9d0acc65830a,Summit,10.0,8.0,15.0,7.0,Platinum,1.0,153.19,0.0,4.0,1.0,13.0,8.0,1,0,4
3c314d0a-8465-405a-a375-a4525aeac8a3,Ascent,20.0,4.0,15.0,20.0,Platinum,1.0,258.0,5.0,1.0,0.0,8.0,13.0,0,0,4
b78b8a82-08c5-4ed6-9aa6-8b6409cd9a58,Haven,11.0,5.0,15.0,7.0,Platinum,1.0,140.909,1.0,1.0,1.0,13.0,9.0,1,0,4
f8105e21-d5b6-45d4-a68e-ad6aff3d3ef4,Split,18.0,5.0,24.0,13.0,Platinum,1.0,204.769,4.0,2.0,0.0,12.0,14.0,1,0,4
d368370a-9ba4-47be-96ec-f118e8227562,Ascent,25.0,5.0,22.0,17.0,Platinum,1.0,225.833,2.0,2.0,0.0,14.0,16.0,0,0,4
